row_index,predicted_prob,actual_treatment,actual_visit,actual_conversion
4786,0.8509890613681932,1,0,0
5040,0.8504550308444495,1,0,0
11866,0.846469430647085,1,1,0
12122,0.8442028613810054,1,0,0
7700,0.8422338747170814,1,0,0
9718,0.8305243359758336,1,0,0
5641,0.829979333551662,1,1,0
1082,0.8273773957876872,1,0,0
11614,0.8251307749970636,0,0,0
12378,0.8242528588701582,1,1,0
5001,0.8230890238802084,1,0,0
4843,0.8223439821195659,1,0,0
5956,0.820522314241016,0,1,0
9405,0.8170286247865277,1,0,0
5073,0.8154536033437779,1,1,0
3216,0.8132627755927797,1,0,0
3013,0.8126749869313841,1,0,0
4862,0.8108705164802572,1,1,0
9351,0.8087431223334908,1,1,0
673,0.8082144376636227,1,0,0
4428,0.8082144376636227,1,1,0
6695,0.8063467467075517,1,0,0
8358,0.804426186180091,1,0,0
7293,0.8009288675983411,0,1,0
2066,0.8004136541710308,1,0,0
12077,0.7993388966728452,1,0,0
4097,0.7963182724124697,1,0,0
7124,0.795578555891064,1,0,0
157,0.795578555891064,1,1,0
5038,0.7947580885773481,0,0,0
11122,0.794271946749338,0,0,0
1676,0.7924408618084827,1,0,0
1915,0.788266506651797,0,1,0
8050,0.7880758714800224,1,0,0
12177,0.7874226704481713,0,0,0
3231,0.786323320579195,1,0,0
3959,0.7820443946020906,0,1,0
12791,0.7811702573504347,1,1,0
2948,0.778506978004646,1,1,0
10049,0.7768911578259937,0,0,0
410,0.7759930875847777,1,0,0
1946,0.7752968764593702,1,0,0
1469,0.7750329054869046,1,1,0
1156,0.7747890883928855,0,1,0
6704,0.7747890883928855,1,0,0
44,0.7747890883928855,0,1,0
4326,0.7743547878563931,1,0,0
6476,0.7741955956083347,0,0,0
11121,0.7738620112263749,0,0,0
8786,0.7730415247563691,0,0,0
2564,0.7728805721142843,0,0,0
2367,0.7717641290083677,1,0,0
11959,0.7717641290083677,1,0,0
1427,0.7717641290083677,1,0,0
10745,0.771338935197762,1,0,0
405,0.7709690024138858,1,0,0
8876,0.7688125070293405,0,0,0
11125,0.7679822933785637,1,0,0
8544,0.7665899389441556,0,0,0
7028,0.765751065733324,1,0,0
8418,0.7656260892739124,1,0,0
4108,0.7648181881310236,1,0,0
3729,0.7647983167278806,1,1,0
4885,0.7643429298433291,1,1,0
1210,0.7642035555512795,0,0,0
11188,0.7640937961087989,0,0,0
975,0.7639925247558725,0,0,0
11558,0.7634413860882241,0,0,0
9404,0.7634413860882241,1,0,0
9899,0.7626946265079119,0,0,0
5523,0.7626779810872416,1,0,0
3738,0.7624889409103447,1,0,0
4198,0.7623903354402504,0,1,0
1565,0.7620186612579022,1,1,0
10875,0.7618388966459126,1,0,0
8773,0.7615473434635557,1,0,0
7066,0.7594235086886203,0,0,0
6908,0.7591685873405168,1,0,0
9876,0.7585806703253968,1,1,0
929,0.7576977170318152,1,0,0
3428,0.7572520501942576,0,0,0
9231,0.7565812277586862,1,1,0
10915,0.7563162848116578,1,0,0
5803,0.7558974710925273,1,0,0
8920,0.7557353314307795,1,0,0
669,0.7552721565941315,1,0,0
3564,0.754896420329122,0,1,0
11065,0.754896420329122,1,0,0
8703,0.754896420329122,0,0,0
6010,0.7548100704809914,1,0,0
5221,0.7542766276178433,1,1,0
6088,0.7540853363955383,1,0,0
2022,0.7540853363955383,0,0,0
4493,0.7540344289734459,0,1,0
8220,0.7539902725998947,1,1,0
1670,0.7535801770428356,1,0,0
7463,0.7521803008749471,1,1,0
6835,0.7521803008749471,1,1,0
12697,0.7505001950255284,1,0,0
5909,0.7505001950255284,1,1,0
9435,0.7499076947639777,0,1,1
759,0.7493320182987593,0,0,0
9151,0.7490464119693959,0,0,0
1145,0.7487073835264593,0,0,0
2170,0.7478187307950135,0,0,0
8752,0.7475805972863843,1,0,0
11661,0.7470848821673663,1,1,0
8822,0.7461656232525679,0,0,0
3093,0.7454316279791353,1,0,0
6174,0.7454316279791353,1,1,0
9131,0.7451977622590296,0,0,0
10789,0.7451201393506135,1,0,0
684,0.744771368311408,0,0,0
3557,0.7442841705501022,1,1,0
7643,0.744145117761475,1,0,0
7717,0.7440829042961776,1,0,0
6518,0.7440737063467564,1,1,0
9962,0.7435488263919514,0,0,0
2957,0.7434193257382803,1,0,0
6275,0.7430442716709496,1,0,0
3022,0.7430442716709496,1,1,0
10335,0.742607601898285,1,0,0
9673,0.7425329590875072,0,0,0
1777,0.7421311502843785,1,0,0
9425,0.7402755518363837,1,0,0
11215,0.7399031652965011,0,0,0
2512,0.7397533217243684,0,0,0
2749,0.7394743954024352,1,0,0
4621,0.7392583292301698,0,1,0
116,0.7388388999047097,1,0,0
526,0.7388061227718552,1,0,0
9729,0.7385117387728479,1,1,0
12294,0.7372477263229708,0,1,0
3289,0.7372477263229708,1,0,0
11776,0.7372477263229708,1,1,0
9009,0.7357770291201616,0,0,0
5866,0.735660299144895,1,0,0
1949,0.7352516420677733,1,0,0
2631,0.7352516420677733,1,0,0
8048,0.7349289904190534,0,0,0
12798,0.7348524389556395,0,1,0
5296,0.7348524389556395,1,0,0
2771,0.7343672759080577,1,0,0
8506,0.734043731655178,1,0,0
11826,0.7337812366893924,1,1,1
5115,0.7334480964914639,1,0,0
342,0.7322323649074806,1,0,0
7719,0.7316962537414647,1,1,0
3775,0.7315168377975714,1,0,0
4386,0.7315049694948311,0,0,0
4699,0.7314708367290246,0,0,0
1018,0.7307445770744335,1,0,0
447,0.7307445770744335,1,0,0
6135,0.7306149475963496,1,0,0
11480,0.7304140765643413,0,0,0
10583,0.7302361079193348,1,0,0
886,0.7300913087932209,1,0,0
8580,0.7294023190195355,0,1,0
3521,0.7292159055056601,1,0,0
10116,0.7291974994798628,1,0,0
10351,0.7291258311379725,1,0,0
518,0.7290681353026879,0,1,0
11708,0.7289006142745382,0,0,0
3830,0.7285104863797042,1,0,0
915,0.7280922111379688,1,0,0
9766,0.7280344616039645,1,0,0
11114,0.7280344616039645,1,1,0
9976,0.7278816279311909,0,0,0
406,0.7275541808489878,1,0,0
1542,0.7274280284555749,1,0,0
9653,0.7264948505112967,1,0,0
5392,0.7264948505112967,1,0,0
5479,0.7262896700918995,1,0,0
4905,0.7262079574563072,0,1,0
6104,0.7262068927376856,0,1,0
1855,0.7258694755514232,0,0,0
7559,0.7248885797548376,1,1,0
5577,0.7248885797548376,0,0,0
4897,0.7247789052060168,1,1,0
8631,0.724551365111208,1,0,0
5881,0.7242727687108961,1,1,0
9648,0.7240487444970486,0,0,0
1651,0.723982647775336,0,0,0
12415,0.7235679398468563,1,0,0
1264,0.7234037813396678,0,0,0
12114,0.7234037813396678,1,0,0
2222,0.7230790978672964,1,0,0
2682,0.7229365871336938,1,0,0
1415,0.7228856990696895,0,0,0
1021,0.7228856990696895,1,0,0
1212,0.7226026542382248,1,0,0
2858,0.722515602388928,1,0,0
2837,0.722515602388928,0,0,0
3604,0.7224729878831933,1,0,0
7925,0.7224578971710229,1,0,0
477,0.7223837245099851,1,0,0
10465,0.7219697607410017,1,1,0
2319,0.7219697607410017,1,0,0
7266,0.721684285758123,1,1,0
1923,0.7216742984078327,0,0,0
7020,0.7216463307974219,1,0,0
1650,0.7214624396714123,1,1,1
5388,0.7210616675979571,0,0,0
8217,0.7205470144954071,0,0,0
7813,0.7205470144954071,0,0,0
966,0.7200716996471056,1,0,0
7752,0.7195882646350553,0,0,0
5531,0.7194771107044816,1,1,0
3825,0.7190320066112007,1,0,0
354,0.7190306945367051,1,0,0
11227,0.7190023586471508,0,1,0
6839,0.7189705639214237,1,0,0
11206,0.718802650854968,1,0,0
3650,0.718802650854968,1,0,0
12504,0.718802650854968,0,0,0
8725,0.7187667743584669,1,0,0
1441,0.7186699354462864,1,1,0
3450,0.7184484516212857,0,0,0
9787,0.7184484516212857,0,0,0
9941,0.7183969011141427,0,0,0
5098,0.7183225453873096,1,0,0
1632,0.7182027792638995,1,0,0
11314,0.7182027792638995,0,0,0
9274,0.7181410443259713,0,0,0
1336,0.7180032079405161,1,0,0
3255,0.7179561483488388,1,0,0
9384,0.7179561483488388,1,0,0
2692,0.7176161747535604,1,0,0
8128,0.7167712414464303,0,0,0
542,0.7166228169428707,1,1,0
12747,0.7165366459445941,1,0,0
7204,0.7164080618842611,1,1,0
2208,0.7163558588015685,1,0,0
2276,0.7160981802196913,0,0,0
11704,0.7155578270342409,0,0,0
10633,0.7155578270342409,1,1,0
7822,0.7151105889183839,0,0,0
7904,0.7146720869300858,1,0,0
12152,0.7144975707113939,1,1,0
6769,0.7142215483833508,1,0,0
12085,0.7141398715344743,1,0,0
11534,0.7141112799994603,1,0,0
11361,0.7140444387437573,1,0,0
7183,0.7137517082859305,1,0,0
2177,0.7136742958629428,0,0,0
1406,0.7136742958629428,1,0,0
1862,0.7136742958629428,0,0,0
6028,0.7136203384007613,1,0,0
6007,0.7135868508266864,0,0,0
8992,0.7135719959509303,1,0,0
10067,0.7132245159458904,1,1,0
8162,0.7132245159458904,1,0,0
948,0.7130978510211619,1,0,0
8932,0.7130395213664985,1,0,0
5941,0.7125823555644344,1,0,0
1942,0.7117907557487638,1,0,0
6231,0.7117907557487638,1,0,0
2288,0.7117834676507591,1,0,0
891,0.7117611951353903,1,1,0
12084,0.7114218236057057,1,0,0
7494,0.7114218236057057,1,0,0
8238,0.7114218236057057,1,1,0
11613,0.7113850274410795,1,0,0
313,0.7112148410217614,0,0,0
7571,0.7104897254118048,0,0,0
6868,0.710087353754369,1,0,0
9837,0.7099428206846222,1,0,0
2392,0.7097892751168527,1,1,0
4405,0.7093785691831702,1,0,0
2548,0.7091986740570115,1,1,0
10456,0.7091478942491954,1,0,0
9810,0.7091329662878538,1,0,0
5230,0.7088157895359091,1,0,0
6626,0.7087724926138914,1,1,0
11506,0.7087449709833542,1,0,0
4868,0.7086368893469802,0,0,0
7418,0.7085125387744234,1,0,0
11181,0.7084134862825006,1,1,0
3467,0.7079375030480441,1,0,0
2053,0.7079181102435931,1,0,0
8090,0.7079155421685982,1,1,0
821,0.7079155421685982,1,1,0
7682,0.7078650926557697,1,0,0
7324,0.707785484910328,0,0,0
4406,0.7076902322657889,0,0,0
2186,0.707630821447253,0,0,0
3419,0.707630821447253,1,0,0
591,0.7071138389692664,0,0,0
8247,0.7070995601354759,1,0,0
11332,0.7070536944582763,1,1,0
3606,0.7068060976364325,1,0,0
4178,0.7068060976364325,0,0,0
7260,0.7068060976364325,0,1,0
2831,0.7065168196948127,1,0,0
6547,0.7064446350070647,1,0,0
3104,0.7063013581350495,1,0,0
5164,0.7063013581350495,1,1,0
3033,0.7063013581350495,1,0,0
12205,0.706034915594023,1,0,0
5658,0.7059153400850136,1,0,0
5302,0.7058489127457648,1,0,0
9424,0.705449626569535,1,0,0
1090,0.7049487514430157,1,0,0
7994,0.7049100400047527,1,0,0
4288,0.70444189397947,1,0,0
2779,0.7043752382492405,1,0,0
11082,0.7038646907001542,1,0,0
10877,0.7038646907001542,1,0,0
4899,0.7038646907001542,1,0,0
3249,0.7037520680305855,0,1,0
7786,0.7036801271312579,1,0,0
7659,0.7033175396163702,0,0,0
12466,0.7033145738032008,0,1,0
10461,0.7032698876019252,1,0,0
3408,0.7030784335337383,0,0,0
10180,0.7029659881970731,1,0,0
11597,0.7029482876520471,1,0,0
10931,0.7029453801423621,1,0,0
5422,0.702938181870207,1,0,0
4298,0.7027871734150051,1,0,0
6837,0.702454322079366,1,0,0
10815,0.7024124430538065,0,0,0
3841,0.7021920281501376,1,0,0
5749,0.7018582206357536,0,0,0
7373,0.7018582206357536,0,0,0
11178,0.7018548655188777,0,1,0
8878,0.7018180827501354,1,0,0
10782,0.7015366165687263,0,0,0
9302,0.7008921327432853,0,0,0
8010,0.7008921327432853,0,1,0
4497,0.7008921327432853,1,0,0
6578,0.7007602899201198,1,0,0
2096,0.7006935586445807,1,0,0
6014,0.700653545070699,1,0,0
3514,0.6999836913977243,0,0,0
1089,0.6998889408078304,1,0,0
12003,0.699884988725229,1,0,0
6560,0.6997480489384242,1,1,0
5922,0.6997480489384242,0,1,0
5284,0.6997320311416851,1,1,0
5906,0.6993408511252186,1,0,0
3168,0.6991614055240265,0,0,0
5680,0.6991614055240265,1,0,0
1874,0.6990480198662516,1,0,0
12097,0.6990160989415439,1,0,0
1825,0.6989932955603607,1,0,0
8533,0.6988693095617612,0,0,0
4305,0.6988096624771107,1,0,0
2446,0.6986607165722858,1,0,0
3694,0.6986603617188052,0,0,0
8662,0.6986559733903503,1,0,0
8857,0.6985569141679892,0,0,0
9340,0.6984795147529371,0,0,0
254,0.6984614884287662,1,0,0
973,0.6984187732702286,1,1,0
9949,0.6981964568683459,1,1,0
4955,0.6981838808151318,1,1,0
9154,0.6979833925109716,1,1,0
74,0.6978695699539095,0,0,0
3532,0.6977571414849797,1,0,0
12745,0.6976864103175623,1,1,0
2666,0.6975827542551957,1,1,0
3794,0.6972868368608285,1,0,0
4613,0.6972821539578136,1,0,0
1729,0.6972501300284604,0,0,0
2035,0.6971973609990705,1,0,0
8337,0.6971946790906632,1,1,0
8638,0.6971804112913648,1,0,0
12181,0.6971265188535122,1,1,0
1931,0.6970284680821485,1,1,0
855,0.6966084982012781,0,0,0
598,0.6961990556361842,0,1,0
6777,0.6961540287042659,1,0,0
4755,0.6960000255157045,1,0,0
7397,0.6959833527187007,1,1,0
11733,0.6958178319958042,1,1,0
8430,0.6955353353320143,1,1,0
2252,0.6953936678655148,1,0,0
9507,0.6953236433124776,0,0,0
7381,0.6953236433124776,1,0,0
3218,0.6952510430967398,1,0,0
3349,0.6952483539575436,1,1,0
8473,0.6951702512882472,1,0,0
6208,0.6950700214668161,1,1,0
2999,0.6947932595589651,1,1,0
3636,0.6947722162801133,1,0,0
10367,0.694560784115757,1,0,0
4523,0.6945096029566425,1,0,0
3994,0.6944993172356135,0,1,0
7723,0.6944826950196902,1,0,0
6145,0.6941367516596434,1,0,0
12468,0.6940431541643647,0,1,0
11395,0.6938498960051975,1,0,0
10427,0.6938304347301898,1,0,0
11867,0.6938304347301898,0,0,0
6248,0.6938034404403878,1,0,0
11154,0.6937730783242154,1,0,0
4384,0.6936685680289935,0,0,0
4100,0.6936035185808651,0,0,0
11095,0.6936035185808651,1,0,0
2143,0.6936035185808651,1,0,0
12066,0.6936035185808651,1,0,0
8403,0.6936035185808651,1,1,0
1840,0.6936011563867301,1,0,0
4444,0.6936011563867301,0,0,0
941,0.6936011563867301,1,1,0
8522,0.6933973055551428,1,1,0
6493,0.6933973055551428,0,1,0
7143,0.6933973055551428,1,1,0
1286,0.6933222273236346,1,0,0
12691,0.6932469597959783,0,0,0
2124,0.6932165373631829,1,0,0
12135,0.6931357666995666,1,1,0
2144,0.6931357666995666,1,0,0
1731,0.6931296036900086,1,0,0
1523,0.6930302271494888,1,1,0
408,0.6930111110583261,1,1,0
12556,0.6930111110583261,1,0,0
12393,0.6929013008958491,1,1,0
11654,0.6928443743183013,0,0,0
6056,0.692727743510884,0,0,0
2154,0.6926603693097907,1,1,0
4730,0.6925928687177694,1,0,0
7232,0.6925699610654247,0,0,0
298,0.6925642978043532,1,1,0
5026,0.6924582501766802,1,1,0
9260,0.6924380776941671,0,0,0
2822,0.6924380776941671,1,0,0
5500,0.6924380776941671,1,1,1
3191,0.6924380776941671,1,1,0
8258,0.692211146709677,1,0,0
8476,0.6918183068508001,1,0,0
10778,0.6918042787509062,1,1,0
4582,0.6917688601340568,1,1,0
8643,0.6915604715373205,0,0,0
9103,0.6915604715373205,1,0,0
2325,0.691335248132818,0,0,0
4214,0.691335248132818,0,0,0
5318,0.6909679915166614,0,0,0
10725,0.6909327441875335,1,1,0
3063,0.6909075182164025,1,1,0
6376,0.6908858854544231,1,0,0
10662,0.6907468033738902,1,1,0
289,0.6906988047046979,1,0,0
6217,0.6906536014617083,1,0,0
9716,0.6905921098019733,1,0,0
11599,0.6905278101375754,1,1,0
6021,0.6904985445744379,1,0,0
1153,0.6904040098914082,1,0,0
5215,0.6902225887584457,1,0,0
6077,0.6901383383933514,1,1,0
7436,0.69011584738518,1,0,0
5745,0.6901078760690441,1,1,0
12473,0.6900680435591698,1,0,0
7226,0.6900614645763488,1,1,0
12708,0.6900499307715486,1,0,0
10935,0.6899661592052925,0,0,0
12,0.6898174747594658,0,0,0
5167,0.6898100331563447,0,0,0
3949,0.6896687777673781,1,0,0
2525,0.6896422298699575,0,1,0
4062,0.6894804418920165,1,1,0
10697,0.6894618556578981,1,0,0
11041,0.689369063408677,1,0,0
6687,0.6893502898888838,0,0,0
2873,0.6893502898888838,1,0,0
10433,0.6891996599403574,0,1,0
3525,0.6891184647720086,0,0,0
472,0.6891119577098377,1,0,0
2487,0.6889918900317322,1,0,0
3698,0.6889731870443947,1,0,0
1843,0.6888763621541171,1,0,0
4047,0.6887891175526506,0,0,0
2036,0.6887749397108912,1,0,0
4490,0.6886181126970238,1,0,0
3238,0.6885439966615697,0,1,0
6359,0.6883278880370097,1,1,0
10071,0.6882822735786102,1,1,0
979,0.6882822735786102,0,0,0
3302,0.6882128054334764,0,0,0
11995,0.6881468511205683,1,1,0
368,0.688037695271633,0,0,0
9849,0.6880220061306803,1,0,0
3203,0.687912965089571,1,0,0
11773,0.6878914551337431,0,0,0
3563,0.6877341623717582,1,0,0
4104,0.6876132225277032,1,0,0
5799,0.6875087451148316,1,0,0
6759,0.6869770641960958,1,0,0
8939,0.6869465452965364,0,0,0
10440,0.6869158704067101,1,1,0
1253,0.6869016280818722,1,0,0
3270,0.6869016280818722,1,0,0
3934,0.6868241784814154,0,1,0
8695,0.6868241784814154,0,1,0
3662,0.6867758769425133,1,0,0
12690,0.6866352840417486,0,0,0
7323,0.6865522216946169,1,1,0
3236,0.686090056307109,1,0,0
7349,0.6860127447833162,1,1,0
2652,0.6859936174397783,1,1,0
8329,0.685793149952537,0,0,0
7435,0.6855459219907662,1,1,0
4968,0.6855459219907662,0,1,0
1876,0.6855303752548474,1,0,0
3484,0.6854877902717867,0,0,0
495,0.6854651882396794,1,0,0
4375,0.6853482020678165,1,0,0
11965,0.685242862802879,1,0,0
5557,0.6851262438507617,0,0,0
10843,0.6849480097692923,1,0,0
2884,0.6848536590658154,1,1,0
9966,0.6846793486968834,0,0,0
10409,0.6846435396550223,0,0,0
12053,0.6846435396550223,0,1,0
6020,0.6844018766641424,1,0,0
2541,0.6843477131144471,0,0,0
6041,0.6840414480115136,1,1,0
12121,0.6839784571381996,1,1,0
849,0.6838471641441112,1,0,0
5377,0.6838064492856564,0,0,0
4845,0.6837488451281093,0,0,0
9455,0.6835972581438773,0,0,0
5469,0.6834375010101947,1,0,0
1033,0.6833821216303476,0,0,0
5706,0.6832677997379312,0,0,0
3633,0.6831374095666046,1,1,0
9688,0.683121209351955,1,0,0
11656,0.683121209351955,1,0,0
9945,0.6830640931923356,1,0,0
1504,0.6827481450324485,1,0,0
10143,0.6824334839455475,0,1,0
2853,0.6822810299162564,0,0,0
136,0.6821473785733189,1,0,0
7395,0.6821473785733189,0,0,0
11379,0.6821473785733189,0,0,0
10391,0.6818908000131834,1,1,0
11337,0.6817313831977854,1,0,0
330,0.6817313831977854,0,0,0
1783,0.6817197727202479,1,0,0
5830,0.6816341040912819,1,0,0
8059,0.6814566120797553,1,0,0
2950,0.6814134900119209,1,1,0
10999,0.6813483118436762,1,1,0
5235,0.6812271509911931,1,0,0
26,0.6812271509911931,0,0,0
1191,0.6810800469217498,1,0,0
935,0.6809059997127439,0,0,0
8297,0.6809059997127439,1,0,0
9359,0.6808533427395341,0,0,0
3680,0.6807464328599567,0,0,0
9824,0.6806837684741542,0,0,0
9946,0.6806837684741542,0,0,0
12480,0.680667695047548,1,0,0
11330,0.680649599360079,0,0,0
9289,0.6805918130441511,0,0,0
12760,0.6804589162319814,1,0,0
600,0.6804589162319814,0,0,0
8370,0.6804017903154229,0,0,0
12492,0.6803588476137064,0,1,0
5709,0.6803167805132505,1,1,0
4012,0.6801740864698191,1,0,0
4720,0.6797931699149269,0,0,0
5787,0.6797931699149269,1,1,0
8345,0.6797931699149269,1,1,0
2603,0.679649328934435,1,0,0
19,0.6796026546263177,1,0,0
9600,0.6795833415525299,1,1,0
9614,0.6794975523207933,1,0,0
9604,0.6792147127285391,0,0,0
2028,0.679180190665481,1,0,0
245,0.6791040884955883,1,0,0
3803,0.679010036794073,1,0,0
2375,0.6789833659831122,1,1,0
10137,0.6789519715429388,0,0,0
3923,0.6788137620987222,0,0,0
6129,0.6784895932579159,1,0,0
2245,0.6784079157954872,1,0,0
2801,0.6783866904385154,0,0,0
10100,0.6782279397158816,0,0,0
1022,0.6781737384561585,0,0,0
7192,0.6781352947206258,1,1,0
12057,0.6781352947206258,1,1,0
10503,0.6780783825903749,1,0,0
5360,0.678061874949747,1,0,0
7875,0.678061874949747,1,0,0
4203,0.6779451934486911,0,0,0
2708,0.6778471580193595,1,0,0
11258,0.6777624456892024,1,0,0
7299,0.6776417407579739,1,1,0
3675,0.6775421013266562,0,0,0
4610,0.6774767438685952,1,0,0
5109,0.6774491141834986,0,0,0
748,0.67739632960121,1,0,0
1970,0.6773584729596559,0,0,0
7158,0.6772530819772854,1,0,0
64,0.6771171489686246,1,0,0
3801,0.6771171489686246,1,0,0
2339,0.677101307626334,1,1,0
2046,0.6769163004081797,1,0,0
3845,0.6768215373477035,1,0,0
10173,0.6767351976651494,1,0,0
631,0.6767333489838119,1,0,0
11821,0.6767144992760333,1,0,0
2521,0.6765679579043606,0,0,0
10558,0.6765679579043606,1,1,0
9227,0.6765679579043606,0,0,0
5401,0.6764187860185765,0,0,0
10617,0.6764187860185765,1,1,0
7964,0.6763897983195961,1,0,0
10742,0.6763336336000503,1,1,0
5187,0.6761562989235684,1,1,1
2936,0.6761418119812496,1,0,0
1814,0.6761418119812496,1,0,0
12411,0.6758911123443122,1,0,0
6648,0.6758315626037976,1,0,0
2597,0.6757605112898146,0,0,0
8055,0.6757605112898146,1,1,0
12224,0.6755491306685977,1,1,0
10021,0.6754689684036937,1,0,0
6856,0.6754623089480656,1,1,0
1860,0.6754424662124158,0,0,0
2162,0.6753565288845425,1,0,0
12600,0.6753565288845425,0,1,0
1204,0.6753565288845425,1,1,0
3632,0.6753565288845425,0,0,0
436,0.6752061849725691,1,0,0
12571,0.6749688582127709,1,0,0
4923,0.6746472912089216,0,0,0
2613,0.6746153111926396,1,0,0
10839,0.6745265795585146,0,0,0
12503,0.674397993554024,1,0,0
8352,0.674132318502465,0,0,0
6494,0.674132318502465,1,1,0
12551,0.6740118764310974,0,0,0
100,0.6738672478023529,1,1,0
4388,0.6738389182208884,0,1,0
3617,0.6738285952890504,0,0,0
8072,0.6735029554805074,0,0,0
9981,0.6735029554805074,1,0,0
3062,0.6733775349425865,0,0,0
4083,0.6732267518074307,1,0,0
5305,0.6730499778694009,1,0,0
8233,0.6728774497955325,1,0,0
7287,0.6728774497955325,1,0,0
1154,0.672870251815363,0,0,0
2377,0.672746450170292,1,0,0
2475,0.6725794749928199,1,1,0
2857,0.6725794749928199,0,1,0
1383,0.6725237666049219,1,0,0
460,0.6724857555367689,0,0,0
9034,0.6724417397630857,1,0,0
8777,0.6722746274431245,0,0,0
12175,0.6721874148333915,0,1,0
7333,0.6720344472095063,1,0,0
7130,0.671874315859233,1,0,0
7154,0.6718444391133058,1,1,0
11630,0.6717300264794624,0,0,0
2015,0.6717024435644064,0,0,0
11359,0.6716589440643078,1,0,0
10029,0.671391154869164,1,0,0
11325,0.6713619569401257,1,0,0
9642,0.6712983165170778,0,1,0
4133,0.671247426334517,1,0,0
9277,0.67121961054365,1,0,0
10814,0.6711976643419318,1,0,0
1888,0.6711867248379896,1,1,0
11979,0.6710097487034397,0,0,0
1444,0.6710097487034397,0,0,0
8977,0.6708924332017357,1,0,0
9251,0.6707779644238578,1,0,0
12545,0.6707779644238578,0,0,0
8656,0.6707331529186706,1,0,0
474,0.6706722641129328,1,0,0
32,0.6702393908840585,1,0,0
11087,0.6701281803443849,1,0,0
8399,0.6699239861593441,1,0,0
3800,0.6698069077317858,1,1,0
12254,0.6696627566226727,0,1,0
7781,0.6696322003677305,0,0,0
7411,0.6696135056786331,1,0,0
1244,0.6695355820706733,0,0,0
3745,0.6694004716963441,0,0,0
3149,0.669396966212286,0,1,0
10481,0.6693566663683975,0,0,0
10991,0.6693363174750645,1,1,0
2711,0.6693363174750645,1,1,0
991,0.6692526417861575,1,1,0
3245,0.6691393799514295,0,0,0
5446,0.6691245329114812,0,0,0
11579,0.6691173264432988,1,0,0
1322,0.6691005776321739,0,0,0
1785,0.6688438150774467,1,0,0
1991,0.6686340427873642,1,1,0
3336,0.6685957584993066,1,0,0
5892,0.6685366391679965,1,1,0
8568,0.6682841943178782,1,0,0
7983,0.6682841943178782,1,0,0
7152,0.6682816130931016,0,0,0
8331,0.6680876413544297,1,1,0
8203,0.6680876413544297,1,0,0
7362,0.6680228371294178,1,1,0
1470,0.6679933455299198,0,0,0
9098,0.6679229270307088,0,1,0
5868,0.6679229270307088,1,0,0
4996,0.6677448915849414,1,0,0
6085,0.6676222938702431,0,0,0
3195,0.667526449347212,1,1,0
4018,0.6673171348235389,1,0,0
6752,0.66695313364836,1,0,0
8165,0.66695313364836,1,0,0
1041,0.6668816166434515,0,0,0
10064,0.6668680881978784,0,0,0
1499,0.6668414091732456,1,0,0
11551,0.6668285296453978,0,1,0
2702,0.6667380462302824,1,1,0
3973,0.6666129965101767,0,1,0
11305,0.6665522363492083,0,0,0
11521,0.6663297588343587,1,0,0
7076,0.6663297588343587,1,1,0
10153,0.6663297588343587,0,0,0
8792,0.6663297588343587,1,0,0
10338,0.6662347652696293,0,0,0
6910,0.6662184664573261,0,0,0
10528,0.666182201372765,1,0,0
10666,0.6661784952518238,0,0,0
6013,0.6660842095109941,1,1,0
9566,0.6659591886730127,1,0,0
1378,0.6659177980436293,1,0,0
5733,0.6656870072589977,1,0,0
12300,0.665601589524557,0,0,0
21,0.6655463884088269,0,0,0
8689,0.6653309843244083,1,0,0
8935,0.6653309843244083,1,0,0
6755,0.6652879378887371,1,0,0
8143,0.6650509839087444,1,0,0
4856,0.6650078697800588,0,0,0
10179,0.664967208225213,0,0,0
10333,0.6649613016965812,1,0,0
5785,0.6648685956066576,0,0,0
10022,0.6648685956066576,0,0,0
2527,0.6648029776561875,1,0,0
4600,0.6647939570163004,1,1,0
4685,0.6647593544266363,1,0,0
11841,0.6646480468070359,1,1,0
4262,0.6645928738269834,1,0,0
3976,0.6645916917447252,1,0,0
12081,0.6645916917447252,1,0,0
11073,0.664397633207446,0,0,0
5208,0.664397633207446,1,0,0
491,0.6643541483513569,0,0,0
951,0.6643541483513569,0,0,0
11723,0.664342728192861,0,1,0
8622,0.6642932077872553,1,1,0
10458,0.6642435101741112,1,0,0
6444,0.6641390096131519,0,1,0
7277,0.6640739170308635,1,0,0
11876,0.6640700410688268,1,0,0
8502,0.6639636379187493,0,0,0
4546,0.6639504416251739,1,0,0
11289,0.6639259778185169,0,1,0
2132,0.6639259778185169,0,0,0
6280,0.6639259778185169,0,0,0
9723,0.6636946031596486,1,0,0
2275,0.6636550317170847,1,1,0
10739,0.6636384205870302,1,0,0
12134,0.6635998901079537,1,0,0
8390,0.6635434865536458,0,0,0
8747,0.6635434865536458,1,0,0
12054,0.6635434865536458,0,0,0
6268,0.6635434865536458,0,1,0
1193,0.6635393114431805,1,1,0
8850,0.6635313705347434,0,0,0
5402,0.6634797957116405,1,0,0
12519,0.6634797957116405,1,0,0
7853,0.6631380758873977,1,0,0
8402,0.663134147739753,0,0,0
7062,0.6630813153010504,1,0,0
6887,0.6630461185142551,0,0,0
6700,0.6630193869387468,0,0,0
6414,0.6629871956660024,1,1,0
7926,0.6629871956660024,1,0,0
11784,0.6629871956660024,1,0,0
12299,0.6629847075151684,0,0,0
5667,0.6625622288514021,1,1,0
5939,0.6625352627645229,1,0,0
6595,0.6625314275211462,1,0,0
5770,0.6624855997691297,1,0,0
12703,0.6624855997691297,1,1,1
11865,0.6624666110323839,0,1,0
6865,0.6624554760032689,0,0,0
8108,0.6624554760032689,1,1,0
7580,0.6623859028085476,0,1,0
10237,0.6622645047598463,1,0,0
6668,0.6622645047598463,1,1,0
12265,0.6622158714463926,1,0,0
12740,0.6622012194342969,1,0,0
1374,0.6621407438236984,1,0,0
12477,0.6620975645420225,1,0,0
6587,0.6620635873245729,1,0,0
514,0.6619595907230255,0,1,0
6944,0.6619295786385592,1,0,0
539,0.6619210135512984,1,0,0
10176,0.6618946063743131,1,0,0
3074,0.6618116077040833,0,0,0
1613,0.6616931121316842,1,0,0
12483,0.6616931121316842,1,0,0
12395,0.6615754021941016,1,1,0
6710,0.6614297434661793,1,0,0
6598,0.6614187315349098,1,0,0
3681,0.6613725083343588,1,0,0
11348,0.661329184873212,1,1,1
3597,0.6613282309183838,1,0,0
11748,0.6613271561909309,1,0,0
2424,0.6613190204494056,1,1,0
1715,0.6611221828216809,1,0,0
300,0.6610269105986883,1,1,0
10291,0.6609051842359378,0,1,0
6913,0.660855138996016,0,1,0
12195,0.6607345535416121,1,0,0
6477,0.6607182437941059,1,1,0
8724,0.6606499450209271,1,0,0
12700,0.6602984896355889,1,0,0
3026,0.6602984896355889,1,1,0
3793,0.6602343550303877,1,1,0
5012,0.6601597170923534,1,0,0
6285,0.660145658042461,1,0,0
2946,0.6601072472491014,1,0,0
11610,0.6600221172035354,1,0,0
9200,0.6600221172035354,0,0,0
6106,0.6599065489950884,1,1,0
2816,0.6598246677989421,1,0,0
10124,0.6598039522955128,0,0,0
11230,0.6596036191851201,1,1,0
10294,0.6595678131182159,1,0,0
4472,0.6594631135078479,0,0,0
2230,0.6590768476305963,1,0,0
1001,0.659017487644769,1,0,0
3823,0.6589576077527524,1,0,0
4558,0.6588617039501578,1,1,0
10650,0.6588493222377019,0,1,0
7197,0.6587884564972233,1,1,0
1496,0.6587622240519947,1,0,0
3173,0.6587622240519947,1,0,0
5181,0.6587446116244616,1,0,0
11815,0.658598490927736,0,0,0
12042,0.6585821482303733,1,0,0
5836,0.6585635272718552,1,1,0
8038,0.6584600669491304,0,0,0
370,0.6584600669491304,0,0,0
10171,0.6584566649799598,1,0,0
6540,0.6583438914913086,1,1,0
8808,0.6582348859606244,1,1,0
4317,0.6582348859606244,1,0,0
4162,0.6582123411980517,1,0,0
10213,0.6582123411980517,0,0,0
11615,0.6579844837075475,1,0,0
11363,0.6579844837075475,1,0,0
7283,0.6579515926581813,1,0,0
9526,0.6577107172766152,0,0,0
2342,0.6577107172766152,0,0,0
6478,0.6576351704363121,1,0,0
9379,0.6576243882487716,1,1,0
5547,0.6576199763857538,0,0,0
12048,0.6575995637749913,1,1,0
10873,0.657549579198139,1,0,0
5443,0.657402354720884,1,0,0
2398,0.6572479608417356,1,0,0
7307,0.6572479608417356,1,0,0
4458,0.6572450235665935,1,0,0
11591,0.6571602171075108,1,0,0
3575,0.6571602171075108,1,0,0
1463,0.6571602171075108,1,1,0
645,0.6571399164920527,0,1,0
3781,0.6570512553086019,1,0,0
10323,0.6568928911506053,1,0,0
9501,0.6568850458005663,1,1,0
6063,0.6568715146834645,1,0,0
704,0.6568715146834645,1,0,0
9850,0.6568715146834645,1,0,0
5972,0.6568715146834645,1,1,0
10118,0.6568715146834645,0,1,0
5078,0.6568715146834645,1,0,0
8353,0.6568715146834645,0,0,0
1387,0.6568715146834645,1,0,0
7017,0.6568715146834645,1,0,0
11793,0.656861601953519,1,0,0
4368,0.656861601953519,0,0,0
10585,0.656861601953519,1,0,0
9477,0.6568096898763948,1,0,0
10694,0.6565682085982457,1,0,0
11220,0.6565264331350087,1,1,1
2753,0.6563975884842019,1,0,0
3653,0.656373752266597,0,0,0
3509,0.6563644675188274,1,0,0
6977,0.6562267017453933,0,0,0
2352,0.656205073068398,0,1,0
10719,0.656167555062541,0,0,0
11502,0.6560907311416069,0,0,0
5857,0.6560907311416069,1,0,0
8832,0.6560907311416069,1,0,0
11156,0.6560032173773563,1,1,0
3880,0.6559874918271194,1,0,0
1536,0.6559874918271194,1,0,0
12385,0.6559655876246089,0,1,0
11803,0.6559267390230611,1,0,0
12680,0.655925808254834,1,0,0
7891,0.6559126656786105,1,0,0
9633,0.6558776588745275,0,0,0
9880,0.6558186953803263,0,0,0
11388,0.6558037801662325,1,1,0
11187,0.6558037801662325,0,0,0
5681,0.6557336599252825,0,1,0
12168,0.6556959199118062,1,1,0
10299,0.655556535178265,1,0,0
3279,0.6555348672058915,1,0,0
8508,0.6554251704687728,1,0,0
984,0.655420170465887,1,0,0
6075,0.655420170465887,0,0,0
6667,0.655420170465887,1,0,0
11472,0.6554178094521402,1,1,0
7120,0.6553500554675946,1,1,0
57,0.6553106572903815,0,0,0
10172,0.6552027941078338,1,1,0
9353,0.6552027941078338,0,0,0
4570,0.655182561009805,1,1,0
12255,0.6551486071772933,1,1,0
4019,0.6551486071772933,1,1,0
304,0.6551278836311949,1,0,0
9548,0.6550269574968242,1,0,0
12238,0.6550269574968242,0,0,0
12364,0.6550071994324115,1,0,0
4309,0.6548135398881065,0,0,0
7631,0.6547621731340657,1,0,0
10796,0.6547618880403364,1,0,0
5217,0.6546801219223277,1,0,0
11864,0.6545896513032072,1,0,0
2723,0.6543822349128064,1,1,0
859,0.6543822349128064,1,1,0
11917,0.6542970353415339,0,1,0
2610,0.6542970353415339,1,0,0
6468,0.6540771291110852,1,0,0
2549,0.6539825262927056,0,0,0
2190,0.6538342121600093,1,0,0
8182,0.6538342121600093,1,0,0
11462,0.6537773517809149,1,0,0
9280,0.6537606100478562,1,0,0
9538,0.6537547491520951,1,0,0
5386,0.6534516106995021,1,1,0
9869,0.653186486231884,1,1,0
6737,0.6531696279263121,1,0,0
12281,0.6531390129550106,1,0,0
9048,0.65299437901033,1,0,0
6938,0.6527717748066796,1,0,0
6883,0.6525930430674632,1,0,0
4515,0.6525122049976284,0,0,0
8617,0.6525118369285823,1,0,0
5994,0.6525118369285823,1,1,0
9758,0.6523404086459733,1,0,0
8121,0.6522229069376067,0,0,0
11374,0.6522229069376067,1,0,0
12136,0.652211850139926,1,1,0
12308,0.6520176022899825,1,1,0
9545,0.6520051328880491,1,0,0
140,0.6520012242021933,0,0,0
8983,0.6518703235609632,0,1,0
2707,0.6517234928915353,1,0,0
863,0.6517182459401807,0,0,0
4091,0.6514550568901725,1,0,0
5944,0.6514236976607176,1,0,0
954,0.6514155700914241,1,0,0
7724,0.6512570705369131,0,0,0
5029,0.6511871466371894,1,0,0
4921,0.6511792566451754,1,0,0
10847,0.6511451012461247,1,1,0
11384,0.6510636208474203,1,0,0
1697,0.6510117854616468,1,0,0
5349,0.6509330054148853,1,0,0
10233,0.6508890509181632,0,0,0
7924,0.6508890509181632,1,0,0
10889,0.6508218636515299,0,0,0
5856,0.6507474650687521,1,0,0
10895,0.6507305740904985,0,0,0
5120,0.6506103620669837,1,0,0
5848,0.650556981800225,1,1,0
10060,0.6505394423467596,0,0,0
3412,0.6505394423467596,1,0,0
10763,0.6505394423467596,1,0,0
2845,0.6505265685517848,1,0,0
12681,0.6504248161514262,1,0,0
5813,0.6503969709337647,1,0,0
6585,0.6503669235287141,1,0,0
6991,0.6502225370981115,1,0,0
4798,0.6502021776406248,1,0,0
8647,0.6501971437179144,0,0,0
4883,0.6501213789368103,1,0,0
10665,0.6500684150474578,0,0,0
7804,0.6500684150474578,0,0,0
6874,0.650047855839463,0,0,0
881,0.6498591479967989,1,0,0
4536,0.6497652434548937,1,0,0
3905,0.6497341420123897,1,0,0
8196,0.6497341420123897,1,0,0
2326,0.6496972754407953,0,0,0
11273,0.6495556176478012,0,0,0
6719,0.6495087063622784,1,0,0
2625,0.6494975449527893,1,0,0
10759,0.6493638663055765,0,0,0
1797,0.6493638663055765,0,0,0
2776,0.6493616567900047,1,0,0
1605,0.6492967162716863,1,1,0
734,0.6492059965887418,0,0,0
2376,0.6492059965887418,1,0,0
9296,0.6491858445812598,1,0,0
5160,0.6489342959742566,1,0,0
5762,0.6489333070960043,1,0,0
6627,0.6489134315167719,1,0,0
8797,0.6488794151141087,0,1,1
1911,0.6488647832629981,0,0,0
11099,0.6487289901983487,1,0,0
12263,0.6486822806531631,0,0,0
4561,0.6486207669712437,0,0,0
5141,0.6486207669712437,0,0,0
1815,0.6483778542627463,1,0,0
8231,0.6483778542627463,1,0,0
5282,0.6482525633826046,0,0,0
4555,0.6482525633826046,1,0,0
2580,0.6482127877535029,1,0,0
1733,0.6482127877535029,1,0,0
5739,0.6482127877535029,0,0,0
7510,0.6481988132463392,1,0,0
1241,0.6481883736277215,0,1,0
8034,0.6481858699228803,1,0,0
10358,0.6481799982255555,0,0,0
12264,0.6480841931364123,1,0,0
11751,0.6480726798534369,0,0,0
10946,0.6477426404913644,1,1,0
6236,0.6477312503084063,1,0,0
8155,0.6476244929383445,0,0,0
8172,0.6476244929383445,0,0,0
318,0.6474723102386571,1,0,0
3835,0.647376078066555,0,0,0
4393,0.6473500913716093,0,0,0
4568,0.6472976626713649,1,0,0
3110,0.6472662975375654,0,0,0
5768,0.6471062076871619,1,0,0
6995,0.6470734109584804,1,1,0
11093,0.6470262466796896,1,0,0
7031,0.6469932555532788,1,0,0
2101,0.6469150473960895,0,0,0
10398,0.6469150473960895,0,1,0
3832,0.6467558549769464,1,0,0
2973,0.6466007078424707,0,0,0
11715,0.6466007078424707,1,0,0
12610,0.6465817986891265,1,0,0
11842,0.6464815758453163,1,0,0
4715,0.6464084125591962,0,0,0
7973,0.6463503515632025,0,0,0
635,0.6463416544985462,1,0,0
3543,0.6463416544985462,0,0,0
5528,0.6463365532645583,1,0,0
5839,0.6462305555059152,1,1,0
12397,0.6462305555059152,1,0,0
1301,0.6462305555059152,1,1,0
6905,0.6461896910533306,1,0,0
1109,0.646107027911753,0,0,0
4129,0.645983235780969,1,0,0
4482,0.6459449103925873,1,0,0
2449,0.6459449103925873,0,0,0
827,0.6459340656509723,1,1,0
11494,0.6458800269027836,1,1,0
10700,0.6458073170936959,0,0,0
8199,0.6456976465777291,1,0,0
9610,0.6456103975270228,1,0,0
12707,0.6455462261654005,1,0,0
12164,0.6455462261654005,1,1,0
1569,0.6455183549419288,1,0,0
3404,0.6454452433717612,0,0,0
1795,0.6453366254089936,0,0,0
1255,0.6453203779767326,1,0,0
2419,0.645307039141676,0,0,0
10709,0.645037338905815,1,1,0
10195,0.6449609847449185,1,0,0
10190,0.6449609847449185,0,0,0
8493,0.6448798416673964,1,1,0
7566,0.6448798416673964,1,0,0
4682,0.6447868715725208,0,0,0
11420,0.6447666334498273,1,0,0
7416,0.6447045789879876,1,1,0
1794,0.6446191306038248,1,1,0
11787,0.6446191306038248,1,0,0
6677,0.6446191306038248,1,1,0
6365,0.6444893285230269,1,0,0
9088,0.6444776676760936,1,1,0
5013,0.6443909299728094,1,1,0
12693,0.6443308304021487,1,0,0
3029,0.6443308304021487,0,0,0
3380,0.6442060316210646,1,0,0
5967,0.6440933071477161,1,0,0
11229,0.6440820745474201,0,0,0
6011,0.6440820745474201,1,0,0
6690,0.6440249240059993,0,0,0
7432,0.6440249240059993,1,0,0
1802,0.6440249240059993,1,0,0
10738,0.6440249240059993,1,0,0
41,0.6440214935149997,1,0,0
12431,0.6439466352891593,1,0,0
9939,0.6439292977813141,0,0,0
6612,0.6438251843730382,1,0,0
7975,0.6438010206526318,1,0,0
9122,0.643785412658846,1,0,0
9928,0.6437650534232164,1,0,0
8694,0.6436562815299477,0,1,0
4601,0.6436534576376838,1,0,0
10008,0.6435334875241252,1,0,0
4766,0.6435334875241252,0,0,0
11286,0.6434363233111073,0,0,0
4543,0.6433159721516212,1,0,0
1968,0.6433159721516212,1,0,0
3161,0.6433159721516212,0,0,0
8740,0.6432444397480361,0,0,0
10436,0.6432444397480361,1,1,0
12262,0.6432328401475774,0,0,0
768,0.6430572013312377,0,0,0
12726,0.6430301794403519,1,1,1
2440,0.6427281779789284,1,0,0
4464,0.6427281779789284,0,0,0
7806,0.6426809504560607,1,0,0
2752,0.6426619285751752,0,0,0
12572,0.6426619285751752,1,0,0
10942,0.6426058899418507,1,0,0
1028,0.6425123830538667,1,0,0
8459,0.6424525989391612,1,1,0
1799,0.6424374315056831,1,0,0
1149,0.6424374315056831,1,0,0
11412,0.6424059482396446,1,1,0
11414,0.6422745217326685,1,0,0
1936,0.6420475292089644,1,0,0
1308,0.641960312808015,1,1,0
5071,0.641960312808015,1,1,0
3828,0.641960312808015,1,0,0
2003,0.6418972638232396,0,1,0
9476,0.6418191528903757,0,0,0
11080,0.6417150476016569,1,0,0
470,0.641569214558487,0,0,0
1240,0.6415583978893873,1,0,0
1538,0.641536811186002,1,1,0
9304,0.641536811186002,0,0,0
3612,0.6414679525837288,0,0,0
2405,0.6414679525837288,0,0,0
7237,0.6413500243292531,0,1,0
5102,0.6413500243292531,0,0,0
4691,0.6411192063562008,0,0,0
2514,0.6410917562056738,1,0,0
6514,0.6410220006586902,1,0,0
6551,0.6408887253547952,1,0,0
5069,0.6407515149604883,1,1,1
4853,0.6407209198190489,1,0,0
4228,0.6404933245508911,1,0,0
4530,0.6404806124188891,1,0,0
7457,0.6403274233803538,1,0,0
6513,0.6402863409739478,1,0,0
112,0.640274735421056,1,1,0
7960,0.6400715826354787,1,0,0
7172,0.6399979887228673,0,0,0
5486,0.639958651300984,1,0,0
12437,0.6399401665074191,1,0,0
5633,0.6399401665074191,1,0,0
11939,0.6399401665074191,1,0,0
10406,0.6398050553344485,1,0,0
5148,0.6397344994122157,1,1,0
12547,0.6396694709242855,0,0,0
9484,0.6396619044668356,1,1,1
1429,0.6394875004318274,0,0,0
4400,0.6393925394905989,1,1,0
3427,0.6393925394905989,0,0,0
9207,0.639382257401103,1,1,0
2366,0.6392508173714139,0,0,0
2665,0.6391472446267648,0,0,0
8606,0.6390982902894753,1,0,0
7414,0.6390275037055942,1,1,0
2904,0.6390231689229449,1,0,0
12733,0.6389306721592709,1,0,0
3779,0.6388423594138627,1,0,0
9075,0.6388373567694257,1,1,0
3214,0.6387388825950598,1,0,0
835,0.6386022822555815,1,0,0
11760,0.638590686355414,0,0,0
4684,0.638590686355414,0,0,0
10372,0.6385857916701024,0,0,0
7599,0.6384829840582337,1,0,0
3187,0.6383779525319756,0,0,0
10660,0.6383459912831656,1,1,1
4369,0.638220519721118,1,1,0
4087,0.6381403153256427,1,0,0
11196,0.6381230043090153,1,1,0
2757,0.6380929340104787,1,0,0
2290,0.6380663642186609,1,1,0
11712,0.6379929408172256,1,0,0
5927,0.6379854701861838,1,0,0
4370,0.6379066417615354,0,1,0
11483,0.6378699095271991,0,0,0
9938,0.6378024728037419,0,0,0
9223,0.6377050653205693,1,1,0
3529,0.6375684277920028,1,0,0
1124,0.6374912892519771,1,1,0
5152,0.6374912892519771,0,1,0
12338,0.6374878926471496,1,0,0
3356,0.6374621273958311,0,0,0
11668,0.6374394783762387,1,0,0
10961,0.6374394783762387,0,1,0
9331,0.6373474231929658,0,0,0
227,0.6373109961566621,1,0,0
11944,0.6371521299425378,1,0,0
12515,0.6371313128604102,1,0,0
11282,0.6369629742338258,1,0,0
9272,0.6369629742338258,1,0,0
8970,0.6369558499825041,0,0,0
3471,0.6368942120890579,1,0,0
11762,0.6368308769015091,1,0,0
9602,0.6368308769015091,1,0,0
3139,0.6366671167181785,1,0,0
4542,0.6366671167181785,0,0,0
6270,0.6365773962559786,0,0,0
11947,0.636545868288584,0,0,0
5564,0.6364913933502712,1,0,0
4637,0.6364908767380836,0,1,0
1838,0.636454075404348,1,0,0
7513,0.6364347403307806,0,0,0
812,0.6363545161062681,0,0,0
2614,0.6362673006514838,1,0,0
2076,0.636194872527947,0,0,0
3406,0.6360857898557454,1,0,0
10680,0.6360857898557454,0,0,0
8474,0.636074372464133,0,0,0
5239,0.6359947631715368,0,0,0
11788,0.6358529580458017,1,0,0
4658,0.6358107989105574,0,0,0
5191,0.6357982654577908,0,0,0
6754,0.6357768930007625,0,1,0
11083,0.6357711713961686,0,1,0
4226,0.6356499189215946,1,0,0
8646,0.6355921136920941,0,0,0
1557,0.6354880531787849,1,0,0
3881,0.6354880531787849,1,0,0
2909,0.6354754102466017,1,0,0
3833,0.6354617930336347,0,0,0
9564,0.6353938130733329,1,0,0
2802,0.6352319384282439,1,0,0
5794,0.6351954317025392,1,0,0
7471,0.6351328718960547,1,0,0
8364,0.6351328718960547,0,0,0
1036,0.6351103488574331,1,1,0
5025,0.6349988175118484,0,0,0
1213,0.6348115028243393,0,0,0
3111,0.6346968986977597,0,0,0
5720,0.6346968986977597,1,0,0
519,0.6345767952355934,0,0,0
10626,0.634565555046037,1,0,0
1908,0.634565555046037,1,1,0
525,0.6344878862253072,0,0,0
2982,0.6343610388214412,1,0,0
3215,0.634321684610388,1,0,0
5259,0.6342147934954404,1,0,0
2956,0.6341539101502741,1,0,0
5606,0.6341450463575828,0,0,0
3175,0.6340955687470927,1,1,0
4328,0.6340955687470927,1,1,0
2506,0.6340747434942668,1,0,0
7015,0.6339938349153704,0,0,0
6828,0.6339938349153704,1,1,0
7920,0.6339893434992391,1,0,0
11509,0.6338866046203487,1,0,0
5637,0.6338832086951958,0,0,0
4068,0.6338644471996636,0,0,0
2198,0.6338110905002359,1,0,0
11765,0.6337310618249273,1,0,0
2282,0.6337139266424056,0,0,0
8079,0.6335357981112573,1,0,0
9772,0.633531479046189,1,0,0
1519,0.6334512159401033,1,0,0
7672,0.6334195820547274,1,0,0
7866,0.6334195820547274,1,0,0
3052,0.6333877425952604,1,0,0
6523,0.6333268270756165,1,1,0
2320,0.6332946648252026,1,0,0
8934,0.6332116143343468,0,0,0
6199,0.6331961036779591,1,0,0
1765,0.6331867687151259,0,0,0
5761,0.6331530398124295,1,1,0
1365,0.6330780947490665,0,0,0
11653,0.6329792662126622,1,0,0
5412,0.6328697272729713,0,0,0
4894,0.6328432202648852,0,0,0
8498,0.6328100222038598,1,0,0
3553,0.6327562848228729,0,0,0
8809,0.6326967906851289,1,0,0
6659,0.6326841955905274,1,1,0
16,0.6326008347528523,1,0,0
8945,0.6325958330390302,1,0,0
9043,0.6324555870448323,1,0,0
7368,0.6323062790461836,1,1,0
1943,0.6322429484195393,0,0,0
7084,0.632197379916705,0,0,0
10393,0.6321951927587274,1,0,0
11237,0.6321608283184955,1,1,0
1811,0.6321147881003037,1,1,0
192,0.631966898320393,0,0,0
7782,0.631948618021282,0,1,0
8076,0.631948618021282,1,1,0
3407,0.6319370511493971,1,0,0
12559,0.6319370511493971,1,0,0
5536,0.6319331197431944,1,0,0
1413,0.6319328853531775,1,0,0
10010,0.631926242023485,1,0,0
2566,0.6318875480460406,0,0,0
6963,0.6318699303983532,1,0,0
3248,0.6318503876585283,1,0,0
7864,0.631824609185315,0,1,0
5197,0.6318040254790602,0,0,0
107,0.6317318778053164,1,1,0
113,0.6316236607486819,0,0,0
7455,0.6315488090284181,1,0,0
8433,0.6315465846608177,1,0,0
8298,0.6314853424933012,1,1,0
340,0.6314853424933012,0,0,0
10412,0.6313247059585172,1,0,0
4220,0.6312207966221052,1,0,0
871,0.6312102239770505,0,0,0
4408,0.6311956581778129,1,0,0
2260,0.6311786892492698,1,0,0
9292,0.6311773476131282,1,0,0
8447,0.6310233851154198,1,0,0
2647,0.6309772839630737,1,0,0
7998,0.6309771213761214,1,1,0
3402,0.6307056478640534,1,0,0
12711,0.6306988298973686,1,0,0
12313,0.6306988298973686,1,0,0
12599,0.630590268766573,0,0,0
5898,0.6304514963141443,1,0,0
4013,0.630448662241178,1,0,0
11571,0.6303365085086838,1,1,0
9986,0.6303365085086838,0,0,0
2148,0.6303365085086838,0,1,0
3232,0.6303365085086838,1,1,0
12485,0.6303365085086838,0,0,0
6418,0.6303365085086838,1,0,0
6639,0.6303009730340636,0,1,0
8113,0.6303009730340636,1,1,0
10222,0.6301658852496459,0,0,0
6003,0.6301526035667975,0,0,0
9744,0.6301477472447773,1,0,0
7965,0.6300889516309633,1,0,0
10203,0.6300647680671391,0,0,0
11259,0.6300647680671391,1,0,0
8517,0.6300275219255975,1,0,0
6423,0.6300275219255975,1,0,0
8511,0.6300275219255975,1,0,0
2455,0.6299386841898541,0,0,0
932,0.6298975631282437,1,0,0
3337,0.6298975631282437,0,0,0
6628,0.6298829105612462,0,0,0
6604,0.6298519326774457,1,0,0
671,0.6298519326774457,1,0,0
877,0.6297879055376407,0,0,0
733,0.6297664130411372,1,0,0
10546,0.6297592695444885,1,0,0
12259,0.6296935711971198,0,0,0
10382,0.6296935711971198,1,1,0
3634,0.6296703259841403,1,1,0
6760,0.6296342298969052,1,0,0
8426,0.6296342298969052,1,0,0
8941,0.6296342298969052,0,0,0
11647,0.6296342298969052,0,0,0
2958,0.629597157905313,1,0,0
4229,0.629597157905313,1,0,0
1447,0.6295878042052651,1,1,0
1019,0.6295008662503261,0,0,0
536,0.6293523747610236,1,0,0
3908,0.6292503939091764,0,0,0
5232,0.6291651143110031,0,0,0
1177,0.6291533096898462,0,0,0
7600,0.6290903166420854,1,0,0
6968,0.629087430636065,1,0,0
10975,0.6290550626612555,1,0,0
8326,0.6290246656895071,0,0,0
1465,0.6289637889687882,1,0,0
6137,0.6289347469343353,0,0,0
461,0.6288561006208635,1,0,0
10346,0.6288561006208635,1,0,0
5231,0.6286380550411486,0,0,0
6321,0.6285398946257601,1,0,0
5942,0.6284003329911702,1,0,0
1083,0.6283002398690796,0,0,0
4539,0.6281715380240611,1,0,0
9565,0.6281048567210811,1,0,0
11564,0.628078247350061,0,0,0
5114,0.6279413082768759,0,0,0
10484,0.6278220908539037,0,0,0
12201,0.6277444283735633,0,1,0
3842,0.6277209909306949,1,0,0
11568,0.6277071312586865,0,1,0
8227,0.6275774767768061,0,0,0
9452,0.6275758537363142,1,0,0
10272,0.6274080009266445,0,0,0
8835,0.6273059611109407,1,1,0
2644,0.6272222503269785,1,0,0
6573,0.6271005690826637,1,0,0
6040,0.627077453763078,1,0,0
3999,0.6270454052469644,0,0,0
8763,0.6270382020081054,1,0,0
6312,0.6269585987328103,1,1,0
7735,0.6269304179861973,1,0,0
7466,0.6268651766334241,1,1,0
5307,0.6267926451745274,1,0,0
4465,0.6267267888023096,0,0,0
8280,0.6267267888023096,0,0,0
2432,0.6267179230533287,0,0,0
4910,0.6267179230533287,1,0,0
2668,0.626705856851857,1,0,0
6487,0.6266320696714064,1,1,1
613,0.6265691674870931,1,0,0
1426,0.6265398019827155,1,0,0
10955,0.6263918975814945,0,0,0
361,0.626343255448383,1,0,0
1889,0.6263311488185093,0,0,0
2693,0.6263257972349284,0,0,0
5270,0.6263257972349284,0,0,0
2389,0.6261452734659775,1,0,0
6661,0.6261070479755992,0,0,0
11893,0.6260918271892382,1,0,0
1039,0.6260918271892382,1,0,0
8271,0.6260234482371527,0,0,0
2848,0.6259591278667895,1,0,0
4283,0.6259473495662405,1,0,0
11781,0.6258912736223705,1,0,0
4471,0.6258035822134538,1,0,0
7200,0.6256767391196868,1,0,0
11970,0.6256344987599868,1,0,0
7406,0.6256065782016371,0,0,0
8287,0.6255920524940362,0,0,0
12422,0.6255716105207334,1,0,0
5162,0.6255716105207334,1,0,0
6510,0.6254585687745708,1,0,0
9581,0.6254300258282312,0,0,0
3012,0.625412182179167,1,0,0
4615,0.625412182179167,0,0,0
3233,0.625412182179167,1,0,0
5553,0.6253964905243212,0,0,0
11279,0.6253908451133182,0,0,0
769,0.625230244446804,1,0,0
10095,0.6252053310634509,1,1,0
3638,0.6250395578939536,1,0,0
670,0.6250176981380374,1,0,0
5551,0.6249722992412088,1,0,0
1459,0.6249597021914122,0,0,0
12375,0.6248877833374188,1,0,0
9047,0.6247996018883519,0,0,0
7229,0.6247996018883519,1,0,0
7883,0.6247874834313273,1,1,0
9929,0.6247555905162236,0,0,0
5077,0.6246349558259696,1,0,0
9493,0.6246349558259696,0,0,0
11589,0.6244633065504805,1,0,0
10005,0.624325462930505,1,0,0
5442,0.624325462930505,1,0,0
4645,0.624308734515733,1,0,0
9010,0.624202983948143,0,1,0
3546,0.6241836933107213,1,0,0
6517,0.6241576394175811,1,0,0
6984,0.6241362620352275,1,0,0
4017,0.6240674666216102,1,0,0
1485,0.6240674666216102,0,0,0
11,0.6240674666216102,1,0,0
2547,0.6240674666216102,0,0,0
10927,0.6240030013117902,0,0,0
3733,0.6239566775882587,1,0,0
7899,0.6238609545614945,1,1,0
9775,0.6237374997553127,0,0,0
2141,0.6237306596733645,1,0,0
1847,0.6237010545892623,0,1,0
2698,0.6236967347109119,1,0,0
8623,0.6236967347109119,1,1,0
7303,0.6236606781468582,1,0,0
3097,0.6236337380918654,1,0,0
8562,0.6235728520201196,0,0,0
3590,0.6235591519421587,1,0,0
1707,0.6235444635764921,0,0,0
7319,0.6235444635764921,1,1,0
3511,0.6235444635764921,0,0,0
6846,0.6235444635764921,1,0,0
7501,0.6234573671115748,1,0,0
520,0.623424493229938,1,0,0
9326,0.6232937493681354,1,0,0
11719,0.6231692877511441,1,0,0
6066,0.6231501217642431,1,0,0
8029,0.6231048380048253,0,0,0
1408,0.623078974642502,1,1,0
9157,0.6229400686021314,1,0,0
8824,0.6227119699564957,0,0,0
8837,0.6226250945113266,0,0,0
6233,0.6225804931912609,0,0,0
2588,0.6225051534137712,1,1,0
3967,0.6224524256699022,1,0,0
8371,0.6223928656894071,1,0,0
5482,0.6222648101897027,1,0,0
9158,0.6222566486889691,1,0,0
6033,0.6218884473602495,1,0,0
4644,0.6218588068646338,1,0,0
4521,0.6218368432590063,0,1,0
141,0.6218015752680606,1,1,1
11173,0.6218015752680606,1,0,0
3865,0.6217631054334796,1,0,0
8860,0.6217270293411613,1,1,0
7982,0.6216794065757443,1,1,1
10720,0.6216265950239004,1,0,0
8554,0.6215922261051847,1,0,0
12756,0.621543670192227,0,1,0
2461,0.6214377582064546,1,0,0
6222,0.621434551516657,1,0,0
10799,0.6213801607621182,0,0,0
7748,0.6213464026476742,1,1,0
1522,0.6211960237552111,1,0,0
5845,0.6211781076458052,1,0,0
7832,0.621101436356881,1,0,0
12217,0.6210696543937537,0,0,0
837,0.6210696543937537,1,0,0
8579,0.620993599796159,1,0,0
7311,0.6209306490825318,0,0,0
10297,0.6208472992299909,1,0,0
3107,0.6208335249870222,1,0,0
10003,0.6208326847837461,0,0,0
1764,0.6206556414394124,1,0,0
7496,0.6205604701867647,1,0,0
3874,0.6205103889041454,1,0,0
2747,0.6204633519621595,1,0,0
9187,0.620451691387316,1,0,0
3372,0.620451691387316,1,1,0
11988,0.6203458156878603,0,0,0
7674,0.6201629664413608,1,0,0
4989,0.6201171039728047,1,0,0
7650,0.6200328650021795,0,0,0
2089,0.620001056349493,1,0,0
232,0.6199963583333337,1,0,0
12603,0.6199091550612618,1,0,0
3364,0.6199091550612618,1,1,0
10269,0.6198465297216819,0,1,0
7849,0.6198046319314914,1,1,0
6421,0.6196149079783038,1,0,0
1688,0.6196089856858121,0,1,1
9164,0.6195693205817385,1,1,0
7766,0.6195000166628681,0,0,0
7103,0.6194614706305613,0,0,0
2739,0.6194597183671945,1,0,0
3659,0.6194264969051233,0,0,0
10761,0.6192957701497405,1,0,0
10912,0.6192761898180694,1,0,0
6245,0.6192422459532767,1,0,0
4694,0.6191053944033659,1,0,0
2182,0.6190998446159265,0,1,0
9316,0.6189900384006094,1,1,0
12358,0.6187871817853114,0,0,0
12458,0.6186662705959292,1,0,0
9194,0.6186524197619907,1,0,0
8205,0.6186449941184922,1,0,0
3977,0.6186360565762598,1,0,0
8716,0.6185613881264388,1,1,0
11985,0.6184496593071623,1,0,0
9339,0.6184232523443445,0,0,0
554,0.6184061279486568,1,0,0
2106,0.6184061279486568,1,0,0
7108,0.6183732871620431,1,0,0
8336,0.618324001144411,1,1,0
5241,0.618324001144411,0,0,0
1724,0.6182628888911517,0,0,0
7613,0.6182628888911517,1,1,0
12452,0.6182628888911517,1,0,0
9606,0.6182628888911517,1,0,0
9414,0.6182628888911517,1,1,0
8363,0.6182628888911517,1,0,0
3971,0.6182147394109094,1,0,0
11736,0.6181937381016286,0,0,0
7790,0.6181700116511154,1,0,0
6068,0.6181700116511154,1,0,0
6619,0.6181241761032138,1,0,0
11636,0.6180041337787151,1,1,0
1929,0.6179975420232704,1,0,0
4681,0.6179582051735576,1,1,0
5278,0.6179582051735576,1,0,0
6520,0.6179342770963974,1,0,0
5399,0.6179342770963974,0,0,0
5520,0.6179280593462273,1,0,0
421,0.6178293761885512,1,1,0
3985,0.617822817546501,0,0,0
9368,0.6178212402464732,1,0,0
9964,0.6178141401019188,0,0,0
5101,0.6178004835196538,0,0,0
10651,0.6177755446447181,1,0,0
4942,0.6176799269609623,0,0,0
8791,0.61764282985414,1,0,0
548,0.6176133268903573,1,0,0
9008,0.6174378476490024,1,0,0
4269,0.617246933787582,1,1,0
4402,0.6170294669396006,1,0,0
9872,0.6170054056576804,0,0,0
2191,0.6169107190555199,0,0,0
11020,0.6168433913913961,1,0,0
10425,0.6167512682445999,0,0,0
10536,0.6167433252580792,1,0,0
3040,0.616704862454388,1,0,0
5224,0.6167042256602115,0,0,0
9685,0.6166514509979433,1,1,0
236,0.6165986930692237,1,0,0
6501,0.6165986930692237,0,0,0
4678,0.6165915259554045,1,0,0
10675,0.6165084363844742,1,1,0
8910,0.6164960027577149,0,0,0
11200,0.6164801019215597,0,0,0
7486,0.6163967285305256,1,0,0
10684,0.6163314589118682,0,0,0
4499,0.616292976471343,1,0,0
10504,0.6162853036001312,1,0,0
5975,0.6162602513177041,1,0,0
143,0.6162602513177041,1,1,1
11717,0.6162602513177041,1,1,0
147,0.6162439027740776,0,0,0
2378,0.6162204457733903,1,0,0
6599,0.6162204457733903,1,1,0
5487,0.6162204457733903,1,0,0
6705,0.6162138833874303,0,1,0
6099,0.6160950720484536,1,1,0
3851,0.6159979375913821,1,1,0
864,0.6159588409217247,0,0,0
7234,0.6159262802396611,0,0,0
9105,0.6159260614691313,0,0,0
4109,0.6159260614691313,0,0,0
944,0.6158647875827901,0,0,0
11851,0.6158241724274371,1,1,0
12028,0.6158209415145739,0,0,0
3807,0.6157929241970754,1,0,0
338,0.6157572190586303,1,1,1
6861,0.6156528806983373,0,0,0
9712,0.6156372372370091,0,0,0
11783,0.6155995410043689,1,0,0
1016,0.6155988215585806,1,1,0
5400,0.6155988215585806,0,1,0
446,0.615520543372184,1,0,0
7640,0.615520543372184,0,0,0
5376,0.6153369135991813,1,0,0
10953,0.615307401480253,1,0,0
6273,0.6152423766313975,1,0,0
6819,0.615190670697995,1,0,0
815,0.6151499430344586,0,0,0
11413,0.6150722501628185,1,0,0
3531,0.6150613657663297,1,0,0
3322,0.6150602938288315,1,0,0
9541,0.6150181183225197,1,0,0
4595,0.6149981874806963,1,0,0
8789,0.6149214809328241,0,0,0
11254,0.6149214809328241,1,0,0
8436,0.6148195991840399,1,0,0
8955,0.6147969877900049,1,0,0
8973,0.6146948411748255,0,0,0
5407,0.6146906077929891,0,0,0
13,0.6146741487372669,1,0,0
3507,0.6146741487372669,0,0,0
228,0.6143779451589098,1,0,0
2030,0.6143696345496129,1,0,0
12106,0.6142310520964396,1,1,0
12796,0.6142310520964396,1,0,0
4433,0.6142158240235438,1,0,0
5128,0.6141621524843357,0,0,0
7792,0.6141584925572452,1,1,0
10673,0.6140562868253139,0,0,0
11978,0.614043713424476,0,0,0
5358,0.6140345897722007,0,0,0
882,0.6140345897722007,0,0,0
11120,0.6140190560276964,1,0,0
5796,0.613992103474375,0,0,0
94,0.6139355807195535,0,0,0
10418,0.613830899505233,1,0,0
7714,0.6138120970879472,1,1,0
12489,0.6137345036341786,0,0,0
8189,0.6136598479946702,1,0,0
11854,0.6136361165607652,1,0,0
943,0.6136353843102251,1,0,0
11795,0.6136179621386311,1,0,0
12260,0.6135936910629026,0,0,0
9589,0.6135812783716705,1,0,0
2408,0.6134689326802716,0,1,0
12282,0.6134627667107329,0,0,0
9437,0.6134036687729609,0,0,0
1106,0.6133226419763544,0,0,0
3886,0.613295354039031,1,0,0
8798,0.6131063431400045,1,0,0
10105,0.6129435260173404,1,0,0
7275,0.6127049937598784,1,1,0
9197,0.6126945129475053,1,0,0
8654,0.6126042793225053,1,0,0
9719,0.6125836497177415,1,0,0
8567,0.6125440835390602,1,0,0
11819,0.6124053355999634,1,0,0
5315,0.6123988145671302,0,0,0
10747,0.6123988145671302,1,1,0
7507,0.6123988145671302,0,0,0
6958,0.6123822766585479,1,0,0
569,0.612343293552992,0,0,0
6203,0.612343293552992,1,0,0
11822,0.6122790550448473,1,0,0
5589,0.6122050478814184,0,0,0
3549,0.6120987558968836,1,0,0
6114,0.6120140103660956,1,0,0
3974,0.6120140103660956,1,1,0
8380,0.6120065010685389,1,0,0
8839,0.6119993386514976,1,0,0
3554,0.611998103157936,1,1,0
10695,0.6119599213472943,1,0,0
8284,0.611934503209688,1,0,0
11313,0.6118705826421009,1,0,0
4191,0.6118264578712715,0,0,0
10856,0.6118264578712715,0,0,0
2984,0.6117950354978932,1,0,0
7528,0.6117873893154073,1,0,0
1635,0.6116315562415942,1,0,0
9110,0.6116220611571676,1,1,0
12118,0.61151776260947,1,1,0
3131,0.6113666819409482,1,0,0
4310,0.611310781407376,1,0,0
2636,0.6112078423507474,1,0,0
1965,0.6111191155820122,0,0,0
10004,0.6111135378888721,1,1,0
8134,0.6110944472162244,1,0,0
115,0.6110901796883275,1,1,0
9375,0.6109991087563703,0,0,0
2895,0.6108953000475973,1,1,0
5760,0.610807462120124,1,0,0
4029,0.6107633128945301,1,0,0
4785,0.610570759865175,0,0,0
10421,0.6104983809209427,1,0,0
1483,0.6104740685894566,0,0,0
1078,0.6104262220130574,1,0,0
6924,0.6103853814010126,1,0,0
8954,0.6103661738005943,1,0,0
5253,0.6103529932380793,0,0,0
4665,0.6102572433485313,1,0,0
4547,0.6102567787464888,0,0,0
10193,0.610222749957454,1,0,0
2552,0.6101454591558182,1,0,0
6204,0.6101454591558182,1,1,0
101,0.6101454591558182,1,1,0
5474,0.6101454591558182,1,0,0
1547,0.6101454591558182,1,0,0
5887,0.6101454591558182,1,0,0
8223,0.6100475141523306,0,1,0
9568,0.61004204497606,0,0,0
5893,0.610026223921621,0,0,0
6479,0.610026223921621,1,0,0
8704,0.610026223921621,0,0,0
4452,0.6099881869078497,1,1,0
5973,0.6099861809705536,0,0,0
1237,0.6099861809705536,1,0,0
11218,0.6098420100227732,1,0,0
10031,0.6098255459949954,1,0,0
12095,0.6096004839336343,1,0,0
6452,0.6095889776112436,1,1,0
1393,0.6095137709828076,1,1,0
10552,0.6095137709828076,0,0,0
5406,0.6095137709828076,1,0,0
3955,0.6095137709828076,0,0,0
3438,0.6094921314499626,1,0,0
8702,0.6094833580604644,1,1,0
8386,0.6091889872312048,0,0,0
1014,0.6091889872312048,1,0,0
3858,0.6091392581580456,1,0,0
5271,0.6091208694130199,1,1,0
1402,0.6091091270858465,1,0,0
12789,0.6090804850176862,0,0,0
12448,0.6089828803792006,1,0,0
1969,0.6089392741258554,1,0,0
3243,0.6088486258353834,0,0,0
8645,0.6088263540190144,1,1,0
1319,0.6088263540190144,1,0,0
814,0.6088263540190144,0,0,0
10636,0.6088215025824658,1,0,0
9534,0.608762931962609,1,0,0
1921,0.6085057618724519,0,0,0
530,0.6083645159462575,1,0,0
6575,0.6083645159462575,0,0,0
8290,0.608290494123174,0,0,0
1398,0.6082837605127901,0,0,0
3351,0.6082806412077825,1,0,0
4933,0.6082464978814591,1,0,0
10548,0.6082136016186012,1,1,0
11565,0.6082032318019645,1,0,0
5502,0.6081730172411377,0,0,0
10722,0.6081470056497149,1,0,0
5576,0.6080654397860562,1,0,0
11360,0.6079872347618748,0,0,0
7541,0.6079097497525037,1,0,0
6550,0.6077427642561264,1,0,0
2172,0.6077313187824421,1,0,0
9693,0.6077313187824421,1,1,0
11264,0.6076639588702806,1,0,0
11068,0.6076624743673221,1,0,0
7257,0.6076517484790106,1,0,0
337,0.6076265723378254,0,0,0
128,0.6075828812753831,1,0,0
8849,0.6075523394574184,0,0,0
12228,0.6074316878270354,1,0,0
11056,0.6073910003371641,0,0,0
8591,0.6073887742132439,0,0,0
12008,0.6073515534795388,1,0,0
133,0.6073515534795388,0,0,0
5169,0.6072620120545038,1,0,0
5470,0.6072552865630118,0,1,0
1410,0.6072552865630118,0,0,0
8496,0.6072552865630118,0,0,0
10326,0.6072552865630118,0,0,0
8845,0.6071198388744606,0,0,0
7386,0.6071047284185601,0,0,0
1155,0.6069989372880692,1,0,0
324,0.6069590939828116,1,1,1
8201,0.6069484723357695,1,0,0
813,0.6068285313797711,1,0,0
12071,0.6067838818800595,0,0,0
7552,0.6067838818800595,1,0,0
7404,0.6067513980905628,1,0,0
8892,0.6067405910582649,1,1,0
9797,0.6067351939581602,1,0,0
12144,0.6067255356994172,1,0,0
10097,0.6066580966522062,1,1,0
11663,0.6066501424757634,1,0,0
11077,0.6066182792656718,1,0,0
4656,0.6064610164465605,0,1,1
1004,0.6063716144574228,0,0,0
5774,0.6063449110566976,1,0,0
8151,0.6063377644344882,1,1,0
8649,0.6063377644344882,1,0,0
6200,0.6063346480239548,1,0,0
10982,0.6063346480239548,0,0,0
8089,0.6063183795931864,0,0,0
10231,0.6062487374679053,0,0,0
3661,0.606224788891684,1,0,0
9667,0.6062191355760356,1,0,0
2918,0.6061969559565153,1,0,0
8589,0.6061868934193965,0,0,0
1833,0.6060979116873632,0,0,0
7371,0.6060821126474651,0,1,0
10804,0.6060427786711352,1,0,0
9527,0.6060167865539279,1,1,0
6537,0.6060167865539279,1,0,0
4804,0.6059931564191224,0,0,0
10488,0.6059781604340077,0,0,0
2738,0.6059412949509085,0,0,0
336,0.6059412949509085,0,1,0
7581,0.6059412949509085,1,0,0
9913,0.6058697110316419,0,0,0
10057,0.6057933823199985,1,1,0
3756,0.6056463774393355,1,1,0
1063,0.6055898043906687,1,0,0
5129,0.6055623481789738,1,0,0
7603,0.6055623481789738,0,0,0
2730,0.6055323209035819,1,0,0
5921,0.605494941578735,0,1,0
8458,0.605489629000116,0,0,0
5144,0.605489629000116,0,0,0
8300,0.6054856018743399,1,0,0
6472,0.6053769224677706,1,0,0
9888,0.6053193230672025,0,1,0
4997,0.6053193230672025,1,0,0
6802,0.6052780919977465,1,0,0
3952,0.6052780919977465,0,0,0
3031,0.605209465711434,1,0,0
3265,0.6051987916217418,1,1,0
5280,0.6051031914777011,0,0,0
10396,0.6050833718398118,0,0,0
5869,0.6048082640465431,1,0,0
9706,0.6047935885367326,0,1,0
1762,0.6047935885367326,1,1,0
4434,0.6047500740696298,0,0,0
10442,0.6047086725922065,1,0,0
2646,0.6046878124517157,1,0,0
6437,0.6046878124517157,1,1,0
3474,0.6046412192284338,0,0,0
9362,0.6045923204411748,1,0,0
3963,0.6045923204411748,1,0,0
9930,0.6045923204411748,1,0,0
833,0.6045923204411748,0,0,0
9952,0.6045536950770404,1,1,0
4847,0.6045446844543484,1,0,0
12652,0.604430762975271,1,0,0
7023,0.6044194229071045,1,0,0
4802,0.6043734037135128,0,0,0
7185,0.6043711201627497,0,0,0
5510,0.6043686044592531,0,0,0
7710,0.6043506867406163,0,0,0
2933,0.6043506867406163,1,0,0
3988,0.6043506867406163,1,1,0
1330,0.6043481801330114,0,0,0
5343,0.6043097019947632,0,0,0
12056,0.6043097019947632,0,0,0
3176,0.604286577680942,1,0,0
5100,0.604232082636047,1,0,0
10515,0.604232082636047,1,0,0
5957,0.6042272124170024,0,0,0
7088,0.6041809156339206,0,0,0
3591,0.6040532817550364,0,0,0
10078,0.6037995445677796,1,0,0
11183,0.6036083845954845,1,0,0
1658,0.6035683005327082,0,1,0
2916,0.603543912685654,1,0,0
4419,0.603543912685654,1,0,0
11407,0.603543912685654,0,0,0
462,0.603543912685654,1,1,0
11658,0.603543912685654,1,1,1
10264,0.60332978399501,1,0,0
8179,0.6032895006026714,0,0,0
596,0.6032625715684209,1,0,0
11251,0.6032328315388185,1,0,0
75,0.603197567646226,1,0,0
6327,0.6031042357089269,1,1,0
10834,0.603097547130298,0,0,0
8930,0.603097547130298,1,1,0
12374,0.603097547130298,1,0,0
2846,0.6030942570481002,0,0,0
8264,0.6030874857788584,1,1,0
5381,0.6030874857788584,0,0,0
3649,0.6030874857788584,1,0,0
12471,0.6030874857788584,1,0,0
9016,0.6030874857788584,1,0,0
3928,0.6030169141647357,0,0,0
8131,0.6029215370668569,1,1,0
12494,0.6029215370668569,1,0,0
4590,0.6028673254822599,1,0,0
5290,0.6028673254822599,0,0,0
8164,0.6028429654740729,1,0,0
3811,0.6027571526288452,1,0,0
7958,0.6025830556200384,0,1,0
11318,0.6025830556200384,1,0,0
6368,0.6025053433499077,1,1,0
2235,0.6024364008062139,0,0,0
10678,0.6023992850701522,1,0,0
12302,0.602370770671763,1,0,0
120,0.6023585578925833,0,0,0
9798,0.6023391600080173,1,0,0
3433,0.6022708167093929,1,0,0
7742,0.6017900971941067,1,0,0
3969,0.6017680651609872,0,0,0
8062,0.6017400273595737,1,0,0
8093,0.6015588495645932,1,0,0
2039,0.6015561844433036,1,0,0
5535,0.6015207811224426,0,0,0
7112,0.6014889143810785,1,0,0
10379,0.6014641063004764,1,1,0
6531,0.6014314851112204,1,0,0
6546,0.6011964294594122,0,1,0
1271,0.6010988870830605,1,0,0
1742,0.6010787382599223,0,1,0
7096,0.6010057198190009,0,0,0
12059,0.6009933847346709,1,0,0
6166,0.6009622957831827,0,0,0
9120,0.6009622957831827,0,0,0
1629,0.6009467330356232,0,0,0
10103,0.600866608516659,1,0,0
12396,0.6008319620965333,1,1,0
4976,0.6008081500573421,1,0,0
8395,0.600750413627925,1,0,0
9925,0.6007490965502903,1,0,0
8737,0.60073128565457,1,0,0
3664,0.6007146430343178,0,0,0
869,0.6006353910118113,1,1,0
6411,0.6005288986381445,1,0,0
12037,0.6005287251372434,1,1,0
12404,0.6004020737903266,1,0,0
4451,0.6003498774816013,0,0,0
10625,0.6003498774816013,0,0,0
3436,0.600345558353726,1,1,0
946,0.6003329244585041,1,0,0
6138,0.6002664131071977,0,0,0
433,0.6002580882763889,1,0,0
897,0.60011593176809,1,0,0
10896,0.6000755955502455,1,0,0
1269,0.6000574154791067,1,1,0
1337,0.6000370243037891,1,0,0
4603,0.600009573142038,1,0,0
3808,0.5999638119452247,1,0,0
1353,0.5997221201892401,0,0,0
12117,0.5996971625345549,1,0,0
1290,0.59961205615494,0,0,0
952,0.59961205615494,1,1,0
1052,0.599519998673357,0,0,0
12270,0.5995152980475991,1,0,0
7160,0.5994782132712277,1,0,0
10774,0.5994755696193662,0,0,0
459,0.59944341351828,1,0,0
7021,0.5993838753072717,0,0,0
1079,0.5992281574950669,1,0,0
1904,0.5990977433573474,1,0,0
10672,0.5990270142088739,0,0,0
8714,0.5990000810987804,1,1,1
9544,0.5988806260504578,1,0,0
7188,0.5988633489878334,0,1,0
10327,0.5987935111798149,0,1,0
6247,0.5987725541237413,0,0,0
2426,0.5987668799901483,0,0,0
6151,0.5987323809371528,0,0,0
4922,0.5987285357760047,0,0,0
8301,0.5986451134654499,0,0,0
378,0.5986396861785666,1,0,0
5111,0.5985586173959588,1,0,0
1704,0.5985335069255623,1,0,0
3124,0.5984136261623938,1,0,0
11276,0.5984114958706737,1,1,0
4086,0.5984114958706737,1,0,0
385,0.5983954085765052,1,0,0
5593,0.5982839878120292,1,1,0
1529,0.5982400927736137,1,0,0
1604,0.5982301726822762,1,1,0
11963,0.5982237974815142,0,0,0
894,0.5981820804788052,0,0,0
585,0.598175098662376,1,0,0
7867,0.5981089172067663,1,0,0
5462,0.5981089172067663,1,0,0
6722,0.5981089172067663,1,0,0
10532,0.5981089172067663,0,0,0
5380,0.5981089172067663,1,0,0
4769,0.5981089172067663,1,0,0
11742,0.5981089172067663,1,0,0
10707,0.5980084489546508,0,0,0
5664,0.5979916877213236,0,0,0
65,0.5979564792809852,1,0,0
4409,0.5978601933319325,1,0,0
4672,0.597823370548026,0,0,0
1934,0.5976613403095766,0,0,0
4838,0.5976274394603763,1,1,0
12339,0.5976208532490367,0,0,0
867,0.5976139099111734,0,1,0
4607,0.5976037332903832,1,0,0
3340,0.5976037332903832,0,0,0
11357,0.5975885669997234,1,0,0
3388,0.5974035723980906,1,1,0
925,0.5973313529252887,1,0,0
7991,0.5973266042733365,1,0,0
1845,0.5972815839814938,1,0,0
4021,0.5971588801797886,0,1,0
9301,0.5971266953962837,0,0,0
1836,0.5970230558557563,0,0,0
4807,0.5970127217852145,0,0,0
4204,0.5969860884842224,0,0,0
5930,0.596926841422206,0,0,0
5080,0.5969007501429642,1,0,0
2380,0.5968999932737716,1,0,0
3736,0.5968879054853299,0,0,0
7709,0.596848376802745,1,1,0
8278,0.5967784501222272,1,0,0
10977,0.5967772000296825,0,0,0
3332,0.5967623778624165,1,0,0
9878,0.5967432637547156,0,0,0
9355,0.5967356857909512,1,0,0
1922,0.5966927703253023,1,0,0
1437,0.5966496146681677,1,0,0
4940,0.5966488605213703,1,0,0
4259,0.5966417359835039,1,0,0
9291,0.5965747278818301,1,0,0
11900,0.5965606045934978,1,0,0
4911,0.5965589161586459,1,0,0
5414,0.5965267843909087,0,0,0
3366,0.596521687478909,1,1,1
11837,0.596521687478909,1,0,0
8659,0.596521687478909,0,0,0
6207,0.596521687478909,1,0,0
12086,0.596521687478909,1,1,0
4372,0.596521687478909,1,0,0
6006,0.596521687478909,1,0,0
8368,0.596521687478909,0,0,0
1347,0.5965163318379425,1,0,0
2807,0.5965044573786754,1,1,0
2947,0.596479418759415,1,0,0
9619,0.596479418759415,1,0,0
11989,0.5964159092063561,1,0,0
11231,0.5962587361398245,0,0,0
11960,0.5962489271511108,0,0,0
4040,0.5962169537189658,1,0,0
2174,0.5961791764115499,1,0,0
10047,0.5961791764115499,0,0,0
9736,0.5961493551670467,0,0,0
6030,0.5961493551670467,1,0,0
5818,0.5960754678201107,1,0,0
7060,0.596000706778663,1,0,0
1251,0.5959721597065651,0,0,0
1748,0.5959721597065651,0,0,0
12586,0.5959518806536485,0,0,0
1151,0.5959298730789784,1,1,0
7878,0.5958648005146656,1,0,0
5172,0.5958353167755738,1,1,0
6333,0.5957617035781062,0,0,0
2684,0.5956381848288348,1,1,0
2513,0.5956114961173584,0,0,0
3730,0.595563600548351,0,0,0
1631,0.5955446403783496,1,0,0
218,0.5954582090601643,1,0,0
1348,0.5953505124065307,1,0,0
12333,0.5953190434644162,0,0,0
4775,0.5952446842919804,0,0,0
2416,0.5951314964029815,1,0,0
1494,0.595114288566016,1,1,0
579,0.5950952190104932,1,0,0
2382,0.5949707868720405,1,1,0
3639,0.5949707868720405,0,0,0
4443,0.5948819041250122,1,0,0
10969,0.5948670269667117,0,0,0
7121,0.594738271255405,1,0,0
773,0.5946950293759079,1,0,0
12604,0.5946133424410543,1,1,0
12010,0.5945637571151674,0,0,0
9099,0.5945059980197225,0,0,0
3460,0.5945059980197225,0,0,0
1320,0.5945040098158999,1,0,0
1065,0.5944331882552487,1,0,0
4102,0.594386541859964,0,0,0
3568,0.594386541859964,1,1,0
7375,0.5943363599078775,0,0,0
9947,0.5943363599078775,0,0,0
8585,0.5943090656998327,0,0,0
8389,0.5942375772468955,1,0,0
3086,0.5942280406215686,1,0,0
12425,0.5940628910971785,1,0,0
12588,0.5938479355702659,0,1,0
2789,0.5938423326065316,0,0,0
5268,0.5937919457956765,0,0,0
1280,0.5937919457956765,1,0,0
6004,0.5937817017029426,0,0,0
2762,0.5937515250754236,1,0,0
12094,0.5937515250754236,1,0,0
3167,0.5937256255688717,1,0,0
9270,0.5936522796945765,1,0,0
11618,0.5936353422278257,1,0,0
2365,0.5936032190127236,0,0,0
7647,0.5935573499778866,1,0,0
3706,0.5934935831494353,1,1,0
1751,0.5934668845730439,0,0,0
2653,0.593435930292621,1,0,0
7249,0.5934320552021287,0,0,0
8272,0.5933302915523557,1,0,0
5638,0.5931435933824467,1,0,0
11538,0.5931277871512747,1,0,0
11295,0.5930584815153439,0,0,0
993,0.5930584815153439,1,0,0
9520,0.5929937733959235,0,0,0
5134,0.5929643890316304,1,0,0
11350,0.5929598721852574,1,0,0
2690,0.5929335541985907,0,0,0
7884,0.5929224081513974,1,0,0
6775,0.5929181127867614,1,1,0
3836,0.592915916150629,0,1,0
3184,0.5928654257506616,1,0,0
10992,0.5928243665515323,1,0,0
12227,0.5928192550578296,1,0,0
659,0.5927114612061022,1,0,0
11725,0.5927009072520166,1,0,0
2809,0.5926915187452443,0,0,0
12380,0.5926632284124698,1,0,0
6489,0.5926331329311035,0,0,0
1714,0.592564266028237,0,1,0
4929,0.5925370914300709,1,0,0
8827,0.5924777380641659,1,0,0
9591,0.592428814923164,1,1,0
9345,0.592427490708922,0,0,0
2149,0.5922489259427882,1,0,0
2667,0.5922489259427882,0,0,0
12419,0.592191082764839,0,0,0
3523,0.5921857018768534,1,1,0
2060,0.5921824282525913,0,0,0
11774,0.592063272987888,0,1,0
6209,0.5919785894477769,1,1,0
5175,0.5919752366126937,0,0,0
6169,0.5919752366126937,1,0,0
10457,0.5919587995470763,0,1,0
12373,0.5918273704747982,1,0,0
6631,0.591799002801592,1,0,0
4960,0.5917756081099852,1,0,0
7607,0.5917485299571732,0,1,1
4005,0.5917397488774834,1,0,0
6150,0.5917036318237296,1,0,0
9661,0.591696031218942,0,1,0
253,0.5914840167856221,1,0,0
7834,0.5914628395750584,1,0,0
11094,0.5913753553896778,1,0,0
5378,0.5913225757960898,1,0,0
10250,0.5912509019226067,0,0,0
6488,0.5912470232865755,1,0,0
1305,0.5912452080331541,1,0,0
8922,0.5910714892079794,1,0,0
2343,0.5910623978227504,1,0,0
1530,0.5908795277598475,1,0,0
5884,0.5908732267588385,1,0,0
7168,0.590844621390378,1,1,0
7330,0.5908042343057351,0,0,0
6226,0.5907835238706862,0,0,0
12304,0.5907409797163614,1,0,0
4023,0.5907409797163614,1,0,0
11583,0.5907409797163614,0,1,0
1768,0.5907396642093158,0,0,0
6781,0.5907395409402891,1,0,0
2267,0.5906804302296546,0,0,0
5267,0.5906752295213064,1,0,0
2176,0.5906752295213064,1,0,0
9068,0.5906709592471205,0,0,0
7181,0.5906667910261972,0,0,0
8814,0.59060979278585,1,0,0
11512,0.59060979278585,1,1,0
5081,0.59060979278585,1,0,0
4241,0.5905277029920069,1,0,0
257,0.590475833647567,1,0,0
3098,0.5904072605199617,0,0,0
11594,0.5903431000887625,0,0,0
9204,0.5903309006487152,1,0,0
8953,0.5902674795975827,1,1,0
3162,0.5902674795975827,0,0,0
961,0.5902665804925095,1,0,0
11649,0.5902665804925095,1,0,0
1059,0.5902665804925095,1,0,0
5696,0.5902254618025525,0,0,0
422,0.5902195631622774,1,1,0
4114,0.5901873531972273,1,1,1
5651,0.5901468653392546,0,0,0
10502,0.5900162936772587,1,0,0
3980,0.5899802074007494,1,1,0
9905,0.5899649576373794,0,1,0
1175,0.5899396537074928,1,0,0
9551,0.5899396537074928,1,0,0
1379,0.5898531388027215,1,1,0
11848,0.5898446063338555,1,0,0
2334,0.5898185240057455,1,0,0
3540,0.5898040019127152,1,0,0
8811,0.5897847916199134,1,0,0
7506,0.5897241116942151,1,0,0
9145,0.5897150480407003,0,1,0
6949,0.5895970227645159,1,0,0
2792,0.5895966997329322,0,0,0
6170,0.5895375449879634,1,1,0
2086,0.5894971795398462,1,0,0
996,0.5893560144299531,1,0,0
10417,0.5892905811566275,0,0,0
1655,0.5892803242837815,1,0,0
4744,0.5892803242837815,1,0,0
9147,0.5892698935477666,0,0,0
8276,0.5891447816017029,1,0,0
2620,0.5889005031208299,1,1,0
10508,0.5888673049596244,0,0,0
8561,0.588837567268019,1,0,0
1260,0.588807498550602,1,0,0
7233,0.5888070428227398,0,0,0
8481,0.5887542098958782,1,0,0
5031,0.5887216536861769,1,0,0
10036,0.5887157530704541,1,1,0
4338,0.5887129836552132,0,0,0
1759,0.5886717912503335,1,0,0
7267,0.58860863189032,1,0,0
387,0.5885907497025681,1,0,0
6291,0.588547047616601,0,0,0
4084,0.5884726738977951,1,0,0
3903,0.5884558514994891,0,0,0
8555,0.5884545536525807,1,0,0
1442,0.5884431489213542,1,0,0
12430,0.5884271178333685,1,1,0
7151,0.5884270221633316,1,0,0
3910,0.5883614995461235,0,0,0
12049,0.588335738163695,1,0,0
710,0.5882961651101303,0,0,0
3227,0.5882961651101303,1,1,0
7344,0.5882628506451738,1,1,0
7950,0.5882552120291084,0,0,0
10676,0.5882534240940653,1,0,0
4128,0.5881891987538711,1,0,0
2582,0.5881866867661792,1,0,0
3785,0.5881319828122749,1,1,0
2892,0.5881236527210331,0,0,0
4016,0.5881096643307933,1,0,0
12108,0.5880957691854704,1,0,0
11898,0.5880957691854704,0,0,0
6655,0.5880867383463396,1,1,0
9528,0.5880532445115932,0,0,0
4990,0.5878924316540619,1,0,0
11245,0.5878924316540619,1,0,0
5690,0.5878924316540619,1,0,0
1364,0.5877772141406916,0,0,0
4559,0.5877624472574687,1,0,0
6283,0.5877393067500722,1,0,0
839,0.5877115865101991,1,0,0
1998,0.5876259344533207,1,1,0
6036,0.5874657500673611,1,0,0
1197,0.5874657500673611,1,0,0
2912,0.5874598809103214,1,0,0
8130,0.5873891933337166,0,0,0
9500,0.5873497940243504,1,0,0
7949,0.5873470960322081,0,0,0
10206,0.5873399546335396,0,0,0
10649,0.5873399546335396,0,1,0
5445,0.5873399546335396,1,0,0
3217,0.5873079762729173,1,1,0
1722,0.5872156811485467,1,0,0
6345,0.5871499769555477,0,0,0
2373,0.5870792077379063,1,0,0
9061,0.5870792077379063,1,0,0
12647,0.5870772893051456,0,1,0
5541,0.5870364851359099,0,0,0
12222,0.5870324061898945,1,0,0
2612,0.5868720563869793,1,0,0
10261,0.5868536391700616,0,0,0
9918,0.5868225317134808,0,1,0
11754,0.5868225317134808,1,0,0
4273,0.5867668666924729,1,0,0
729,0.5867071615891079,1,0,0
3920,0.5866167463600677,0,0,0
8745,0.5866167463600677,0,0,0
11440,0.5866005028653541,1,1,0
6108,0.5865775381332411,0,0,0
763,0.5865188030253081,1,1,1
2301,0.5864689164074266,1,0,0
5468,0.586460049402855,1,0,0
4479,0.5863946016241007,1,0,0
11553,0.58638880082576,1,1,0
2965,0.5863529350979677,1,1,0
2709,0.5863459483742725,0,0,0
2438,0.5862751441278102,1,1,0
5511,0.586203306575731,1,0,0
2655,0.5861784582273467,0,0,0
7465,0.5861352713152997,0,0,0
2302,0.5860930379356131,1,1,0
11241,0.5860817904014316,0,0,0
10542,0.5860580835642083,1,0,0
7248,0.5860090626806591,0,0,0
4918,0.5860084440735546,1,1,0
11871,0.5859869923767486,1,0,0
1162,0.5859216668508289,1,0,0
2827,0.585905437733752,0,0,0
7639,0.585840525784219,0,0,0
900,0.5858375016909226,1,1,0
9327,0.5858368020042405,0,0,0
8966,0.5858311468721613,1,0,0
1,0.5855783402708102,1,0,0
4058,0.585511284697264,0,0,0
9400,0.585511284697264,0,0,0
7623,0.5854909944863319,1,0,0
4778,0.5853728119453137,1,0,0
6193,0.5853555005330958,0,0,0
11112,0.5852436562389352,0,0,0
8466,0.5851901261208213,0,0,0
11151,0.5851068411801513,1,0,0
11919,0.5851039610340886,1,0,0
10200,0.5850415203372926,0,1,0
11559,0.5850342034690764,0,0,0
1535,0.5849407109812205,1,0,0
3409,0.5849407109812205,1,0,0
5792,0.5848751512663892,1,1,1
442,0.5848054599513539,1,0,0
10152,0.5848054599513539,0,0,0
7732,0.5848054599513539,1,0,0
11498,0.5847926398394225,1,0,0
9063,0.5846852365523301,1,0,0
5595,0.5846340550555789,1,0,0
10258,0.5846123569630683,1,0,0
7329,0.5845950460147923,1,0,0
3170,0.5845815103630795,1,1,0
10138,0.5845815103630795,1,0,0
5331,0.5845815103630795,0,0,0
288,0.5845815103630795,0,0,0
5011,0.5845361301745039,1,0,0
1339,0.5844638287680898,1,1,0
9800,0.5843655758197202,1,0,0
9639,0.5843640694344754,1,0,0
2530,0.5843538381022453,1,0,0
12799,0.5842668905581403,0,0,0
8207,0.58419551743149,1,1,0
10375,0.5839574396466382,1,0,0
10735,0.5839370427269409,0,0,0
5694,0.5839306836438765,1,0,0
6351,0.5839306836438765,1,0,0
6367,0.583918834334359,1,0,0
1313,0.5838914640904114,1,0,0
1013,0.5838898845877821,0,0,0
3283,0.5838645236080818,1,0,0
930,0.5838110148795324,1,0,0
4844,0.583803492394899,1,0,0
7598,0.5837701167808963,1,0,0
6232,0.5837701167808963,1,0,0
9397,0.5837280268194418,1,0,0
1837,0.5837280268194418,0,0,0
6711,0.5837280268194418,0,0,0
7532,0.5837280268194418,0,1,0
7474,0.5837280268194418,1,0,0
6185,0.5837280268194418,1,0,0
6292,0.5837187025628982,0,0,0
8468,0.5837187025628982,0,0,0
12424,0.5836978346791971,1,0,0
5384,0.5836598507320426,0,0,0
6826,0.5836597592687716,1,1,0
10951,0.5836551720543235,0,1,0
6923,0.5835964731349395,1,0,0
5665,0.583593621421448,1,0,0
12493,0.5834808963181667,0,0,0
1805,0.5834808963181667,1,0,0
8790,0.5834129622279403,1,0,0
50,0.5834111182455578,1,1,0
2910,0.5834104615869918,0,1,0
8504,0.5834104615869918,0,0,0
5041,0.5834104615869918,1,0,0
9365,0.5834104615869918,1,0,0
7933,0.5833859394808067,1,0,0
9314,0.58332455919317,1,1,1
2725,0.5832711732851895,1,0,0
8576,0.5832553243439365,1,0,0
2224,0.5831964432723974,1,0,0
3864,0.5831877824805837,1,0,0
10908,0.5831877824805837,1,0,0
8332,0.5831877824805837,0,0,0
1392,0.5831877824805837,0,0,0
2332,0.5831695528678997,0,0,0
11982,0.5831552963112561,0,0,0
1576,0.5831552963112561,1,0,0
6271,0.5831552963112561,0,0,0
1100,0.5831552963112561,1,0,0
4475,0.5831451536071747,0,0,0
5925,0.5830455602793048,0,1,0
1710,0.5830374827711352,0,1,0
10159,0.5829984436333745,1,0,0
3804,0.5829984436333745,0,0,0
2291,0.5829984436333745,0,1,0
10658,0.5829984436333745,1,1,0
10549,0.5829984436333745,1,0,0
2233,0.5829984436333745,1,0,0
5687,0.5829984436333745,0,1,0
9,0.5829984436333745,1,0,0
11527,0.5829984436333745,1,0,0
2559,0.5829984436333745,1,0,0
12429,0.5829984436333745,1,1,0
11091,0.5829984436333745,1,0,0
9788,0.5829984436333745,1,0,0
707,0.5829524776293906,1,0,0
4072,0.5829164427295694,0,0,0
11139,0.5829164427295694,1,0,0
6715,0.5829164427295694,1,0,0
8163,0.5829164427295694,1,0,0
8012,0.5828862125970481,1,0,0
682,0.5828504634107913,1,0,0
1545,0.5827704845902087,1,1,0
2068,0.5827608594209172,1,0,0
3626,0.5827246411098521,0,0,0
5137,0.5826750288926165,0,0,0
339,0.5826750288926165,1,0,0
3774,0.5826750288926165,1,0,0
11469,0.5826661038634575,0,0,0
2604,0.5826661038634575,1,0,0
6080,0.5826661038634575,0,0,0
12043,0.5826661038634575,1,1,0
4169,0.5826661038634575,1,0,0
5790,0.5825643410130944,1,0,0
2118,0.58255827312122,1,0,0
7946,0.58255827312122,0,0,0
866,0.5825402525196292,1,0,0
11713,0.5825402525196292,0,0,0
1113,0.5824448506577923,0,0,0
4130,0.5824078591784416,0,0,0
12706,0.5823887910885,1,0,0
8987,0.5821907136583875,1,0,0
34,0.5821746688746966,1,0,0
7430,0.5821658745031891,1,1,0
2632,0.5820760047679808,1,0,0
1312,0.5819926203561858,1,1,0
6340,0.5817945512001217,1,0,0
11968,0.5815887812112656,1,0,0
6527,0.5815203686278133,1,0,0
3671,0.5813955184924888,1,0,0
6870,0.5813955184924888,1,0,0
4280,0.5813776663757849,0,0,0
1211,0.5813503202127878,1,0,0
12624,0.5813503202127878,0,0,0
606,0.5813394820680934,0,0,0
1552,0.581315175554067,1,0,0
9760,0.5812452747024891,0,0,0
12495,0.5812250569355029,1,0,0
2930,0.5812010600039295,1,1,0
10861,0.5811858356206003,0,0,0
10030,0.5811723206894436,0,0,0
5251,0.5811256995150034,1,1,0
6581,0.5810708003034348,1,0,0
823,0.5810426285490216,1,0,0
11976,0.5810411824109967,1,1,0
6847,0.5809745227458097,0,0,0
2834,0.5809745227458097,1,0,0
3329,0.5808994486636065,1,0,0
6750,0.5808961940218618,1,0,0
11036,0.5808173080202791,1,0,0
331,0.5807800446601229,1,1,0
10122,0.5807674196419913,1,0,0
12629,0.5807498064665297,1,0,0
12531,0.5806823924275623,1,0,0
3390,0.5806823924275623,1,0,0
7693,0.5806752239063439,1,0,0
7944,0.5806204983710372,1,0,0
5849,0.5805881651805638,1,0,0
11987,0.5805218895284165,1,0,0
11267,0.5804994783898901,1,0,0
6645,0.5803861131786634,0,1,0
10366,0.5803212456519206,1,0,0
4460,0.5802717038495088,1,1,0
10630,0.5802706908837626,1,0,0
3691,0.5802642479812481,1,0,0
5188,0.5802593028336064,0,0,0
11861,0.5802593028336064,1,1,0
2010,0.5801678863726996,0,0,0
3273,0.58005326867891,1,0,0
4749,0.5800517353656611,0,1,0
312,0.5800297867575666,1,0,0
188,0.580015643298375,1,1,0
12325,0.5800035127997819,1,0,0
233,0.5799701824967952,0,0,0
6778,0.5799501705127897,1,0,0
9967,0.5799041532664487,1,1,0
8046,0.579897726481553,1,0,0
10348,0.5798776599343858,1,0,0
2211,0.5798746419718696,1,0,0
2470,0.579782872457013,0,0,0
5800,0.5797785814813938,1,0,0
4141,0.5797785814813938,1,0,0
584,0.5797769240582284,0,0,0
4297,0.5796948420473794,0,0,0
1391,0.5796499210878054,1,0,0
6102,0.5796372539122965,1,0,0
7220,0.5796372539122965,0,0,0
7826,0.57961767933218,1,1,0
3492,0.57961767933218,0,0,0
976,0.579604069206762,0,0,0
12023,0.5795895446126187,0,0,0
6982,0.5794775372773215,1,0,0
9104,0.5794694179205688,1,0,0
10091,0.5794428950398915,1,1,0
8688,0.579422947245241,1,0,0
11576,0.5793751058114853,1,1,0
3308,0.5793055910769316,1,0,0
2094,0.5792260946642438,1,0,0
9579,0.5791126596326877,1,1,0
3235,0.5790539022762887,1,0,0
7610,0.5789646315351367,0,0,0
8455,0.5789583178358443,0,0,0
11487,0.57893143905094,0,0,0
771,0.5788693858260334,1,0,0
7215,0.5788434110380877,1,0,0
2468,0.5788337863002366,0,0,0
11000,0.5788231917488872,1,1,0
5604,0.5788077661755613,1,0,0
736,0.5788064427279861,1,0,0
9829,0.5787712162434017,0,0,0
6574,0.5786956200145278,1,0,0
2996,0.5786746289510487,0,0,0
187,0.5786746289510487,0,0,0
12326,0.5786700226211018,1,0,0
12748,0.5786461468770119,1,0,0
4099,0.5785199162597522,1,0,0
5328,0.5784792713660337,1,0,0
8912,0.5784412279199262,1,1,0
4822,0.5784234797290022,0,0,0
67,0.5783958310991452,1,0,0
10101,0.5783068189936283,1,0,0
11387,0.5780694863603557,1,1,0
9129,0.5780221148031597,1,0,0
1306,0.5779398129808224,1,0,0
6525,0.5778818493605928,0,0,0
8812,0.5778544794939013,1,0,0
6749,0.5778544794939013,0,0,0
9279,0.5778498750068808,1,0,0
2903,0.5778457481461967,0,0,0
10370,0.5778457481461967,1,0,0
3290,0.5778317179644771,0,0,0
4640,0.577818347471563,0,0,0
8075,0.5777580601166324,0,0,0
1559,0.5777483910553197,0,0,0
9926,0.5777018341698442,1,0,0
1148,0.577616033610175,1,0,0
1144,0.5775919203088932,1,0,0
6688,0.5775702790981351,1,0,0
2226,0.5775683017284875,1,0,0
9582,0.5775328380952032,1,0,0
6123,0.5775042664028925,1,0,0
10385,0.5775042664028925,1,0,0
240,0.5774790809828004,0,0,0
5366,0.5774771970391839,1,1,0
3518,0.5774249245410685,0,0,0
6511,0.5773744000187342,0,1,0
10251,0.577233413243409,1,0,0
4477,0.5772118011308915,1,0,0
8484,0.5771760030841246,0,0,0
5287,0.5771215732442276,1,0,0
1692,0.5769942781145923,1,1,0
697,0.5769559718852231,0,0,0
892,0.5769520145399066,1,0,0
4657,0.5769520145399066,1,0,0
9749,0.5769471526267176,1,0,0
10408,0.5768274587227793,0,0,0
5783,0.5766748609839858,1,0,0
8846,0.5766241835817147,1,0,0
3704,0.5765953920521771,1,0,0
2574,0.5765746596006626,0,0,0
9904,0.5765718891149507,1,0,0
4688,0.5765638506533874,1,0,0
3481,0.5765326267087364,1,0,0
10220,0.5765267333440909,1,0,0
3705,0.5765267333440909,1,0,0
2882,0.576502310071707,1,0,0
6808,0.5762931700430908,0,0,0
1916,0.5761352038554854,1,0,0
1329,0.5761297473753851,0,0,0
8713,0.5761297473753851,0,0,0
7590,0.5761297473753851,0,0,0
6334,0.5761297473753851,1,0,0
12089,0.5761297473753851,0,0,0
10653,0.5761297473753851,0,0,0
12578,0.5761297473753851,1,0,0
155,0.5761150436345649,0,1,0
6092,0.5760936542387547,1,0,0
5844,0.5760936542387547,1,1,0
7470,0.5760908649230002,1,1,0
6600,0.5760704983907984,0,0,0
11377,0.5760168798502758,0,0,0
191,0.5759977220945549,1,0,0
1638,0.5759497717607953,1,1,0
6118,0.5759471052200057,0,0,0
2676,0.5759333888281841,1,0,0
5620,0.5758671430681639,0,0,0
1721,0.5756602025145025,1,1,0
5974,0.5755229249053071,0,0,0
12005,0.5755229249053071,0,0,0
11010,0.5755058826764031,1,1,0
7278,0.5755058826764031,0,0,0
9709,0.5755058826764031,1,0,0
1071,0.5755058826764031,1,0,0
10451,0.5754966686743128,1,0,0
6964,0.5754834909457428,1,0,0
10263,0.5754742124183465,1,1,0
11631,0.5754541863277454,1,0,0
1774,0.5754467044471573,0,0,0
12143,0.5753042325236528,0,0,0
5776,0.5753042325236528,1,0,0
755,0.5752646748061759,0,0,0
10241,0.5752535096877177,0,1,0
1560,0.5752388294075723,1,0,0
1338,0.5752016710609033,1,0,0
3972,0.5751792455270945,0,0,0
1717,0.5751461546856619,1,0,0
1746,0.5751461546856619,1,0,0
2997,0.575131976449574,1,0,0
4227,0.5750951260731203,1,0,0
7871,0.5750428779933164,0,1,0
6244,0.5749873741293063,1,0,0
4985,0.5749851890885702,1,0,0
11106,0.5749149274976901,0,0,0
1075,0.574878230297099,1,0,0
4736,0.5748670360292654,0,0,0
8037,0.5748670360292654,0,1,0
7144,0.5747777429901845,0,0,0
8913,0.5747528510835255,1,0,0
7008,0.5747292268240373,1,0,0
350,0.574675561772298,0,0,0
2688,0.574675561772298,0,0,0
4821,0.574675561772298,0,0,0
9067,0.5746262662486529,1,0,0
8125,0.5746236052772202,1,0,0
8582,0.5746236052772202,1,0,0
352,0.5745839784231835,1,0,0
10767,0.5745805110198009,1,0,0
2803,0.5745384346331464,0,0,0
2037,0.5743630656371325,1,1,0
2976,0.5742712312158766,0,0,0
9210,0.5742603252574545,1,0,0
9341,0.5742462075114041,1,0,0
7564,0.5742462075114041,0,0,0
8471,0.5742462075114041,1,1,0
11675,0.5742462075114041,1,1,0
683,0.5742462075114041,1,0,0
6143,0.5742462075114041,1,1,0
6480,0.5742439767088481,1,0,0
592,0.574190492283812,0,0,0
10423,0.5741722680234826,1,1,0
12412,0.5741355684747229,0,0,0
6974,0.5741126575028216,1,0,0
1781,0.5739573555025292,0,0,0
7761,0.5738445874825873,0,0,0
4616,0.5738168540569041,1,0,0
7972,0.5737906875112483,1,0,0
6388,0.5737775961097856,0,0,0
11890,0.5737608354090951,1,0,0
10032,0.5737336732158916,0,0,0
7981,0.5737230701950261,1,0,0
9297,0.5737127444627783,1,1,0
2679,0.5736497238902936,0,0,0
12354,0.5736497238902936,0,1,0
12755,0.573608879969657,0,0,0
6691,0.5735615015168312,1,0,0
6794,0.5735615015168312,1,0,0
2741,0.5735456398643407,1,0,0
513,0.5735456398643407,0,0,0
10353,0.5735456398643407,1,1,0
4635,0.5735203605910569,1,0,0
12345,0.5734392174036567,1,0,0
9903,0.573400426945073,1,0,0
7776,0.573400426945073,1,0,0
1933,0.5733913384660759,1,0,0
10499,0.5733913384660759,1,0,0
12193,0.5733694445487499,0,1,0
9631,0.5733442414006649,1,1,0
2500,0.5733442414006649,1,1,0
1294,0.5733442414006649,1,1,0
4006,0.5733442414006649,0,0,0
3452,0.5733442414006649,0,1,0
8254,0.5733442414006649,1,0,0
5136,0.5733442414006649,1,0,0
5640,0.5733442414006649,0,0,0
1886,0.5733442414006649,1,0,0
1568,0.5733442414006649,0,1,0
9821,0.5733442414006649,1,0,0
11167,0.5733442414006649,1,0,0
2601,0.5733246180085277,1,0,0
7840,0.5733246180085277,1,0,0
3103,0.5732756956728379,1,0,0
46,0.5731997761625567,1,0,0
11142,0.5731997761625567,1,0,0
8219,0.5731974029281193,1,0,0
6098,0.5731760890012793,0,1,1
5808,0.5731476047983083,1,0,0
4994,0.5731256874136077,1,0,0
5170,0.573049339170356,1,0,0
6261,0.5730254452459085,1,0,0
12407,0.5730191746191241,1,1,0
4864,0.5730053353170229,1,0,0
9663,0.5730009191263321,1,0,0
5435,0.5729701482477221,1,0,0
7270,0.5729600166639542,1,0,0
2764,0.5729155930369252,0,0,0
4470,0.5729155930369252,0,1,0
3424,0.5728019530918074,1,1,0
1120,0.5727841532790606,0,0,0
4516,0.5727841532790606,1,0,0
1355,0.5727434132231407,0,0,0
2575,0.5726612484528645,1,1,0
10388,0.5726612484528645,0,0,0
7140,0.5726537367657576,1,0,0
3535,0.572608802323293,1,0,0
497,0.572608802323293,0,0,0
4512,0.572547071423251,1,0,0
4048,0.5724891290299235,0,1,0
10216,0.572481733031888,1,0,0
1414,0.572481733031888,1,0,0
146,0.5724717642793166,1,0,0
12088,0.5724598429093336,0,0,0
5850,0.5724465449600011,1,0,0
11249,0.5724231223627102,1,0,0
7979,0.572375824356199,0,0,0
12608,0.572309504792802,0,0,0
2196,0.5722353447810955,0,0,0
8817,0.5722265271795085,1,0,0
10736,0.5722265271795085,0,0,0
5911,0.5722265271795085,1,1,0
9489,0.5722265271795085,1,0,0
3506,0.5721752399178495,1,0,0
7384,0.5721437112691556,1,0,0
11519,0.5719949101232936,0,0,0
1986,0.5719923160398804,0,0,0
2639,0.571962601109373,1,0,0
7484,0.5719605742474533,1,0,0
9446,0.5718378578254008,1,0,0
8847,0.5717842815796926,0,0,0
4415,0.5717842815796926,1,1,0
11808,0.5717842815796926,1,0,0
4281,0.5717581254714899,1,0,0
719,0.5717488183321349,0,0,0
5158,0.5717359924510317,0,0,0
3517,0.5716510637286751,1,0,0
2594,0.5715775269897304,0,0,0
10511,0.5715775269897304,1,0,0
2931,0.5715775269897304,1,0,0
8082,0.5715775269897304,1,0,0
1422,0.5715775269897304,1,0,0
11899,0.5715775269897304,1,0,0
3347,0.5715775269897304,1,0,0
3383,0.5715775269897304,0,0,0
9252,0.5715775269897304,1,0,0
7090,0.5715775269897304,1,0,0
11110,0.5714849679034031,1,1,0
3796,0.5714646982188977,1,0,0
3250,0.5714348320521876,0,1,0
10431,0.5714348320521876,0,0,0
12225,0.5713951505424365,1,0,0
10330,0.5713951505424365,1,0,0
8124,0.57139455593384,0,0,0
8879,0.5713197836629675,1,0,0
3970,0.5712522649039045,1,0,0
7780,0.5712290355236284,1,0,0
7035,0.5712290355236284,1,1,1
7363,0.5712058268587001,1,0,0
10288,0.5711790424859063,1,0,0
9819,0.5711409427683942,1,0,0
12343,0.5711360983879689,0,0,0
6319,0.5710374375737797,1,0,0
7113,0.5709733193593459,1,0,0
325,0.5709271190303788,1,0,0
9717,0.57090859496482,1,1,0
5865,0.570894165009959,1,0,0
11302,0.570894165009959,1,0,0
778,0.570894165009959,0,1,0
702,0.5708297649145235,1,0,0
5201,0.5707716618016107,1,0,0
2516,0.5707716618016107,1,0,0
11404,0.5707589010654328,0,0,0
11372,0.5707360134072169,0,0,0
12146,0.5707360134072169,0,0,0
12474,0.5706716966238968,0,0,0
10723,0.5705678366290629,0,0,0
12315,0.5705658767595327,1,1,0
5575,0.5705501239421837,1,0,0
7819,0.5704609146449913,0,1,0
2014,0.5704051225366971,0,0,0
2006,0.5704014727965089,1,0,0
3307,0.5703782146732479,1,0,0
8984,0.5703128377014928,0,0,0
7529,0.5703128377014928,1,0,0
4450,0.5702989301834089,1,0,0
10822,0.5701946487818649,1,0,0
6625,0.5701540342228586,1,0,0
2908,0.5701209378035557,1,0,0
566,0.5699863258687284,1,0,0
3678,0.5699828729544746,1,0,0
3622,0.5699083302746756,0,0,0
9434,0.5699083302746756,1,0,0
11622,0.5698907014078815,0,0,0
6110,0.5697682284526469,1,0,0
8908,0.5697400738304456,1,0,0
12491,0.5697058800563392,1,1,0
7515,0.5695914499982827,1,0,0
6934,0.5695914499982827,1,1,0
7141,0.5695841771684639,1,1,0
1817,0.5695812229385898,1,0,0
9059,0.5695812229385898,0,0,0
3946,0.569528381091395,1,0,0
1711,0.5695222303048061,1,0,0
5598,0.5695146190301964,1,0,0
5463,0.569510464772829,1,0,0
998,0.569443978865178,0,0,0
3342,0.569443978865178,1,0,0
7310,0.569443978865178,0,0,0
3624,0.5694352630666123,1,1,0
4626,0.5694183228152343,1,0,0
8033,0.5693769915119181,0,0,0
9783,0.5693603476106407,0,1,0
9037,0.5693254721384615,1,0,0
11064,0.5692992364908144,1,0,0
10189,0.5692992364908144,1,0,0
7069,0.5692697672925763,0,0,0
8919,0.5692609549948828,1,0,0
2642,0.5691646727049522,0,1,0
1813,0.5691479180113151,1,0,0
11124,0.5691192809360025,1,1,0
6090,0.5690820301266842,1,0,0
3324,0.5690784461345901,0,0,0
10692,0.5690681737867336,0,0,0
7708,0.5690653773839821,1,0,0
3267,0.5690653773839821,0,0,0
8960,0.5690514419769184,0,1,0
8722,0.569029897499389,1,0,0
9167,0.5690268189806619,1,0,0
9778,0.568932138143513,1,1,0
4379,0.5687493512218068,1,0,0
7570,0.5687493512218068,1,0,0
10044,0.5687493512218068,1,1,0
7754,0.5687421723879051,0,0,0
11288,0.5687151612288381,1,0,0
1528,0.5686955647603295,1,1,0
1866,0.5686762306658717,1,0,0
986,0.5686428336767028,0,0,0
77,0.5686294450053454,0,0,0
4197,0.5686294450053454,0,1,0
3607,0.5686294450053454,0,0,0
4569,0.5686048510502084,0,0,0
6943,0.5685794312931112,1,0,0
8156,0.5685794312931112,1,0,0
11924,0.5685586189826465,1,0,0
11060,0.5685241010962708,1,0,0
2534,0.5684836326117467,1,0,0
8188,0.5684836326117467,1,1,0
2808,0.5684442233849757,1,0,0
12739,0.5684442233849757,1,0,0
8625,0.5683638952693685,0,0,0
6347,0.5683638952693685,0,0,0
7225,0.5683612001946253,0,0,0
8873,0.5683598222570382,1,0,0
6072,0.5683372026202613,1,1,0
12553,0.5682999800473941,0,0,0
908,0.5682659734240352,0,0,0
6811,0.5682529923129472,1,0,0
9243,0.5682529923129472,1,0,0
3288,0.5682281362070478,0,1,0
6867,0.5681113523961778,1,0,0
3839,0.5680989983322802,1,1,0
2641,0.568079465742586,1,0,0
12046,0.5680584922123814,1,0,0
1174,0.5680474149578738,1,0,0
4221,0.5680356919971569,1,0,0
7893,0.5680221080195114,1,1,0
6542,0.5680206225566189,1,0,0
8756,0.5679376749041265,0,0,0
11495,0.5679169756582456,0,0,0
8361,0.5678572392153108,0,1,0
12575,0.5678369620839397,1,0,0
11143,0.5678271801547093,1,0,0
10850,0.5678247911724899,1,0,0
11137,0.5677940489399473,1,0,0
2197,0.5677354474054962,1,0,0
8074,0.5677186444501131,1,1,0
11814,0.5677186444501131,1,0,0
5648,0.5676961622502688,1,0,0
6246,0.5676961622502688,0,0,0
7321,0.5676961622502688,1,0,0
6206,0.5676606704982651,1,1,0
3431,0.5676387114922543,1,0,0
5569,0.5676387114922543,1,0,0
11262,0.5675988765686268,0,0,0
8295,0.5675881310789007,1,1,0
3640,0.5675834810515207,1,0,0
10750,0.5675785064861475,1,0,0
1326,0.5675785064861475,1,0,0
10647,0.5675633324516408,1,0,0
3981,0.5675581805620865,1,1,0
6205,0.5675184541323802,0,1,0
3128,0.5675184541323802,0,0,0
3941,0.567504441673162,1,0,0
10473,0.5674809420823759,1,0,0
9782,0.5674145361714441,0,1,0
11223,0.5674038115458598,1,0,0
2529,0.567323459129737,1,0,0
5900,0.567323459129737,1,0,0
6497,0.5672937417429028,1,0,0
3102,0.5672368802842789,0,0,0
3296,0.5672317966009005,1,0,0
12644,0.5670875275487517,1,0,0
2509,0.5670295847549092,1,0,0
4200,0.5669896682249702,0,1,0
9497,0.5669467244912442,0,0,0
2193,0.5668374712485429,0,0,0
716,0.5668356381453272,1,1,0
8924,0.5668033686804413,0,0,0
5526,0.5666480193537664,1,0,0
3773,0.5666055912979647,1,0,0
12620,0.5666009702499328,1,0,0
11936,0.5665459869957497,1,0,0
12316,0.5665138779081995,1,0,0
1250,0.5664987276532776,1,0,0
12329,0.5663048270442739,1,0,0
9637,0.5662113267582867,1,0,0
272,0.5661803152436712,0,0,0
10557,0.5661586106217862,1,0,0
125,0.5660952224277787,1,0,0
7289,0.5660374332436934,0,0,0
7764,0.5659897479495581,1,0,0
8000,0.5659719628549755,1,1,0
9005,0.5659719628549755,1,1,0
8309,0.5659620763845838,1,0,0
643,0.5659448743609392,1,0,0
3797,0.5659401263716978,1,0,0
10092,0.565918817649728,1,1,0
7146,0.565917809457815,1,0,0
8111,0.5658139392096897,0,0,0
4706,0.5657808796940356,0,0,0
453,0.5657782409390998,0,0,0
3479,0.5657367393442538,1,0,0
12715,0.5656279148462944,0,0,0
3241,0.5655739696223595,0,0,0
10608,0.5655739696223595,1,0,0
9049,0.5655026239753229,1,1,0
3375,0.5655026239753229,0,0,0
4735,0.5652190704429768,1,0,0
7353,0.5651647059901533,1,0,0
10061,0.5650122539012757,1,0,0
389,0.5649713057933575,0,0,0
4971,0.5649452470635491,0,0,0
164,0.564941118865659,1,0,0
12335,0.5649099073967058,1,0,0
4937,0.5648402170171184,1,1,0
3656,0.5648402170171184,1,0,0
7777,0.5648330543509423,1,1,0
2044,0.5648208336557741,0,0,0
698,0.5647707617350984,0,1,0
8641,0.5647683520509887,0,0,0
12443,0.5647185672198066,1,0,0
12753,0.5646506225439862,1,0,0
7415,0.5646267440754154,1,1,0
9779,0.5645969231627306,1,0,0
7614,0.5645891704008995,1,0,0
8545,0.5645891704008995,1,0,0
2292,0.5645324246496417,0,0,0
7738,0.5644783484721847,1,0,0
1158,0.5644783484721847,0,0,0
10768,0.5644510856928111,1,0,0
12173,0.5644383198948244,1,0,0
9255,0.5644383198948244,1,0,0
10691,0.5643504629577022,1,0,0
2138,0.5642680064493849,1,1,0
8928,0.5641716299802755,0,0,0
10290,0.5641039082395233,1,0,0
3067,0.5639312440805526,0,0,0
1812,0.5639224239690264,0,0,0
10027,0.5638922506692776,1,0,0
10971,0.563848757904336,0,1,0
8144,0.5638282021965965,1,0,0
4274,0.5638282021965965,0,0,0
6064,0.5637767909686737,1,0,0
9630,0.5637515291484037,0,1,0
2130,0.5637503412599255,0,0,0
11914,0.5637503412599255,1,0,0
4232,0.5637147799675145,1,1,0
8911,0.5637147799675145,0,0,0
4593,0.5637147799675145,0,0,0
8769,0.5637147799675145,1,0,0
4525,0.5636518921285847,0,0,0
10023,0.5636394608432743,0,1,0
1180,0.5636185850260208,0,0,0
9004,0.5635962979329875,0,0,0
7478,0.5634922587758608,0,0,0
9931,0.5634922587758608,0,0,0
5323,0.5634922587758608,1,0,0
2971,0.5634521993132572,1,0,0
2571,0.5634495338479688,1,0,0
6702,0.5634388483313255,1,0,0
6120,0.5634103341175608,1,0,0
2356,0.5633937650310047,1,0,0
11632,0.5633725053884197,1,0,0
4614,0.5633590172112578,0,1,0
6741,0.5632427446673498,0,0,0
9389,0.5632377008160135,0,0,0
11726,0.5632053877498818,1,0,0
10772,0.5631160450138132,1,0,0
7798,0.5631107593220731,1,1,0
9315,0.5630332821814702,0,0,0
765,0.5630332821814702,1,0,0
3463,0.5630240521497437,1,0,0
4757,0.5630240521497437,0,0,0
4036,0.5630240521497437,1,0,0
2114,0.5630240521497437,0,0,0
4765,0.5629201494449841,0,0,0
2294,0.5629119122661834,1,0,0
8690,0.5628901999505466,1,0,0
4717,0.5628587006498664,1,0,0
8784,0.5628192776597514,0,0,0
12460,0.5627732826534361,1,0,0
774,0.5627635780330377,1,0,0
3044,0.5627517890155194,0,1,0
1407,0.5627394109759484,0,0,0
5617,0.5626872003955318,0,0,0
12435,0.5625273765807693,1,0,0
685,0.5625183004739294,1,0,0
9635,0.562444609945063,1,0,0
11549,0.5624186091410482,1,0,0
6336,0.5624008661696843,0,0,0
2962,0.562378481746451,1,0,0
9822,0.562378481746451,0,0,0
10063,0.562378481746451,1,1,0
12564,0.562378481746451,1,0,0
6788,0.562378481746451,1,0,0
11235,0.5623729167695287,0,0,0
6288,0.5623571531217709,0,0,0
11545,0.5622993332934215,1,0,0
11980,0.562266419156051,1,0,0
23,0.5620254529027366,1,0,0
2864,0.5620245924621677,0,0,0
3119,0.5619974956249918,1,0,0
10196,0.5619847574899565,0,1,0
5819,0.5619256992725287,1,0,0
11671,0.5618888163446069,1,0,0
1948,0.5618579615316541,0,1,0
5613,0.5617123709871978,1,1,0
11186,0.5617066819502429,1,0,0
11491,0.5616863920768548,1,0,0
8916,0.5616481236544069,1,0,0
6729,0.5616236946436474,0,0,0
8097,0.5615877289258187,1,0,0
8881,0.5615214917763638,1,0,0
5143,0.561479159958389,1,0,0
5036,0.5614607656310335,1,0,0
9242,0.5614596606195761,1,0,0
2418,0.5614596606195761,0,0,0
9996,0.5614527174518206,1,0,0
9985,0.5613001495079428,1,1,0
3061,0.5613001495079428,1,1,1
2701,0.5612890317374519,1,0,0
4188,0.5612728805680828,1,0,0
6937,0.5611983484834661,0,0,0
5529,0.5611849053205926,1,0,0
8460,0.5611703400232363,1,0,0
5913,0.5611701337339252,1,0,0
1548,0.5611590470820217,1,0,0
12538,0.5611390187225924,1,0,0
1384,0.5611390187225924,0,0,0
7721,0.5611191842899496,1,0,0
9395,0.5608895542676142,1,1,0
8584,0.5608895542676142,1,0,0
2357,0.5608895542676142,1,0,0
1234,0.5608895542676142,1,0,0
4287,0.5608235001642072,1,0,0
4313,0.5608235001642072,1,0,0
7214,0.5607513825861294,0,1,0
11411,0.5606624092274182,1,0,0
10191,0.5605788703902289,1,0,0
4931,0.5604569018855052,0,0,0
7250,0.5604017097572551,1,0,0
4349,0.5603337154232635,1,0,0
6396,0.5602886309498677,0,0,0
3315,0.560272507894845,1,0,0
8211,0.5602692159373686,0,1,0
3712,0.5602455422125058,1,0,0
12432,0.5602318395524352,1,0,0
2536,0.5602242203589846,1,0,0
7073,0.5600556192792767,1,0,0
12590,0.5600048645122396,1,0,0
505,0.5600048645122396,1,0,0
2361,0.5600048645122396,1,0,0
8950,0.5600048645122396,1,1,0
7294,0.5599986842407133,1,1,0
1129,0.5599986842407133,0,0,0
11929,0.5599986842407133,1,0,0
3094,0.5599902280407646,1,0,0
11670,0.5598859138628696,1,0,0
4335,0.5598793619089909,1,0,0
2383,0.5598394094628745,1,0,0
10334,0.5598094327635122,1,0,0
4612,0.5597972436235711,0,0,0
11354,0.5597079843989055,0,1,0
4881,0.5596790619461854,0,1,0
10859,0.5596488148642158,0,0,0
8531,0.5596416038973291,1,0,0
6685,0.5596371972322398,1,0,0
5738,0.5596190103095356,1,0,0
7209,0.5596174001687452,0,0,0
2315,0.5595996336560201,1,0,0
5438,0.5595907334216669,0,0,0
2989,0.5595907334216669,1,0,0
8265,0.5595361386088328,1,0,0
5066,0.5595335907701127,1,0,0
6852,0.5595105527283847,1,0,0
582,0.55949608912534,0,0,0
6832,0.5594214264402119,1,1,0
10610,0.5593660119424998,0,0,0
4189,0.5593411354244453,1,0,0
1086,0.5593411354244453,0,0,0
5118,0.5593411354244453,1,0,0
10486,0.5593411354244453,0,0,0
7799,0.5593208505422902,1,0,0
3207,0.5593208505422902,0,1,0
5571,0.5592601464796818,1,0,0
3323,0.5592190762942614,0,0,0
7022,0.5592065642979749,0,0,0
11074,0.5591909195420034,0,0,0
11072,0.5591909195420034,0,0,0
7889,0.5591724290594491,0,1,0
2981,0.5591706870553245,1,0,0
8428,0.559073728393081,0,0,0
10246,0.5590371060457848,0,0,0
9572,0.559007339228062,1,0,0
11953,0.5589610060840231,0,0,0
9731,0.5589490292825998,1,0,0
5697,0.5588977705564365,0,0,0
11131,0.5588277169426252,0,0,0
5642,0.55869647473129,1,1,0
4242,0.5586128005946291,1,0,0
11045,0.5585811751116124,0,0,0
185,0.5585301252608386,0,0,0
3144,0.5585254855181541,1,0,0
8861,0.5583539738765567,1,0,0
9062,0.5583477805804944,1,0,0
8169,0.5583141566900361,1,0,0
3931,0.5582860108712341,1,0,0
363,0.5582860108712341,1,0,0
6163,0.5582860108712341,1,0,0
2591,0.5582860108712341,0,0,0
2112,0.5582860108712341,1,0,0
6428,0.5582860108712341,0,1,0
1436,0.5582860108712341,1,0,0
6125,0.5582860108712341,0,0,0
2969,0.5582183796367215,1,0,0
374,0.5581952902814746,1,0,0
1451,0.5580065287616056,1,0,0
12696,0.5579821021686443,0,1,1
4239,0.5579821021686443,1,0,0
12757,0.5578900924520979,1,0,0
1760,0.5578900924520979,0,0,0
8925,0.5577638047955461,1,1,0
11896,0.5577638047955461,0,0,0
10034,0.5577638047955461,0,0,0
9877,0.5577638047955461,0,0,0
3701,0.5577638047955461,0,0,0
7807,0.5577638047955461,1,0,0
6453,0.5577638047955461,0,0,0
3423,0.5577638047955461,1,0,0
10374,0.5577638047955461,0,1,0
12394,0.5577638047955461,1,0,0
9957,0.5577638047955461,1,0,0
9303,0.5577638047955461,1,0,0
5860,0.5577638047955461,1,0,0
104,0.5577629496333871,0,0,0
12322,0.5577165654925085,1,0,0
2977,0.5577141920393208,1,0,0
3877,0.5577141920393208,0,0,0
4957,0.55768996341414,1,1,0
9750,0.5576340460073613,0,0,0
715,0.5576275609749198,0,0,0
11459,0.5575054563113729,0,0,0
4982,0.5575054563113729,1,1,0
6409,0.5575047343009752,0,0,0
4150,0.5574887094281604,1,1,0
724,0.5574640995671643,1,0,0
5715,0.5574480704773687,0,0,0
5113,0.5574285227087419,1,0,0
3869,0.5573919514328215,0,0,0
7673,0.557336246634721,1,0,0
1868,0.5572745125509528,0,0,0
11986,0.5572625872888928,1,1,0
1134,0.5572386683133349,1,0,0
12188,0.5572362929013198,0,0,0
6500,0.5571926879674538,1,0,0
10378,0.5571926879674538,1,0,0
12632,0.5571782097191207,0,0,0
3153,0.5571782097191207,0,0,0
10386,0.5571782097191207,1,1,0
12529,0.5571464448853712,1,1,0
1779,0.5570827866540906,1,0,0
7843,0.557077786543354,0,1,0
1935,0.5570495760288876,1,0,0
5004,0.5570232407449032,0,0,0
4292,0.5569875876446467,1,0,0
8782,0.5569757374495387,1,1,0
3451,0.5569757374495387,1,0,0
6633,0.556974202361625,0,0,0
2697,0.556974202361625,1,0,0
8776,0.556974202361625,1,1,0
1480,0.5569531181879807,1,0,0
6005,0.556907636047813,1,0,0
8167,0.5569005734670781,1,0,0
2249,0.5568829393148476,0,1,0
3933,0.5568363121062514,1,0,0
69,0.556747790094862,1,0,0
7919,0.556747790094862,0,0,0
5199,0.5567166993004554,1,0,0
12383,0.5566974342691062,0,0,0
6904,0.5566483306339325,1,1,0
4745,0.556619800896713,1,0,0
7767,0.556619800896713,1,0,0
6920,0.556553965755944,0,0,0
4306,0.5565215655655082,1,1,0
8404,0.556465724931175,0,1,0
12577,0.5564539282687221,1,0,0
11222,0.5564503890630556,1,0,0
5914,0.5563369053195157,1,0,0
4463,0.5563369053195157,1,1,0
1699,0.5563357043155306,1,0,0
1893,0.5562459441530776,1,1,0
1879,0.5562459441530776,1,0,0
4376,0.5562368308370685,1,1,0
552,0.5562070225058885,1,0,0
4225,0.5562034721006806,1,0,0
543,0.5561995829774581,1,0,0
11228,0.5561995829774581,0,0,0
10050,0.5561533380693935,1,1,0
8057,0.5561256564795231,1,0,0
8509,0.5560644131818773,1,0,0
1637,0.5560644131818773,1,0,0
8322,0.5560644131818773,0,0,0
3998,0.5560644131818773,0,0,0
4797,0.556016048482272,1,1,0
2323,0.5559382342028159,1,0,0
8053,0.5559382342028159,1,0,0
12479,0.5559268588489478,1,0,0
1118,0.5559268588489478,0,0,0
6032,0.5559268588489478,1,0,0
1761,0.5559268588489478,1,0,0
12770,0.5558491617731887,0,0,0
10640,0.5558385627123699,1,1,0
4716,0.5558262157618024,1,0,0
4107,0.5558262157618024,0,0,0
8681,0.5558212588527954,0,0,0
12406,0.5557452050876105,1,0,0
5067,0.5557452050876105,0,0,0
8191,0.5557452050876105,0,0,0
797,0.5557452050876105,1,1,0
6992,0.5557452050876105,0,0,0
4575,0.5557452050876105,1,0,0
10770,0.555687284172348,0,0,0
818,0.555687284172348,0,0,0
10733,0.5556120509253916,1,0,0
7906,0.5556071288899564,0,1,0
8497,0.555552158990185,1,0,0
11662,0.5555325743113265,1,0,0
6425,0.5555325743113265,1,1,0
959,0.5555299223030101,1,0,0
5993,0.5555055672045203,1,0,0
7347,0.5554574168038889,1,0,0
281,0.5552578355588175,1,1,0
4039,0.5552415933889704,1,0,0
7378,0.5552415933889704,1,1,0
8929,0.5552415933889704,1,1,0
3625,0.5551760735677462,1,0,0
12327,0.55515697489198,0,0,0
1053,0.5551347435089871,1,0,0
3429,0.5551204101789123,1,0,0
471,0.5551042954883091,0,0,0
10492,0.5550960750782372,0,1,0
5736,0.5550457440212531,0,0,0
12061,0.5549509730397475,1,0,0
2856,0.5549039462190603,0,0,0
2494,0.5548877301992303,1,1,0
10832,0.5548814959589687,1,0,0
12472,0.5547611037736567,1,0,0
7325,0.5547150177923145,1,0,0
153,0.5547004029690711,1,0,0
854,0.5547004029690711,0,0,0
9245,0.5546843712482006,1,0,0
2169,0.5546458514998488,0,0,0
7034,0.5546458514998488,1,1,0
6791,0.5546458514998488,1,0,0
4255,0.5546458514998488,1,1,0
4079,0.5546458514998488,1,0,0
5339,0.5546458514998488,0,0,0
3843,0.5545197849836403,1,0,0
1506,0.5545018909969931,0,0,0
3784,0.5544434605199628,1,0,0
2415,0.554397506347786,1,0,0
9998,0.554397506347786,1,0,0
9230,0.5543931469633627,1,0,0
11635,0.5543784668003341,0,0,0
5159,0.5543313167472254,1,1,0
5772,0.5543313167472254,1,0,0
921,0.5543071085688223,0,0,0
8438,0.554283368235483,1,0,0
2593,0.5542578732069636,0,0,0
11203,0.5542401886016685,0,0,0
1027,0.5542049264394331,0,0,0
12310,0.5541980967925759,1,0,0
5022,0.554141549864084,0,0,0
4352,0.5541359322691067,1,0,0
2838,0.5540966250356261,1,0,0
415,0.5540966250356261,0,0,0
1598,0.5540966250356261,1,0,0
8696,0.5540966250356261,1,0,0
5683,0.5540686285242635,1,0,0
10687,0.5540272428321048,0,1,0
5008,0.5540057040858775,0,0,0
6264,0.5540015659421481,0,0,0
7072,0.5539478925487432,1,0,0
4537,0.5539333438375502,0,1,0
12501,0.5538940766417753,0,0,0
11508,0.5538710713577507,1,1,0
12303,0.5538659289212006,1,0,0
4803,0.553832545460075,0,0,0
2844,0.5538187585873797,0,0,0
5085,0.5536579579213623,1,0,0
12242,0.5535962160205454,0,0,0
5498,0.5535962160205454,1,1,0
4263,0.5535319032982398,0,0,0
11100,0.553500637945542,0,0,0
10349,0.5534856611249827,1,0,0
6383,0.5534856611249827,1,1,0
2505,0.5534281433496402,1,0,0
2225,0.5533579618754719,0,0,0
2102,0.5533205148442355,0,1,0
10806,0.5532817264155464,0,0,0
5634,0.5532755077316068,1,1,0
3727,0.5532175689675198,1,0,0
3894,0.553139101609367,1,0,0
7286,0.5531206452090642,1,0,0
12058,0.5530934884503809,1,0,0
5623,0.553091885013835,0,0,0
9325,0.553053624711405,0,0,0
7634,0.5529248507039887,0,0,0
9286,0.5529114221414961,1,0,0
695,0.5529007502101485,1,1,0
2630,0.5528882747682019,0,0,0
12698,0.55284529945796,0,0,0
7441,0.5527915675800006,1,0,0
9334,0.5527751481663266,1,0,0
5417,0.552710960565131,1,0,0
10227,0.5526438030850196,0,1,0
10210,0.5526434011094871,0,0,0
12172,0.5526434011094871,1,0,0
3321,0.5526434011094871,1,0,0
6083,0.5526434011094871,0,1,0
10784,0.5526434011094871,0,0,0
6324,0.5526434011094871,1,0,0
1937,0.5526434011094871,1,0,0
9354,0.5525800828279018,1,0,0
9132,0.5524930867014431,0,0,0
2661,0.5524904342553082,1,0,0
2251,0.5524778283180851,0,0,0
12462,0.55246618768346,1,0,0
5042,0.5524261218342609,1,1,0
2907,0.5524064827237362,1,1,0
7966,0.5523889051614376,0,0,0
10298,0.5523730010048228,1,0,0
8360,0.5523105399685084,0,0,0
625,0.5523022232612624,1,1,0
714,0.5523022232612624,0,0,0
6404,0.5522217229664651,1,1,0
2939,0.5522053100939197,1,0,0
2166,0.552138558669961,1,1,0
7527,0.5520953388999947,1,0,0
4340,0.5520794686972003,0,0,0
7703,0.5520180508680776,1,0,0
11481,0.5519776700008213,1,0,0
1401,0.5519564840967108,1,0,0
11598,0.5519564840967108,0,0,0
3878,0.5519564840967108,1,0,0
6689,0.5519314410864105,0,0,0
10773,0.5519034541976249,1,1,1
8639,0.5518595664297747,1,0,0
9169,0.5518595664297747,0,0,0
10519,0.5518595664297747,1,1,0
60,0.5518595664297747,1,0,0
10940,0.5518595664297747,0,0,0
4683,0.5518595664297747,1,0,0
1034,0.5518413748327932,1,0,0
5150,0.5518246625498855,1,0,0
10848,0.5518091070963832,1,0,0
12236,0.5518091070963832,1,0,0
4187,0.5518091070963832,0,0,0
10347,0.5518091070963832,1,0,0
10764,0.5518091070963832,1,1,0
933,0.5518091070963832,1,0,0
1897,0.5518016870232973,1,1,0
2812,0.5517830414846714,1,0,0
6787,0.551761722231645,1,0,0
9892,0.5516898873816917,0,0,0
12581,0.5516293471158455,1,0,0
6390,0.5516082092497616,1,1,1
12692,0.551499782545565,1,0,0
6037,0.5514357533260363,1,0,0
5707,0.551418011875337,1,0,0
431,0.551418011875337,0,0,0
8212,0.5513174817082274,1,0,0
6101,0.5513018725548614,1,0,0
8313,0.5512879943958728,0,0,0
1270,0.5512876577781809,1,0,0
9473,0.5511547512798108,1,0,0
12782,0.5511464243899705,0,0,0
7224,0.5511464243899705,0,0,0
2220,0.5511017004369617,1,0,0
4728,0.551064403155667,1,0,0
5218,0.5509930875400495,1,0,0
7449,0.5509930875400495,1,0,0
11166,0.5509930875400495,1,0,0
5902,0.5509930875400495,0,1,0
9026,0.5509930875400495,0,0,0
9687,0.5509930875400495,1,0,0
5346,0.5509930875400495,0,0,0
2351,0.5509432659876881,0,0,0
490,0.5508768383469195,1,0,0
11608,0.5508732165960722,1,0,0
12631,0.5508732165960722,1,1,0
4301,0.5508353842776401,1,0,0
1625,0.5506640848932187,1,0,0
4173,0.5506359143835178,1,0,0
303,0.550611543594662,0,0,0
5949,0.5506102697240097,1,0,0
1388,0.5505655833895691,1,0,0
8107,0.5503828197343874,1,0,0
7787,0.5503367413731514,1,0,0
1827,0.5502343693859034,0,0,0
2206,0.5502020845398189,1,0,0
7680,0.5501335304596312,1,0,0
9041,0.5500814936276884,0,0,0
10069,0.5499959699137424,1,1,0
7173,0.5497690862169868,1,0,0
156,0.5496071764699191,0,0,0
10494,0.5495956281784717,1,0,0
2207,0.5495873804941037,1,0,0
12676,0.549585309526025,1,0,0
1664,0.5495575694430023,0,0,0
2295,0.5495514951956527,0,0,0
9764,0.5494052218509626,1,1,0
10080,0.5493968957722372,1,0,0
6473,0.5493968957722372,1,0,0
10914,0.5493968957722372,0,0,0
1606,0.5493968957722372,1,1,0
4025,0.54934191820242,1,0,0
12366,0.5493383635683198,1,0,0
7858,0.5493383635683198,1,0,0
8008,0.5492990988358677,1,1,0
8369,0.5492910635183977,1,0,0
9596,0.5492910635183977,1,0,0
4597,0.549263247059243,0,0,0
9917,0.5492577211799533,1,1,0
1636,0.5492577211799533,0,0,0
3551,0.5491954141797134,1,0,0
400,0.549188514583631,0,0,0
12771,0.5491755779644306,1,0,0
4235,0.5491755779644306,1,0,0
9184,0.5491755779644306,0,1,0
225,0.5490979735153098,1,0,0
10681,0.5490426524590799,1,0,0
6569,0.5490254149165511,1,1,0
5121,0.548976176705583,1,0,0
8674,0.548976176705583,0,0,0
11043,0.548976176705583,0,0,0
3019,0.548976176705583,0,0,0
3975,0.5489618999712258,0,0,0
7054,0.5489453038509301,1,1,0
3345,0.5489342777367944,0,0,0
3016,0.5488941328896623,1,0,0
12312,0.5488725711828641,1,0,0
9856,0.548855368253034,1,0,0
9854,0.5487052228172649,0,0,0
3274,0.548691439686992,0,0,0
8408,0.548668730548836,1,0,0
2203,0.5485929538405542,0,0,0
9265,0.5485929538405542,1,0,0
7438,0.5485890201424448,1,0,0
7417,0.5485090679174064,1,1,0
7038,0.5485090679174064,0,0,0
5940,0.5483600331423557,0,0,0
3688,0.5483583456457428,1,0,0
7252,0.5483583456457428,0,0,0
2669,0.5483362312358029,1,0,0
3571,0.5483322146147677,1,0,0
12184,0.5482807674837903,1,0,0
10498,0.5482199883206086,1,0,0
2818,0.5481885876601277,0,0,0
3198,0.5481585261427088,0,0,0
12223,0.5481585261427088,1,0,0
10339,0.548151578625926,1,0,0
9725,0.5480836688330192,1,0,0
8706,0.5480836688330192,1,0,0
3009,0.5480836688330192,1,1,0
3968,0.5480732078330935,1,0,0
1476,0.5480732078330935,0,0,0
564,0.5480732078330935,1,0,0
7219,0.5480732078330935,1,0,0
5611,0.5480732078330935,0,0,0
958,0.5480732078330935,1,0,0
10758,0.5480732078330935,1,0,0
6952,0.5480732078330935,1,0,0
7439,0.5480732078330935,1,0,0
2362,0.5480732078330935,0,1,0
6935,0.5480732078330935,1,0,0
12079,0.5480693108534965,1,0,0
9410,0.5479896337490607,0,0,0
9960,0.5479706192504519,0,0,0
1367,0.5479290049152872,1,1,0
4690,0.5478788745494187,1,0,0
9271,0.5478470269928951,0,0,0
7464,0.5477883904409963,0,0,0
922,0.5477448111679765,1,0,0
9084,0.5476944685784705,0,1,1
6959,0.5476944685784705,1,0,0
5639,0.5476944685784705,1,0,0
11319,0.547634047125478,1,0,0
10797,0.547634047125478,1,0,0
6814,0.5476166236249698,1,0,0
8127,0.5476152687637041,1,0,0
9973,0.5476121101487423,0,0,0
235,0.5475919720059802,0,0,0
2624,0.5475839037794445,0,0,0
11294,0.5475839037794445,1,0,0
9626,0.5475834589227786,1,0,0
11424,0.5475834589227786,1,0,0
5480,0.5475459033569422,1,0,0
4811,0.5475343962952063,0,0,0
8077,0.5474746656477878,1,0,0
6577,0.5474372713796525,1,0,0
2067,0.5474372713796525,0,0,0
4327,0.5474148939315527,0,0,0
906,0.5473882691684716,1,0,0
4182,0.5473882691684716,0,1,0
721,0.5473787786263902,0,0,0
2051,0.5473734636526939,1,0,0
5383,0.5473240219647929,0,0,0
10314,0.5473240219647929,0,1,0
779,0.5472693126432817,1,0,0
11205,0.5471987881751638,1,0,0
1010,0.5471885090930898,1,0,0
3353,0.5471019925008295,0,0,0
1295,0.5470805608177035,1,0,0
2670,0.5470480189933677,0,0,0
11383,0.5470438941165265,1,0,0
11342,0.5470438941165265,1,0,0
3992,0.5470268717208016,1,0,0
5732,0.5470197866927026,1,0,0
6810,0.5469969041037454,1,0,0
5992,0.5469969041037454,1,0,0
5673,0.5468619397069671,1,1,0
2715,0.5467749964590694,1,0,0
11818,0.5466179264429423,1,0,0
727,0.5466010631770887,0,0,0
1816,0.5466010631770887,0,0,0
12678,0.5465907405450877,1,0,0
7024,0.5465907405450877,1,0,0
5243,0.5465907405450877,0,0,0
12549,0.5465907405450877,1,0,0
12527,0.5465907405450877,1,0,0
7880,0.5465907405450877,1,1,0
646,0.5465366174985008,0,0,0
6189,0.5465320517903534,1,0,0
4945,0.546531668120383,1,0,0
4496,0.5464945630523674,1,1,0
2125,0.5464107537032231,1,1,0
4484,0.5464055419752746,1,0,0
2158,0.5463941421327791,0,0,0
7297,0.5463828634075006,1,0,0
1595,0.5463828634075006,1,1,0
6293,0.5463329587416029,0,0,0
5261,0.5462796600087783,0,0,0
786,0.5462385313172138,1,0,0
8731,0.5462174274855202,1,1,0
1600,0.5462100319968985,1,1,0
8507,0.5461744215213932,0,0,0
8575,0.5461744215213932,0,0,0
6385,0.5461744215213932,0,0,0
571,0.5461724775366155,1,1,0
11682,0.5461706907793796,1,0,0
3890,0.5461254874633747,1,0,0
12764,0.5461192817203253,0,0,0
85,0.5460441628009237,1,0,0
5039,0.5460278350022809,1,1,0
602,0.5460223160181276,1,0,0
8543,0.5459718132083099,1,0,0
10543,0.5459718132083099,0,0,0
5135,0.545829187963106,0,0,0
6890,0.5458134459488498,1,0,0
10534,0.5457797356764595,0,0,0
3809,0.5456268069116496,1,1,0
1232,0.5456268069116496,1,0,0
4662,0.5456263359257773,1,0,0
10247,0.5456263359257773,1,0,0
3954,0.5455883033620864,1,1,0
3183,0.5455755203917925,1,0,0
3692,0.5455755203917925,0,0,0
8732,0.5455755203917925,1,1,0
4034,0.5455755203917925,0,0,0
10674,0.5455755203917925,0,0,0
9111,0.5455755203917925,1,0,0
6589,0.5455755203917925,0,0,0
9678,0.5455743598121688,1,0,0
9838,0.5455733602434649,0,1,0
4622,0.5455660514350146,0,0,0
4124,0.545556558008002,1,1,0
12174,0.545518151158436,1,0,0
1245,0.5455010678100272,1,0,0
7705,0.5455010678100272,1,1,0
728,0.5455010678100272,1,1,0
4118,0.545474015563945,1,1,0
12033,0.5454485092486008,0,0,0
6797,0.5454339602743443,0,0,0
8999,0.5454339602743443,1,0,0
2528,0.5454339602743443,0,1,0
8815,0.5454144998771583,1,0,0
11811,0.5454144998771583,0,0,0
10596,0.5453832111237531,0,0,0
10108,0.545361984293162,0,0,0
11054,0.5453586523265403,0,0,0
7424,0.5453341681708647,1,0,0
2236,0.5452965003963943,1,0,0
6296,0.545116979130437,0,0,0
4926,0.5450923331128675,0,0,0
5355,0.5450923331128675,1,0,0
8372,0.545075214753223,1,1,0
6746,0.5450742084847996,1,0,0
10959,0.5450451637387596,0,0,0
3229,0.5450451637387596,1,1,0
4799,0.5450316731285116,1,0,0
9599,0.5450303131090196,1,0,0
11698,0.5450303131090196,0,1,0
10289,0.5449937457413542,1,1,0
7861,0.544990239113325,1,0,0
7444,0.5449647381929181,1,0,0
4719,0.5449469649579728,1,0,0
8864,0.5449233494849762,1,0,0
2246,0.5448247811411377,1,0,0
7546,0.5448247811411377,1,1,0
5488,0.5448247811411377,1,0,0
12271,0.5448227250819385,1,0,0
198,0.5448011843646132,1,0,0
2062,0.5447676979191466,0,0,0
2272,0.5447554595734035,0,1,0
1599,0.5447554595734035,0,0,0
7837,0.54468332788703,1,0,0
5018,0.544655406513623,1,0,0
11883,0.5446298641355761,0,0,0
6095,0.544617562439884,1,0,0
3588,0.5445957968378311,1,0,0
8787,0.5445326757273982,1,0,0
37,0.5445242736874012,1,1,0
10279,0.5445242736874012,1,1,0
6218,0.544482521273092,1,0,0
2216,0.544482521273092,1,0,0
4739,0.5444790347914741,1,0,0
8959,0.5444790347914741,0,0,0
12570,0.5444790347914741,0,1,0
10505,0.5444790347914741,1,0,0
1591,0.5444790347914741,1,0,0
5757,0.5444790347914741,1,0,0
7536,0.5444790347914741,0,0,0
8314,0.5444790347914741,1,0,0
2268,0.5444487377679145,1,1,0
6930,0.5444362302716447,0,0,0
6335,0.544428641722402,1,0,0
8949,0.5443634500922112,1,0,0
6565,0.5443634500922112,1,0,0
2504,0.5443523530600435,0,0,0
2078,0.5443523530600435,1,0,0
9713,0.5443046494596409,1,1,0
5087,0.5443046494596409,1,0,0
1448,0.5442792703451299,1,1,0
6310,0.5442792703451299,1,0,0
7617,0.5442623088455829,1,1,0
3489,0.5442565243239638,1,0,0
7392,0.5442565243239638,1,0,0
10988,0.5442565243239638,0,0,0
8577,0.5442429562286367,1,0,0
8513,0.5442416189836959,1,0,0
3608,0.5442416189836959,0,1,0
644,0.5442266399741952,1,0,0
6505,0.5442162268040234,1,0,0
12356,0.5440768924728103,0,0,0
226,0.5440768924728103,1,0,0
12026,0.5440664876588,1,0,0
10453,0.5440507752388836,1,0,0
6051,0.5439905092767857,0,0,0
3596,0.5439905092767857,1,0,0
4003,0.5439905092767857,1,0,0
10696,0.5439558024849787,1,0,0
11460,0.5439097368385531,1,0,0
2429,0.5439097368385531,0,0,0
1720,0.5438959554392098,1,0,0
2778,0.543715335526011,0,0,0
6239,0.543715335526011,1,0,0
12418,0.5437099424269936,0,1,1
8838,0.5436867174137976,0,0,0
7821,0.5436703707174037,1,0,0
11949,0.5436677146132917,1,0,0
11084,0.5436421818003913,0,0,0
4206,0.5436226272491865,1,0,0
10337,0.5436125245156631,0,1,0
5961,0.5435163255521456,1,1,0
11066,0.5433835505522123,0,0,0
3847,0.5433500336795677,1,0,0
9765,0.5433301857780263,1,1,1
6320,0.5433087385530375,1,0,0
8783,0.543308555287397,1,1,0
7004,0.5433058768084512,0,1,0
7588,0.5432113441763,1,0,0
7055,0.5431674808191421,1,0,0
1979,0.5431672163666335,1,0,0
11792,0.5431650914923783,1,1,1
2439,0.543151666616125,1,0,0
776,0.5430669786280257,1,0,0
12070,0.5430207166491718,0,1,0
6682,0.5430207166491718,1,0,0
38,0.5430207166491718,1,0,0
12727,0.5430207166491718,0,0,0
12100,0.542989056131875,0,0,0
6318,0.5428966545769068,1,1,1
10443,0.542883443345084,1,1,0
10670,0.542883443345084,1,0,0
6605,0.5428227077713657,0,0,0
9282,0.5427904136539496,1,0,0
7605,0.5427904136539496,1,0,0
8542,0.5427592241749869,0,0,0
2817,0.5427532411153113,1,0,0
9283,0.5426844274530921,0,0,0
2393,0.5426817150635816,1,0,0
1861,0.5426545395566648,1,1,0
7042,0.5426410234988958,0,0,0
4762,0.5425880959542445,1,0,0
3709,0.5425414478471258,0,0,0
7174,0.5425279381168177,1,0,0
11901,0.5425163283482688,1,0,0
7828,0.5425163283482688,0,0,0
473,0.5425163283482688,0,0,0
1780,0.5425163283482688,0,1,0
3311,0.5425153932009456,1,0,0
5174,0.5424678901676623,1,0,0
6260,0.5424676060023079,1,0,0
10002,0.5424676060023079,1,0,0
11602,0.5424647735493467,1,1,0
5672,0.54244986838955,0,1,0
8972,0.5423822686929565,0,1,0
3047,0.5423766334009987,0,0,0
12216,0.5423535539529886,0,0,0
1231,0.5423535539529886,0,0,0
9022,0.5423450394325195,1,0,0
10792,0.5423450394325195,0,0,0
2113,0.5423450394325195,0,0,0
1477,0.5423394368752672,0,0,0
11920,0.5423394368752672,0,0,0
6281,0.5422313777409788,1,0,0
7116,0.5422313777409788,0,0,0
4022,0.5422156178650454,1,0,0
10438,0.5422133903683738,0,0,0
1203,0.5422071156373831,1,0,0
1706,0.5422017020688283,1,0,0
10800,0.5422017020688283,1,0,0
641,0.5421895977946088,1,0,0
6807,0.5421895977946088,1,0,0
1863,0.5421895977946088,0,1,0
9793,0.5421846308646394,1,0,0
8558,0.5421846308646394,0,0,0
12102,0.5420512970091125,1,0,0
11904,0.5420512970091125,1,0,0
11678,0.5419698093503348,0,0,0
7056,0.5419482414835144,1,0,0
12421,0.541942965963079,1,0,0
862,0.5419425602462588,0,0,0
397,0.5419425602462588,1,1,0
5987,0.5418057470622605,1,0,0
8442,0.541788024253796,0,0,0
6067,0.5417763760003078,0,0,0
622,0.5417183830847034,1,0,0
2983,0.5417183830847034,1,0,0
9087,0.5417183830847034,1,0,0
5457,0.5417183830847034,1,0,0
3560,0.5417147892634131,1,0,0
4938,0.5416592936614498,0,0,0
12246,0.5416219861808625,1,0,0
5252,0.541576458066625,0,0,0
5222,0.541576458066625,0,0,0
5767,0.541576458066625,1,0,0
12034,0.5415618893223181,1,1,0
1300,0.5415618893223181,0,0,0
176,0.5414527881475303,1,0,0
3618,0.5414421924659155,1,0,0
2355,0.5414421924659155,1,0,0
3742,0.5413259909892931,1,0,0
6902,0.5412829322745427,1,0,0
4551,0.5412641409794415,1,0,0
9549,0.5412188761766541,1,1,0
2805,0.541178566746248,1,0,0
8401,0.54117021505002,0,1,0
5744,0.5410738158953692,0,0,0
8700,0.5410367085884172,1,0,0
746,0.5410227266139838,1,0,0
8821,0.5410105981167466,1,0,0
5086,0.5410105981167466,0,0,0
1289,0.5409941146665762,1,0,0
9035,0.5409927790804644,1,0,0
7997,0.5409926079317079,1,0,0
9453,0.5409926079317079,1,0,0
6936,0.5409713486216566,1,0,0
12278,0.5409482061268579,1,0,0
4010,0.5409482061268579,1,0,0
2894,0.5409482061268579,0,1,0
4511,0.5409042509257941,0,0,0
9241,0.5408755861120813,0,0,0
658,0.5408755861120813,1,1,0
5053,0.5408755861120813,1,0,0
3962,0.5408755861120813,1,0,0
4291,0.5408755861120813,1,0,0
5492,0.5408755861120813,0,0,0
10579,0.5408755861120813,1,0,0
8597,0.5408755861120813,1,0,0
10790,0.5408755861120813,0,0,0
2663,0.5408755861120813,0,0,0
261,0.5408755861120813,1,1,0
5666,0.5408755861120813,1,0,0
1491,0.5408755861120813,1,1,0
1792,0.5407605676908301,1,0,0
6354,0.5407277636205572,1,0,0
5303,0.5406881601338145,0,0,0
3002,0.5406881601338145,1,1,0
246,0.540678161561394,0,0,0
1002,0.540678161561394,1,0,0
8877,0.5406610929136616,1,0,0
3629,0.5406377405321358,0,0,0
9937,0.5405523969221969,1,0,0
2453,0.5405461667595828,1,0,0
2309,0.5405364750703836,0,1,0
2059,0.5405364750703836,0,1,0
5210,0.5405316952179542,0,0,0
3723,0.5405219013158642,1,0,0
1167,0.5405219013158642,1,0,0
6113,0.5405219013158642,1,1,0
10102,0.5403635071630619,1,0,0
2501,0.5403619288744111,1,0,0
9577,0.5403619288744111,0,0,0
2979,0.5403275550608763,0,0,0
3197,0.5403055107852599,0,0,0
3122,0.5402801103708602,1,1,0
3099,0.5402616695538666,0,0,0
9481,0.5402529693680991,0,0,0
7147,0.5402408844347462,0,0,0
6651,0.5401778404051771,0,1,0
10635,0.5401530783354914,1,0,0
87,0.5401458154141096,0,0,0
11843,0.5401278474386803,0,0,0
11328,0.5401278474386803,0,0,0
142,0.5401278474386803,0,1,1
11103,0.5400363919197749,1,0,0
5298,0.5400363919197749,1,1,0
284,0.5400363919197749,1,1,0
11738,0.5400342688704011,1,1,0
1694,0.5400036071086628,1,0,0
11323,0.5399945815940967,1,0,0
11895,0.539989965372984,1,0,0
7921,0.5399542924230819,1,0,0
6582,0.5399079946860275,0,0,0
5561,0.5399069565727255,1,0,0
10065,0.5398597335266587,0,0,0
3750,0.539841116351352,1,1,0
6508,0.5397625559476981,1,0,0
2544,0.5397611044243776,0,0,0
11023,0.5397522693515828,1,0,0
1772,0.5397522693515828,1,0,0
9370,0.5397482380063501,1,0,0
407,0.5397482380063501,0,0,0
7625,0.5397482380063501,1,0,0
4529,0.5397253248509047,1,0,0
5514,0.5397253248509047,0,0,0
10699,0.5397064238129686,1,0,0
12539,0.5397064238129686,1,1,0
9119,0.5397064238129686,1,0,0
11035,0.5396851365018326,1,0,0
4339,0.5396104531994973,1,0,0
1323,0.5395823034846177,0,0,0
6201,0.5395780096131091,1,1,0
3120,0.539513527489653,0,1,0
790,0.5395086135561449,1,0,0
7876,0.5394993119685713,1,0,0
9488,0.5394224246541284,1,1,0
5419,0.5394224246541284,1,1,0
1309,0.5394224246541284,0,1,0
4268,0.5394078456733868,1,0,0
7043,0.5394078456733868,1,0,0
5186,0.5394078456733868,1,0,0
2734,0.5394078456733868,1,1,0
8948,0.5394078456733868,0,1,0
2862,0.5394078456733868,1,0,0
3369,0.5394063188508167,1,0,0
486,0.5392737308265984,1,0,0
10572,0.5392489238548187,1,0,0
4628,0.5392387355913257,0,0,0
1892,0.5392387355913257,0,0,0
2340,0.5392345898999511,0,1,0
9096,0.5392023383984852,0,1,0
6132,0.5391884901182996,0,0,0
10155,0.539173015471133,1,0,0
10899,0.5391303537566653,0,0,0
11324,0.53908053394059,1,0,0
1734,0.5390734323856757,0,0,0
8239,0.539032951202766,0,0,0
4414,0.539032951202766,0,0,0
11706,0.5390316459003854,0,0,0
8040,0.5390188235464591,1,1,0
4978,0.5389903223769218,1,0,0
5250,0.538965907623782,1,1,0
7445,0.5388733542289343,1,0,0
11362,0.5388733542289343,0,0,0
1753,0.5388421169377665,0,0,0
412,0.5388421169377665,1,0,0
3442,0.5388421169377665,0,0,0
1179,0.5388241814136069,1,0,0
5965,0.5387472570203764,0,0,0
9934,0.5387472570203764,1,1,0
3582,0.5386945882128034,1,0,0
3702,0.5386611353373396,0,0,0
11298,0.5386377160363777,0,0,0
10039,0.538613319872316,0,0,0
12617,0.5385647395110154,1,0,0
9524,0.5385592763788372,1,0,0
4044,0.5385487836497321,1,1,1
8535,0.5385354836517889,1,1,0
5142,0.538528862326057,1,1,0
10001,0.5384922071908997,1,0,0
7905,0.5384651902610357,1,0,0
6851,0.5384528474339454,1,1,1
2955,0.5384109423997001,0,1,0
9472,0.538374143568068,1,0,0
2447,0.5383441551221394,1,1,0
8538,0.5383441551221394,1,0,0
9430,0.5383139962633938,1,0,0
3594,0.5382512286256056,0,0,0
9267,0.5382386727550706,1,0,0
1732,0.5382358107688273,1,1,0
3189,0.5382346999943587,1,1,0
8982,0.5382297854823336,1,0,0
11032,0.5382297854823336,1,0,0
2935,0.5381798606959476,0,0,0
7326,0.5381798606959476,1,0,0
5341,0.5381738169240261,1,0,0
7970,0.5381594663932441,1,1,0
8587,0.5381490591463147,0,0,0
8374,0.5381453015647467,0,0,0
945,0.5381372061115921,1,0,0
4132,0.5380599861959025,1,0,0
1332,0.5380329630411816,1,0,0
10729,0.5380269508833033,1,0,0
12450,0.5380269508833033,1,1,0
558,0.5380269508833033,1,0,0
5461,0.5380269508833033,1,0,0
12372,0.5380269508833033,1,0,0
5028,0.5380269508833033,1,0,0
420,0.5380138685918882,1,0,0
11881,0.5380138685918882,1,0,0
5741,0.5380128121014975,0,0,0
7669,0.5380108672420486,0,1,0
3458,0.5379881285236768,0,0,0
5207,0.5379632302410826,1,0,0
1171,0.5379632302410826,1,0,0
10177,0.5379511878942779,1,0,0
10855,0.5379087201327212,1,1,0
11232,0.5378874458264868,0,0,0
10863,0.5377850575721917,1,0,0
1419,0.5377650735700834,1,0,0
5020,0.5377055556920558,1,0,0
5737,0.5377055556920558,0,0,0
149,0.5377055556920558,0,0,0
7165,0.5377055556920558,0,0,0
7217,0.5377055556920558,1,0,0
3271,0.5377055556920558,0,0,0
8957,0.5377055556920558,1,0,0
11015,0.5376951808220207,0,0,0
2744,0.5376231887729302,1,0,0
11644,0.5376231887729302,1,0,0
11425,0.5376176811623306,0,0,0
4060,0.5375959412427516,0,1,0
3262,0.537565449134017,0,0,0
6234,0.5375255915085912,1,0,0
3737,0.5374595874648784,1,0,0
8862,0.5374565910360367,1,0,0
1683,0.5374343714386067,0,0,0
1293,0.5374334404716397,1,1,0
8419,0.5373744218429666,0,0,0
12737,0.537309113377515,0,0,0
802,0.5371664296988108,1,0,0
9608,0.537068833334879,1,1,0
1686,0.5370543077153721,0,0,0
4049,0.5370250713118616,1,0,0
1994,0.5370250713118616,0,0,0
808,0.5370250713118616,1,1,0
4041,0.5370250713118616,1,0,0
1511,0.5370196195686339,1,1,0
965,0.5370196195686339,1,0,0
306,0.5369737373437422,1,0,0
9643,0.5369176943501341,1,1,0
5507,0.5369176943501341,1,0,0
1621,0.5368582053601645,0,0,0
2083,0.5368582053601645,1,0,0
10715,0.5368465422576962,1,1,0
7379,0.5368465422576962,1,0,0
11397,0.5368465422576962,1,0,0
8626,0.5367971172398375,1,0,0
8871,0.5367478073804781,0,0,0
8063,0.536728824997445,0,0,0
2043,0.5366735670039438,1,0,0
292,0.536626639994521,1,1,0
3683,0.5365568776670007,1,0,0
10083,0.5365562080886574,0,0,0
11448,0.5364981443554601,1,0,0
12749,0.5364801960239285,1,0,0
2483,0.5364441328703073,1,0,0
1883,0.5363113016774536,0,0,0
3722,0.5362679028742631,1,0,0
8242,0.5362599963551362,1,0,0
3944,0.5362599963551362,1,1,0
2914,0.5362599963551362,0,0,0
1081,0.5362270594608993,1,1,0
12627,0.5361841315184631,0,0,0
7228,0.5360843025790312,1,1,0
4548,0.5360367247767371,0,0,0
171,0.5359255416480211,1,1,0
10506,0.5359251498737515,1,0,0
6521,0.5358838525434979,1,0,0
11133,0.5358339166838758,0,0,0
1878,0.5357354513166824,1,0,0
4333,0.5357148108707466,1,0,0
5636,0.5357062873323397,1,0,0
623,0.5357062873323397,0,1,0
10356,0.5357062873323397,0,0,0
8435,0.5356941380002374,1,0,0
4031,0.535570187691469,1,0,0
4045,0.5355444593728906,1,0,0
1803,0.5355413203169749,0,0,0
9387,0.5355172771721848,0,0,0
5320,0.5355032788986225,0,0,0
7704,0.5355020428639645,0,0,0
401,0.5353765158438973,1,0,0
9471,0.5352961149580534,1,1,0
10584,0.5352644697792709,1,0,0
4892,0.5352613316776044,0,0,0
9699,0.5352300594630918,1,0,0
681,0.5352178418239614,1,0,0
7815,0.5351761113544528,0,0,0
11434,0.5351728382151979,0,1,0
11984,0.535158532851374,1,0,0
6460,0.535158532851374,0,0,0
3477,0.5351409262497934,1,0,0
4747,0.5351409262497934,0,0,0
2791,0.535124630711583,1,0,0
8736,0.5350993294055905,0,0,0
10592,0.5350629024880084,0,0,0
10123,0.5349854787526922,1,0,0
6117,0.5349854787526922,0,0,0
919,0.5349727622640663,1,0,0
244,0.5349727622640663,1,0,0
154,0.5349573755653739,0,0,0
9924,0.5348629645820789,0,1,0
6111,0.5348239343045379,1,0,0
10134,0.5348046147436711,1,0,0
6538,0.5347921770694262,1,1,0
6194,0.5347780749177076,1,0,0
6202,0.5347780749177076,0,0,0
10296,0.5347581755263956,1,0,0
4371,0.5347581755263956,0,0,0
1382,0.534726896059207,0,1,0
2491,0.534668524386336,1,0,0
4629,0.5345665000586275,1,0,0
5945,0.5344732815561267,1,1,0
7145,0.5344545219011096,1,1,0
3344,0.5344405642187539,1,0,0
7618,0.5344117831481987,1,0,0
4908,0.5343521453709724,1,1,0
5537,0.5343521453709724,1,0,0
2732,0.5343521453709724,1,0,0
1966,0.5343521453709724,1,0,0
7683,0.5343014121302732,1,0,0
8330,0.5342883785094517,0,0,0
12283,0.5341969044591771,0,0,0
10260,0.5341718564915885,0,0,0
3786,0.5341476260624838,0,0,0
7544,0.5341344934277527,0,0,0
2546,0.5340934468395286,1,0,0
6157,0.5340829171126157,1,0,0
7518,0.5340285799359117,0,1,0
6678,0.5340285799359117,0,0,0
9895,0.5340285799359117,1,0,0
10744,0.5340097473469982,1,0,0
9612,0.5339932349405595,1,0,0
10454,0.5339848035390177,1,0,0
9616,0.5339797554085384,1,0,0
6616,0.5339709359262028,1,0,0
12562,0.5339661953785558,0,0,0
4489,0.5339610042091246,1,0,0
6978,0.5338257846708331,1,0,0
9977,0.5338134589907058,1,0,0
11882,0.5338134589907058,0,0,0
1685,0.5338134589907058,0,0,0
6298,0.5338016745944463,0,0,0
738,0.5337828649943218,0,0,0
590,0.5337445351676271,1,0,0
6999,0.5336614360369707,0,0,0
9174,0.533628493562836,0,1,0
9057,0.533625107146114,1,0,0
4962,0.5336148223651666,0,0,0
7180,0.533580460620659,0,0,0
2617,0.5335348458976038,1,0,0
12735,0.5334835295868718,1,0,0
1356,0.5333556652961083,1,0,0
12219,0.5333520419362952,1,0,0
10891,0.533266336825191,0,0,0
5409,0.533266336825191,1,0,0
2972,0.5332321742807089,1,0,0
11024,0.5332321742807089,0,0,0
967,0.5332152962685299,1,0,0
3499,0.5332063182747142,0,0,0
61,0.5331633052226297,1,0,0
9040,0.5331534434353421,1,0,0
3030,0.5331524980957154,0,0,0
3586,0.5329600656706738,1,0,0
1750,0.5329600656706738,1,0,0
9978,0.532923634940117,1,0,0
10211,0.5328923095085625,1,0,0
6929,0.5328923095085625,1,1,0
4756,0.5328661593354689,1,0,0
3325,0.5328648312713238,1,0,0
3951,0.5328608771813267,1,0,0
5099,0.5328568777779172,1,0,0
12734,0.5328384447037755,1,0,0
9069,0.5327572890294303,1,0,0
713,0.5326926708665046,1,0,0
9163,0.5326657915730127,1,0,0
7354,0.5326657915730127,1,0,0
10934,0.5326657915730127,1,0,0
1531,0.5326422118093026,1,0,0
10384,0.5326411337327741,1,0,0
9249,0.5326411337327741,0,0,0
3317,0.5326411337327741,1,0,0
3196,0.5325394617961808,1,1,1
10120,0.5325257608552217,1,1,0
8230,0.5325084953165612,0,0,0
5060,0.5324969280473358,1,0,0
3486,0.5324889460325716,1,0,0
286,0.5324493051095278,1,0,0
2306,0.532380514856929,0,0,0
8140,0.53237116032497,0,0,0
8684,0.5323636123429414,0,0,0
8573,0.5323636123429414,0,0,0
11772,0.5323459880125399,0,0,0
10468,0.5323459880125399,1,0,0
5382,0.5322837093640579,0,0,0
4947,0.5322662055379794,1,0,0
11683,0.5322491804928372,1,0,0
11714,0.5322491804928372,1,0,0
8633,0.5322277929188083,1,0,0
8844,0.5322097298945295,0,0,0
4564,0.5322097298945295,1,0,0
2005,0.5322097298945295,0,0,0
9030,0.5322097298945295,1,0,0
3304,0.5322097298945295,1,0,0
8102,0.5322097298945295,1,0,0
8210,0.5322097298945295,1,0,0
2253,0.5322097298945295,0,0,0
8118,0.5322097298945295,1,1,0
11801,0.5322097298945295,1,0,0
6643,0.532124821954941,1,0,0
6708,0.532124821954941,1,1,0
6519,0.5321222720320908,1,0,0
402,0.5321222720320908,1,0,0
8865,0.5321222720320908,1,0,0
2308,0.5321173446439488,1,0,0
7290,0.532087472277425,1,1,0
4825,0.532072847678587,1,0,0
2852,0.532072847678587,1,0,0
10765,0.5320706789927032,1,1,0
1784,0.5320698198847325,0,0,0
2395,0.5320041063153357,0,0,0
9066,0.5319987059454244,1,1,0
2716,0.5319648790993534,1,1,0
1587,0.531843065239604,1,0,0
4070,0.5317826743275569,1,0,0
4951,0.5317508646306724,1,1,0
11458,0.5317276020296194,1,0,0
12653,0.5317095495329236,0,0,0
4478,0.5316835941441065,0,0,0
348,0.5316733977487278,0,0,0
12098,0.5316203568489075,1,1,0
10909,0.5315872110366614,1,0,0
5228,0.5315439736243214,1,0,0
5584,0.5315439736243214,1,0,0
1665,0.531406260123679,0,0,0
1216,0.5313330121442914,1,0,0
9737,0.5313239871826175,0,0,0
6568,0.5312854338023021,0,0,0
6694,0.5311504970486095,1,0,0
4579,0.5311504970486095,0,0,0
2775,0.5311370901977109,1,0,0
12657,0.5311370901977109,1,0,0
5775,0.5311016725469939,1,0,0
11655,0.5311016725469939,1,0,0
5335,0.5311016725469939,0,0,0
3613,0.5310830015277967,1,0,0
5308,0.5310746296259107,1,0,0
3580,0.5310746296259107,1,0,0
5544,0.5310371945755791,1,0,0
7668,0.5309743714463858,0,0,0
7399,0.5309743714463858,1,1,0
4440,0.5309743714463858,1,0,0
5166,0.5309628867735505,1,1,0
3141,0.5309336811454832,1,0,0
12218,0.5309017576331571,0,0,0
7396,0.5308931240178582,1,0,0
2146,0.5308917742082188,1,1,0
8990,0.5308501184490761,1,0,0
12428,0.5307841605163451,1,0,0
777,0.5307841605163451,1,0,0
2473,0.5307683521081367,0,1,0
1607,0.5306876581677586,0,0,0
1119,0.5306599665325262,0,0,0
11057,0.5305568707664444,1,0,0
4671,0.5305427397451721,1,1,0
896,0.5305132502661132,1,0,0
1432,0.530506588332435,1,0,0
5747,0.530506588332435,1,0,0
6764,0.530506588332435,0,0,0
11601,0.530506588332435,1,1,1
2498,0.530506588332435,1,0,0
6375,0.5304646649187296,1,0,0
7619,0.5304646649187296,0,1,0
10345,0.5304158042993041,1,0,0
5139,0.530342235768341,1,0,0
11710,0.5303192280270874,1,0,0
8658,0.5303058135317967,0,0,0
9620,0.5302981945483646,1,0,0
5910,0.5302563872441287,1,0,0
8462,0.5302549010798533,1,1,0
11090,0.530161793610594,1,0,0
10781,0.53009865127253,1,0,0
5178,0.5300836383509545,1,1,0
7941,0.5299805951744898,1,1,1
5465,0.5299686501867862,1,0,0
7282,0.5299458001687043,0,0,0
4625,0.5299364035554337,0,0,0
2615,0.5299305716792224,1,1,0
1671,0.5298960064933065,0,0,0
3037,0.5298788156178292,0,0,0
1457,0.5298328581333016,1,0,0
2150,0.5298161573058896,1,0,0
8005,0.5297456881294447,0,0,0
1596,0.5297336697579714,0,1,0
3053,0.5297336397425146,1,1,0
982,0.5297192806655124,1,0,0
8697,0.5296673299550811,0,0,0
10480,0.5296449649825106,0,0,0
9532,0.5296160802644602,1,0,0
7227,0.5296142919299351,1,0,0
8180,0.5296102341724549,1,0,0
1461,0.5295968676068621,1,0,0
1675,0.5295549349962709,1,0,0
3114,0.5295549349962709,0,0,0
3285,0.5295203713860286,1,0,0
4289,0.5295203713860286,1,0,0
5998,0.5295072321069026,1,0,0
2279,0.5293489622228302,0,0,0
4213,0.5293178278162985,1,0,0
5702,0.5293178278162985,1,0,0
9715,0.5293148361307001,0,1,0
8195,0.5293065151980391,1,0,0
11590,0.5292686463941703,1,0,0
8288,0.5292219979822792,1,0,0
11194,0.5292041978313966,0,0,0
7718,0.5291379935937789,1,1,0
7916,0.5291205756836123,0,0,0
3363,0.5290683164998932,1,0,0
11247,0.5290410543849453,1,0,0
5254,0.5289223941619368,1,0,0
4851,0.5289154206570353,1,0,0
11329,0.5289086974406985,1,1,0
4866,0.5289040162376288,1,0,0
6507,0.5288967934393684,1,0,0
1782,0.5288967934393684,1,1,0
6238,0.5288136663162032,1,0,0
2524,0.5287575757601701,0,0,0
4093,0.5287325029900638,1,0,0
5394,0.528687963931594,1,0,0
290,0.5285731905730254,1,0,0
6897,0.5285469803752071,1,0,0
2394,0.528513781873696,1,0,0
9117,0.5284954587796405,1,0,0
3101,0.5284508694544164,0,0,0
12498,0.528430582356626,1,1,0
6844,0.5283837006500012,1,1,0
2542,0.528364241062869,1,1,0
10009,0.528364241062869,1,0,0
55,0.528364241062869,1,0,0
5616,0.528364241062869,1,0,0
8632,0.528364241062869,1,0,0
1873,0.528364241062869,1,0,0
8666,0.5283453749992694,1,0,0
12433,0.5283453749992694,0,1,0
1926,0.5283190594474564,1,1,0
8744,0.5283042891861084,0,0,0
10820,0.5282803765660774,1,0,0
178,0.5282694970810541,0,0,0
5146,0.5282694970810541,0,0,0
3445,0.5282694970810541,1,0,0
11492,0.5282694970810541,1,1,0
795,0.5282694970810541,1,0,0
5095,0.5282623439872574,1,1,0
11566,0.5282150040766661,0,0,0
8968,0.5281731803653857,1,0,0
2104,0.528153089725235,0,0,0
723,0.5281434446682897,1,0,0
7540,0.5280855695615878,1,0,0
4649,0.5280855695615878,1,0,0
1902,0.5280855695615878,1,1,0
3623,0.5280855695615878,1,0,0
3060,0.5280855695615878,1,0,0
2861,0.5280855695615878,1,1,0
1977,0.5280583251593222,0,0,0
11999,0.528055085824982,1,0,0
1172,0.5280239177219404,1,1,0
6658,0.5280152090994462,0,0,0
3379,0.5280152090994462,1,1,0
8946,0.5280152090994462,0,0,0
6724,0.5280152090994462,1,0,0
9668,0.5280152090994462,0,0,0
8600,0.5280152090994462,1,0,0
9748,0.5280152090994462,0,0,0
4056,0.5279732611622414,1,1,0
12074,0.5279732611622414,1,0,0
6942,0.5279732611622414,1,0,0
8166,0.5279591641203308,0,0,0
11161,0.5279522963082469,1,0,0
6395,0.5279262584033748,0,0,0
9932,0.5279262584033748,0,0,0
7115,0.5279048814989479,1,0,0
10450,0.5279048814989479,1,0,0
12793,0.5279048814989479,1,1,0
9338,0.5278988697349204,1,0,0
10841,0.5277608828878027,1,0,0
12039,0.5277473535168269,1,0,0
10599,0.5277399644588335,1,0,0
11758,0.5276038391982646,1,0,0
10207,0.5275953030018152,1,0,0
4806,0.5275617152063813,1,0,0
8146,0.5275617152063813,1,0,0
5334,0.5274897737581304,1,1,0
11463,0.5274897737581304,0,0,0
2821,0.527443734543187,0,0,0
8421,0.5273780449581759,0,1,1
4430,0.5273604732254107,0,1,0
4179,0.5272708570899559,1,0,0
4270,0.5272708570899559,0,0,0
8875,0.5272507253232773,1,1,0
10817,0.5272496784402415,0,0,0
10350,0.527241698337272,0,0,0
11306,0.527241698337272,1,0,0
4121,0.527241698337272,0,0,0
496,0.527241698337272,0,0,0
3721,0.5272153279173631,1,0,0
8022,0.5272153279173631,1,0,0
9887,0.5272153279173631,1,0,0
3179,0.5272153279173631,0,0,0
11604,0.5272153279173631,1,0,0
10623,0.5272153279173631,1,0,0
4260,0.5272153279173631,1,0,0
8454,0.5270546268414927,1,1,0
990,0.5269934058382464,1,0,0
7918,0.5269511302240694,0,0,0
9901,0.5269511302240694,0,0,0
3663,0.5269511302240694,1,0,0
589,0.526927799241817,1,0,0
9955,0.5269027555286774,1,0,0
11827,0.5268071340469617,1,0,0
76,0.5267460657333634,0,1,0
5161,0.5267032482586881,0,0,0
12750,0.5266453821985944,1,0,0
664,0.526638081956409,1,0,0
5288,0.526638081956409,1,1,0
4734,0.526632457420214,1,0,0
11390,0.52661719066228,1,1,0
6665,0.5265795315129693,1,1,0
2649,0.5265214342818261,1,0,0
7664,0.5264773103519618,1,0,0
12004,0.5264554193074571,1,0,0
4350,0.526452856662405,0,1,0
1048,0.526452856662405,1,0,0
12206,0.5264081554814516,1,0,0
3620,0.5263958825111039,1,0,0
1273,0.5263474882493074,0,0,0
10711,0.5263474882493074,0,0,0
3068,0.5263474882493074,1,0,0
6761,0.5263474882493074,1,1,0
6757,0.5263474882493074,0,0,0
1718,0.5263474882493074,1,0,0
5810,0.5263474882493074,0,0,0
535,0.5263474882493074,1,0,0
8975,0.5263474882493074,1,1,0
6998,0.5263384643167827,0,0,0
3862,0.5262475298441487,0,0,0
11927,0.5262475298441487,1,0,0
12461,0.5262475298441487,1,0,0
9578,0.5261841462333783,1,0,0
6263,0.5261725424174423,1,0,0
5908,0.5261359095802469,1,0,0
8691,0.5261055580282205,0,0,0
4566,0.5260778243346561,0,1,0
1103,0.5260695935034145,1,0,0
3601,0.5260045867098988,1,0,0
6727,0.5260012245412565,0,0,0
9232,0.5259595523573474,1,1,0
4257,0.5259595523573474,0,0,0
9677,0.5259518185789752,0,0,0
12295,0.5259481799495246,1,0,0
7791,0.5259013064478274,0,0,0
10256,0.5258416288461691,1,0,0
2751,0.525800930375019,1,0,0
12623,0.5256714810418319,0,0,0
12150,0.5256714810418319,0,0,0
9399,0.5256714810418319,0,0,0
4544,0.5255033016310701,1,0,0
12705,0.5255033016310701,1,0,0
7442,0.5255033016310701,1,1,0
419,0.5255033016310701,0,1,0
9611,0.5255033016310701,1,1,0
12319,0.5254613965317076,1,0,0
6834,0.5254325447695847,1,0,0
12517,0.5254325447695847,1,0,0
11734,0.5254325447695847,0,1,0
3258,0.5254325447695847,0,0,0
856,0.5254325447695847,1,0,0
5542,0.5254325447695847,0,0,0
201,0.5254325447695847,1,1,0
8257,0.5254325447695847,1,0,0
7524,0.5254325447695847,1,1,0
4110,0.5254123437032234,0,1,0
6962,0.5253990443141792,0,1,0
934,0.5253990443141792,0,0,0
105,0.5253276608190902,0,0,0
6563,0.5252932615617842,1,0,0
11679,0.525291821723124,0,0,0
9777,0.525241510813789,1,0,0
40,0.5252169118224983,1,1,0
2660,0.5251574600704857,0,0,0
9159,0.525154381650351,1,0,0
8753,0.5251403076557261,1,0,0
7596,0.5251271604860659,1,0,0
10377,0.525107647361185,0,0,0
8491,0.5250973088936113,1,0,0
8944,0.525089789876183,1,0,0
4491,0.5250878822910242,1,0,0
11637,0.5250164296442578,1,0,0
8734,0.5250164296442578,1,0,0
11001,0.5249907811313334,0,0,0
10125,0.5249907811313334,0,0,0
8378,0.5249282031114242,0,0,0
11974,0.5249093305831205,1,1,0
6214,0.5248385675509479,1,1,0
7533,0.5247508489720722,1,0,0
4412,0.5247386550530605,1,0,0
1882,0.5247386550530605,1,0,0
5534,0.5247386550530605,1,0,0
11473,0.5247253835857517,1,0,0
6161,0.5247207687520209,0,0,0
9786,0.524660971874135,0,0,0
2077,0.5246077423217278,1,0,0
5023,0.524595294381397,1,1,0
7201,0.5245951297547179,0,0,0
4604,0.5245951297547179,0,0,0
7679,0.5245845290125623,0,0,0
5610,0.5245840015612253,0,0,0
108,0.5245721714104548,1,0,0
783,0.5244392079770812,1,0,0
910,0.5243241002861766,1,0,0
9953,0.5243186310839264,1,1,0
12371,0.5242456509376157,1,0,0
12251,0.5242235781685775,0,0,0
5743,0.5242235781685775,1,0,0
5831,0.5242235781685775,0,0,0
417,0.5242191973008599,1,0,0
2175,0.5241445282594946,1,0,0
5464,0.5240427919238867,1,0,0
11847,0.524042245470116,1,0,0
11779,0.5240082289216778,1,0,0
2633,0.523995739293412,0,1,0
7133,0.523995739293412,0,0,0
11311,0.5239451229177484,0,0,0
6738,0.5239323577861056,1,0,0
9161,0.5239033564951767,1,0,0
8887,0.5239033564951767,1,0,0
2333,0.5238653293670481,0,0,0
1662,0.5238459080367568,1,1,0
9896,0.5238459080367568,1,0,0
9415,0.5237957487032272,1,0,0
12035,0.5237957487032272,0,1,0
6401,0.5236751372736774,1,0,0
1756,0.5236737755303436,0,0,0
10184,0.5236094678324515,1,0,0
1025,0.5236094678324515,0,0,0
8889,0.5236094678324515,1,0,0
12673,0.5236094678324515,0,0,0
5410,0.5235810851793091,1,1,0
12561,0.523540574613556,0,0,0
6412,0.5235156113117254,1,0,0
1870,0.5235156113117254,1,0,0
6820,0.523508030679099,1,0,0
6644,0.5234273778856496,0,0,0
9240,0.5234028493151385,0,0,0
12328,0.5234028493151385,0,0,0
8559,0.5233804899399327,1,0,0
9135,0.523325807604287,1,0,0
7189,0.5233240961590329,1,0,0
2107,0.523324051738022,1,0,0
7009,0.523273977357743,1,0,0
1084,0.5232666456186931,1,0,0
8224,0.5232666456186931,1,0,0
7967,0.5232575760625732,1,0,0
11153,0.5231735734852313,1,0,0
2079,0.5231735734852313,0,0,0
7213,0.5231604304959857,1,0,0
2218,0.5231505690119587,1,0,0
9394,0.5231400769448318,0,0,0
9179,0.5231400769448318,1,1,0
1464,0.5230470813297741,1,0,0
12062,0.5230470813297741,0,0,0
5981,0.5230352330398749,1,0,0
8829,0.5229905766559533,0,0,0
4915,0.5229615067231967,1,0,0
5976,0.5229420843409284,0,0,0
1168,0.5227601269002984,1,1,0
5501,0.5226548800286601,1,1,0
258,0.5226540231990054,1,0,0
12082,0.5226356902120234,1,0,0
7707,0.522605672024987,0,0,0
2202,0.5225880629396245,1,0,0
1380,0.5225678765140124,1,0,0
1677,0.5225539436106619,1,1,0
7937,0.5225539436106619,0,1,0
4565,0.522540326123623,1,0,0
335,0.5224825556505357,0,0,0
708,0.5224588755757351,0,0,0
9081,0.522440108352469,0,0,0
9645,0.522440108352469,0,0,0
9403,0.5223717848291811,1,1,0
5718,0.5223403464338704,0,0,0
980,0.5223129700283072,0,0,0
4534,0.5222482927690899,1,0,0
3605,0.5222265362570624,1,1,0
1558,0.5222265362570624,1,0,0
615,0.5222219209646781,1,1,0
6332,0.5221623632836204,1,1,0
4686,0.5221546171951256,1,1,0
4256,0.5221340584827707,0,0,0
1484,0.5221203918341624,1,0,0
4650,0.5221203918341624,1,0,0
6765,0.5221074266721835,1,0,0
6457,0.5220578356197151,0,0,0
6427,0.5220171906554943,1,0,0
12076,0.5219627809222539,1,0,0
11490,0.5219277036301356,1,0,0
820,0.5219045365664212,0,0,0
6549,0.5218806224616931,1,0,0
12420,0.5218639987826657,0,0,0
10644,0.5217737999778502,1,0,0
2431,0.5217705215913879,0,0,0
3295,0.5217132424665543,1,0,0
6840,0.5215548069431631,0,0,0
2696,0.5215398195283597,0,0,0
6987,0.5215325149779969,1,1,0
2742,0.5215325149779969,1,0,0
6730,0.5214898143872508,1,0,0
4779,0.5214898143872508,1,0,0
9451,0.5214510817064659,1,0,0
4718,0.5214510817064659,0,0,0
80,0.521424245456551,0,0,0
1798,0.521424245456551,1,0,0
2129,0.5214109039798046,1,1,0
1829,0.5213829653819025,1,0,0
7343,0.5213506376048906,0,1,0
2103,0.5213209593787617,1,0,0
11243,0.5213209593787617,1,0,0
1578,0.5212680764294005,1,0,0
1060,0.5212505728002111,1,1,0
7671,0.5212505728002111,0,0,0
3420,0.5211990801356275,1,0,0
6394,0.5211189507040087,1,0,0
10566,0.5209603142403049,1,0,0
1282,0.5208920733974265,0,0,0
10947,0.5208034268160462,1,1,0
9268,0.5208034268160462,1,0,0
3048,0.5207801477375439,1,0,0
1503,0.5207315787888734,1,0,0
2242,0.5206107521748914,1,0,0
7993,0.5205950552089084,1,0,0
30,0.5205390179231494,1,0,0
4264,0.5205024598032775,1,0,0
10555,0.5204861796160858,0,0,0
11845,0.520456702834467,0,0,0
11164,0.5204387267631917,1,0,0
11138,0.5204387267631917,1,1,0
4727,0.5203441623778979,1,0,0
11466,0.520322019262637,1,0,0
11129,0.520322019262637,0,0,0
4879,0.5203027022552917,1,0,0
1740,0.5203019601695166,1,0,0
9625,0.5202635220210152,1,0,0
1482,0.5202427922922318,1,0,0
10324,0.5201969076455967,1,0,0
6486,0.5200946310217738,1,0,0
2797,0.5200946310217738,1,0,0
9308,0.5200621392435548,1,0,0
9029,0.5200552567115403,1,0,0
2800,0.5200442481091495,0,0,0
9558,0.5200442481091495,1,0,0
12683,0.520035299443309,0,0,0
4009,0.5199735507726106,1,0,0
3545,0.5199562302824655,1,0,0
701,0.5199326311644508,1,0,0
1205,0.5199014112643278,0,1,0
4527,0.5199008911195455,1,0,0
9908,0.5198439803353038,0,0,0
8802,0.5198100139405096,0,0,0
6094,0.5198028550102256,1,0,0
5824,0.5197869131911624,1,0,0
3927,0.5197714923686457,1,0,0
4265,0.51971864908751,1,0,0
6878,0.5196814843475261,0,0,0
210,0.5196814843475261,1,0,0
12618,0.519611476138826,0,0,0
6928,0.519611476138826,1,0,0
4528,0.5196000195940087,1,0,0
8612,0.5195785704913686,0,0,0
206,0.5195393362291754,0,0,0
11556,0.5195236521746998,1,0,0
4837,0.5195026925938372,0,0,0
1490,0.5195026925938372,1,0,0
196,0.5194521413162851,1,1,0
6474,0.5193727527727267,1,0,0
4793,0.5193727527727267,0,1,0
1277,0.5193727527727267,0,0,0
7127,0.5193584517045902,1,0,0
6618,0.5193584517045902,1,0,0
4586,0.5193408182348559,1,1,0
5273,0.5192297180246819,1,0,0
6683,0.5192250571545176,0,0,0
4038,0.5191625786382161,0,0,0
2273,0.5190769179271879,1,0,0
10787,0.5190511120190546,1,0,0
11720,0.5190200202055173,0,0,0
5244,0.518898691134881,0,0,0
6915,0.5188843790847674,0,1,0
11983,0.5188809394828352,0,1,0
1101,0.5188776111558732,0,0,0
2718,0.5188776111558732,1,0,0
1708,0.5188776111558732,0,0,0
7667,0.5188193446784736,1,0,0
4781,0.5187829988144619,0,0,0
12029,0.5187487434652834,0,1,0
4054,0.5186648811400231,0,0,0
1373,0.5186198992755072,1,0,0
212,0.5185862884087972,0,0,0
12543,0.5184855827875133,1,0,0
3051,0.5184748811101721,0,0,0
10062,0.5184648898803634,1,0,0
7263,0.5184417044556221,0,0,0
6956,0.5184320399364714,1,0,0
10160,0.5184170156263649,1,0,0
4366,0.5184149486359809,1,0,0
4199,0.5183323984124422,1,0,0
1458,0.5182695604159484,1,0,0
11438,0.5181834189766755,1,0,0
12151,0.5181059265484661,1,0,0
718,0.5180249249048486,1,0,0
6198,0.5180249249048486,1,0,0
5434,0.5180194486003242,0,0,0
12720,0.5180194486003242,0,0,0
6580,0.5180114098304305,1,0,0
5466,0.5180063201553321,0,0,0
4857,0.517985050793136,1,0,0
4057,0.5179727619882837,0,0,0
3188,0.5179372395447062,0,0,0
5245,0.5179230285827988,1,0,0
1389,0.5178857525978914,1,0,0
1497,0.5178730439636268,1,0,0
8024,0.51785780108184,1,0,0
8021,0.51785780108184,1,0,0
7892,0.5178062443264976,1,0,0
11828,0.5177406521885993,1,0,0
8018,0.5177406521885993,1,0,0
10612,0.5176803251012226,1,0,0
12788,0.5176803251012226,0,0,0
10771,0.5176803251012226,0,0,0
8657,0.5176039110991679,0,0,0
379,0.5176039110991679,1,0,0
11031,0.5176039110991679,1,0,0
7150,0.5175894232137316,0,0,0
7210,0.5175894232137316,1,0,0
5494,0.5175664456227935,1,0,0
3210,0.5175510018593199,1,0,0
10510,0.5175277479252541,0,0,0
8482,0.5175195564425468,1,0,0
8387,0.5175195564425468,1,0,0
7284,0.5174980125442761,1,0,0
1344,0.5174775281365036,1,0,0
12220,0.5174775281365036,1,0,0
4834,0.5174775281365036,1,1,0
3780,0.5174665496563755,0,0,0
4367,0.5174665198419409,1,0,0
6303,0.5174611013540795,1,0,0
3703,0.5173552861053391,1,0,0
10035,0.5173237103910083,1,1,0
5393,0.5173218227575135,0,0,0
6849,0.5173144630415841,1,0,0
6649,0.5173102130415683,1,0,0
4571,0.5173102130415683,1,0,0
5297,0.5172637675751197,1,0,0
4770,0.5171650070117806,1,0,0
8226,0.5171327435264307,0,0,0
9383,0.5170730575450517,0,0,0
1395,0.5170692269338725,1,0,0
5396,0.5170431642231129,0,0,0
6853,0.5169722415550541,1,0,0
4956,0.5169692478277619,0,0,0
4439,0.5169692478277619,0,0,0
11128,0.5169342598833216,0,0,0
9390,0.5168834898612452,0,0,0
5057,0.516869697872331,0,0,0
11651,0.5168573228834012,0,0,0
8347,0.5168279082872583,1,0,0
2900,0.5167953164185886,1,0,0
4404,0.5167928719110085,0,0,0
2680,0.5167711936093812,1,0,0
10238,0.5167603609286794,0,0,0
5795,0.5167066254580598,1,0,0
2442,0.5167066254580598,0,0,0
11741,0.5166599961759905,0,0,0
2303,0.5165947067001581,0,0,0
1143,0.5165947067001581,1,0,0
4588,0.5165359770734149,1,0,0
6654,0.5165071083634711,0,0,0
12665,0.5164716854961826,0,0,0
12552,0.5164110629621378,0,0,0
6597,0.5163496876445115,0,0,0
10554,0.5163064042156785,0,0,0
11846,0.5162744209952947,1,0,0
2710,0.51623971531786,1,0,0
7755,0.51623971531786,0,0,0
4000,0.5162272309073369,1,1,0
4495,0.5162000240616135,1,0,0
11107,0.5161851952696989,1,0,0
5310,0.5161851952696989,1,0,0
12362,0.5161851952696989,1,0,0
11028,0.5161851952696989,1,0,0
7029,0.5161851952696989,0,0,0
7243,0.5160918605836722,1,0,0
12536,0.5159507112786583,0,0,0
8303,0.5158743640648614,0,0,0
1146,0.5158018353428935,1,0,0
6165,0.5157930862382896,1,1,0
3079,0.5157462568895445,1,1,0
2033,0.5157451274716386,1,1,0
7572,0.5157414493172716,1,0,0
9983,0.515732006859095,1,0,0
8901,0.515732006859095,1,0,0
7751,0.5156970888941209,1,0,0
12496,0.5156826078188922,1,1,0
10081,0.5156341446250228,1,0,0
3826,0.5156231919920561,0,1,0
6997,0.5156207423515953,0,0,0
2824,0.5156085361575002,0,0,0
1006,0.5156085361575002,1,0,0
326,0.5155551481647614,0,0,0
11830,0.5155546001657829,1,0,0
7317,0.5155261581610138,1,0,0
9371,0.5155125720974527,1,0,0
333,0.515499234738615,0,0,0
1226,0.5154554828311441,1,0,0
11756,0.5154336976560141,0,0,0
8150,0.5154085823987133,1,1,0
425,0.5153373351280436,1,0,0
12344,0.5153189492100082,0,0,0
3829,0.5153116782616505,1,1,0
4948,0.5153116782616505,0,0,0
2637,0.5153116782616505,1,0,0
8564,0.5153006186655307,1,0,0
3868,0.5152696377701661,1,0,0
9801,0.5152696377701661,1,0,0
9831,0.5152696377701661,1,0,0
8833,0.5151311358601972,1,0,0
1735,0.5150905119006569,1,0,0
1644,0.5150905119006569,0,0,0
4624,0.5150584339225138,1,0,0
220,0.515050597565984,1,0,0
4753,0.5150484702789649,0,0,0
10257,0.5150484702789649,1,0,0
6267,0.5150328815453601,0,0,0
1809,0.5150328815453601,1,0,0
8153,0.514846015104092,1,0,0
10939,0.5148259975087462,1,0,0
5089,0.5147223522900432,1,0,0
7258,0.5146680575221217,1,0,0
10106,0.5145997778337049,1,0,0
11873,0.5145744594011971,1,0,0
8593,0.5145732484053588,1,0,0
2621,0.5145732484053588,0,0,0
10905,0.5145721707671197,1,0,0
12507,0.5145012690490978,1,1,0
3583,0.5144051022344298,1,0,0
7685,0.51440167005407,1,0,0
9815,0.5143944109475718,1,0,0
8464,0.5143944109475718,1,0,0
8729,0.5143642281928071,1,1,0
7211,0.5143296879140474,0,0,0
4886,0.5142294615940824,1,0,0
6256,0.5141161056811591,1,0,0
4871,0.5141123677133849,1,0,0
575,0.5140922825432679,1,1,1
1394,0.5140851061291627,1,0,0
8627,0.514063632208739,1,0,0
2058,0.514023245807974,1,0,0
3778,0.5139666579419033,1,0,0
7058,0.5139535019473367,0,0,0
7594,0.5139144866481768,1,0,0
9556,0.5139144866481768,0,0,0
7443,0.5139000208964554,0,0,0
7591,0.513885893382202,0,0,0
12350,0.5138814040720514,0,0,0
7348,0.5138529007408421,0,0,0
6534,0.5138529007408421,0,0,0
782,0.5137655501480899,1,0,0
11236,0.5137330297108442,1,0,0
7629,0.5136808442368377,1,0,0
11548,0.5136092389445527,0,0,0
12390,0.5135649118409135,0,0,0
10183,0.5135649118409135,1,0,0
4952,0.5135649118409135,1,0,0
3331,0.51346806645728,1,0,0
12370,0.51346806645728,1,0,0
9344,0.5134279643277719,1,0,0
4248,0.5134279643277719,1,0,0
2937,0.5134279643277719,0,0,0
4074,0.5133873742217182,1,0,0
7360,0.5133873742217182,1,0,0
6370,0.5133309793588064,0,0,0
174,0.5133000810602725,1,0,0
1281,0.5132108602318691,1,0,0
10654,0.5131810423191796,1,0,0
283,0.5131097847007878,0,1,0
12613,0.5130885863840912,1,0,0
10661,0.5130710231904299,1,0,0
10304,0.5130710231904299,1,0,0
322,0.5130567166689698,1,0,0
5885,0.5130366421081372,1,0,0
1433,0.5129667365320785,1,0,0
2906,0.5129398917406449,1,1,0
9562,0.5129200944279353,1,0,0
1589,0.5129193538506752,0,0,0
7312,0.5129113724172114,1,0,0
5202,0.5128400833005929,1,0,0
12065,0.5127616725834122,0,0,0
4461,0.5127042838092162,0,1,0
10851,0.5126886476619276,1,1,0
843,0.5126799776003144,1,0,0
6097,0.5126660157426145,1,0,0
6443,0.5126660157426145,1,0,0
5304,0.5126660157426145,1,0,0
5255,0.5126660157426145,1,0,0
4147,0.5126660157426145,1,0,0
5781,0.5126660157426145,0,0,0
3686,0.5126629495537574,0,0,0
8339,0.5126325756260345,1,0,0
162,0.5126146753395137,1,0,0
12367,0.5126057697994186,0,0,0
6961,0.5125682871286537,1,1,0
2234,0.5125341860030143,1,0,0
614,0.5125333391599095,1,0,0
8650,0.5125144678632639,1,0,0
1713,0.5125127181835036,1,0,0
5703,0.5125127181835036,1,0,0
9431,0.5125127181835036,1,0,0
12773,0.5125127181835036,0,0,0
12368,0.512486605352516,0,0,0
2531,0.5124485747962829,1,0,0
7743,0.5124140208641672,1,0,0
7083,0.512340042823245,1,0,0
756,0.512340042823245,1,0,0
5812,0.5123088602519158,0,0,0
9085,0.5122925633798009,1,0,0
8976,0.5122365717933138,0,0,0
2643,0.5121940254707371,1,0,0
2017,0.512172562116168,0,0,0
9972,0.5120779259431768,1,0,0
2263,0.5120612614616372,0,1,0
3603,0.5120467227897284,0,0,0
2057,0.5120170443974442,1,0,0
10775,0.5119975640707404,1,1,0
7854,0.5119514047412935,1,0,0
7413,0.5119514047412935,1,0,0
1609,0.5119501582523152,0,0,0
5260,0.5119439284973986,1,0,0
11409,0.5119121923432625,1,1,0
260,0.5119121923432625,0,0,0
4210,0.5118231895755944,1,1,0
11563,0.5117989321633123,1,1,0
5420,0.5117603485032993,1,0,0
6287,0.511711437314628,1,0,0
9762,0.511711437314628,1,1,0
12250,0.511711437314628,0,1,0
5195,0.5117043037931215,1,0,0
3940,0.5116845060475544,0,1,1
6512,0.5116755182473149,1,1,1
2596,0.5116538074685072,1,1,0
884,0.5115983184426405,0,0,0
529,0.5115914185317784,0,0,0
1375,0.5115876001802264,1,0,0
4751,0.5115602058793732,0,0,0
8492,0.5115602058793732,0,0,0
8236,0.5115431813762555,1,0,0
8324,0.5114884774832176,1,0,0
3470,0.5114884774832176,0,0,0
4790,0.5114700678681967,1,0,0
6798,0.5114495928768064,1,0,0
12597,0.5114347319740424,1,1,0
5622,0.5114096977661765,0,0,0
11539,0.5114080392052102,0,0,0
8177,0.5113662092543931,1,0,0
8686,0.5113459790815253,1,1,0
7730,0.5113376377350545,1,0,0
7902,0.5112845129920421,1,0,0
11301,0.5112845129920421,0,0,0
5198,0.5112845129920421,1,0,0
2314,0.5112845129920421,0,0,0
2344,0.5112845129920421,1,0,0
4389,0.5112622827768096,1,0,0
8073,0.5112298360007181,1,0,0
2433,0.5112239816213252,1,0,0
10601,0.5111802289872955,1,1,0
2671,0.5111802289872955,0,0,0
6793,0.5111517608216596,1,0,0
5110,0.5111008499242053,0,0,0
4341,0.5111008499242053,1,0,0
784,0.5110662986206089,0,1,0
2264,0.5110196692661828,1,0,0
8979,0.5110196692661828,0,0,0
229,0.511006441696242,1,0,0
4809,0.5110057441758482,0,0,0
8762,0.5109811238279677,1,0,0
8085,0.5109616694541944,0,0,0
9381,0.5109292987968128,1,0,0
10902,0.510916331458481,0,0,0
3544,0.5109065150825074,1,0,0
139,0.510894666194853,0,0,0
7624,0.5107113674051951,0,0,0
1944,0.5106977106953983,1,0,0
12284,0.5106219647739915,1,0,0
8184,0.5106219647739915,1,0,0
9727,0.5106180284795441,1,0,0
5880,0.510609822237959,1,1,0
9348,0.5105944516440448,1,0,0
12185,0.5105464471348816,0,0,0
7794,0.5105172015050868,0,0,0
2430,0.510502251267003,0,1,0
7110,0.510502251267003,0,0,0
798,0.5104999032511478,1,1,0
1924,0.5104876578198967,0,0,0
2975,0.5104837142445915,0,0,0
4342,0.5104748588843505,0,0,0
11528,0.5104747225203518,1,0,0
555,0.5103983074442433,0,1,0
8114,0.5103468655375224,0,0,0
8042,0.5103298982693582,0,0,0
5801,0.5102875288119442,0,0,0
1776,0.5102875288119442,0,0,0
12516,0.5102781349244245,0,0,0
7393,0.5102469306013716,1,0,0
5351,0.5102375826771026,0,0,0
10202,0.5102325799539291,1,0,0
717,0.5102325799539291,1,0,0
7862,0.5102054062035598,0,0,0
7153,0.5101622459338632,1,0,0
10142,0.5101622459338632,1,0,0
5429,0.5101622459338632,1,0,0
2726,0.5101086079336942,1,0,0
238,0.5101043785562822,1,0,0
7203,0.5100961067479397,0,0,0
9082,0.5100786388437147,0,0,0
7519,0.5100485606561646,1,1,0
11345,0.510033732865605,0,0,0
10121,0.5099945760068444,1,0,0
7382,0.5099813752205742,1,0,0
10109,0.5099129194284022,0,0,0
4777,0.5099062761079612,1,0,0
12153,0.5098210757322222,1,0,0
3741,0.5098150663777818,1,0,0
5058,0.5098150663777818,1,0,0
1139,0.5098150663777818,1,0,0
4589,0.5097627244933108,1,0,0
9995,0.5097627244933108,1,0,0
8720,0.5097627244933108,1,0,0
8952,0.5097627244933108,1,0,0
5777,0.5097627244933108,0,0,0
9382,0.5097627244933108,0,0,0
6632,0.5097627244933108,1,1,0
10232,0.5097627244933108,1,0,0
1091,0.5097627244933108,1,0,0
8514,0.5097627244933108,1,0,0
4669,0.5097627244933108,1,0,0
10544,0.5097627244933108,0,0,0
11552,0.5097627244933108,1,0,0
12592,0.5097627244933108,0,0,0
5418,0.5097627244933108,1,0,0
5019,0.5097627244933108,1,0,0
3151,0.5097627244933108,0,0,0
757,0.5097627244933108,1,0,0
3483,0.5097627244933108,1,0,0
7567,0.5097464439950208,1,0,0
7361,0.5097159172340502,1,0,0
3935,0.5097024566077283,1,0,0
5827,0.5097002905911912,1,0,0
4117,0.5096782357192636,1,0,0
4234,0.5095965975427003,1,0,0
5329,0.5095689686984756,0,0,0
2331,0.5095113911111354,1,0,0
3635,0.5094991365241222,1,0,0
5177,0.5094893240848574,0,0,0
7045,0.5094739595094206,1,1,0
4801,0.5094701970195402,1,0,0
11769,0.5094017134034144,1,0,0
6953,0.5093820861509876,1,0,0
5550,0.5093721888458157,0,1,0
11967,0.509327822859022,1,0,0
8907,0.5093264277961445,0,0,0
369,0.5092696777762994,0,1,0
3123,0.5092379964765105,1,0,0
10970,0.5090675615265526,1,0,0
10819,0.5090675615265526,1,0,0
6947,0.5089704841698083,1,0,0
2745,0.5089704841698083,1,0,0
189,0.5088182915930005,1,0,0
4578,0.5088182915930005,1,0,0
5525,0.5088114363295095,0,0,0
6821,0.508771965028596,0,0,0
4954,0.508771965028596,0,0,0
11155,0.508717831145592,1,0,0
3108,0.5086448192069316,1,0,0
11557,0.5085833726091148,0,0,0
5365,0.5085740357473928,1,1,0
9721,0.5085347047559813,1,0,0
5894,0.5085265145854954,1,0,0
12459,0.5085139634865736,0,0,0
9259,0.5085139634865736,0,0,0
12671,0.5085139634865736,0,0,0
3242,0.5085139634865736,1,0,0
12646,0.5085139634865736,1,0,0
3370,0.5085139634865736,0,0,0
9352,0.5085139634865736,1,0,0
173,0.5085139634865736,1,0,0
8880,0.5084594293275214,1,0,0
7644,0.5083585895488089,0,0,0
483,0.5083585895488089,0,0,0
2126,0.5083566923688795,0,0,0
3958,0.5083566923688795,0,0,0
11013,0.5083459895628997,1,1,0
7018,0.5083459895628997,1,0,0
1992,0.5083459895628997,1,0,0
11174,0.5083459895628997,0,0,0
11709,0.5083314144603217,1,0,0
10760,0.5082767738150756,1,0,0
8392,0.5082767738150756,0,0,0
11008,0.5082317488513636,1,0,0
8708,0.5082232536713447,1,0,0
3495,0.5082217590654884,1,0,0
2397,0.5082217590654884,0,0,0
12215,0.5082217590654884,1,0,0
2507,0.5082217590654884,0,0,0
7810,0.5082217590654884,1,0,0
5292,0.5081472624218528,1,0,0
911,0.5081472624218528,0,0,0
11685,0.5081472624218528,0,0,0
4207,0.5081472624218528,1,0,0
11652,0.5081472624218528,1,0,0
2902,0.5081472624218528,1,0,0
8060,0.5081472624218528,1,0,0
456,0.5081472624218528,1,0,0
8463,0.5081472624218528,1,1,0
3637,0.5081472624218528,1,0,0
9021,0.5081472624218528,1,0,0
2038,0.5081472624218528,1,0,0
11863,0.5081472624218528,1,0,0
5855,0.5081472624218528,0,0,0
743,0.5081472624218528,1,0,0
11204,0.5081472624218528,1,0,0
2293,0.5081472624218528,0,0,0
9366,0.5081062429131502,0,0,0
1510,0.5080469174612012,1,0,0
2286,0.5078693067291209,0,0,0
8933,0.5078561697125682,1,0,0
3134,0.5078373217137099,1,0,0
9585,0.5078300467659921,0,0,0
119,0.5077883670717447,1,0,0
9413,0.5077883670717447,1,0,0
287,0.5077657820710649,0,0,0
5140,0.5077501499609841,1,0,0
8110,0.5077313107446185,0,1,0
5875,0.507730166260613,1,0,0
8603,0.5076513690765955,0,0,0
8283,0.5076423920777196,0,1,0
10826,0.5076145198186234,1,0,0
8991,0.5075158008281935,1,0,0
9866,0.50747412875201,1,0,0
9809,0.5073928101955495,1,1,0
568,0.5073746808795216,1,0,0
8572,0.5073558508660357,1,1,0
7616,0.5073430722892989,1,0,0
5643,0.5073056187415189,1,1,1
5017,0.5072303179555544,1,0,0
2,0.5070567015825244,0,1,1
6879,0.5070512081305807,1,0,0
5670,0.5069946366962461,1,0,0
9138,0.5069626470761672,1,0,0
12723,0.5069626470761672,1,0,0
3032,0.506921463820194,0,0,0
158,0.506876866338241,1,0,0
3979,0.5068739050636963,1,1,0
9097,0.5068478194413444,1,0,0
3718,0.5068336340343986,1,0,0
4035,0.5068019790262419,1,0,0
4279,0.5067969742403975,1,0,0
9594,0.5067607421583951,1,0,0
2021,0.5067361742200139,1,1,0
5554,0.5067310347729818,0,0,0
8035,0.5065917622858552,0,0,0
5943,0.506577361552907,0,0,0
1556,0.506577361552907,1,0,0
11353,0.506576957835565,0,0,0
6564,0.5065671850505246,1,0,0
11813,0.5065563196831095,1,0,0
2402,0.5064788893043025,1,0,0
3413,0.5064788893043025,1,0,0
4282,0.5064788893043025,1,0,0
10026,0.5064336420259125,1,1,0
4144,0.5064336420259125,1,0,0
9971,0.5062873568803744,1,0,0
366,0.5062770235636536,1,0,0
4846,0.5062734843282354,0,0,0
5248,0.5062407039521264,1,0,0
12286,0.506161643706413,1,0,0
5676,0.506161643706413,1,0,0
6666,0.5061534722821828,0,0,0
4704,0.5060752217289876,1,0,0
3740,0.5059300281298368,1,0,0
8520,0.5058362367725573,1,0,0
8341,0.5057928323291867,1,0,0
9294,0.5057247047514412,1,0,0
642,0.5056542995538342,1,0,0
4004,0.5055943945840089,0,0,0
43,0.5055671536491343,0,0,0
5971,0.5055607779509047,1,0,0
3898,0.5055024749333202,1,0,0
11256,0.5054755887334679,1,0,0
6159,0.5054537332726133,0,0,0
3530,0.505445124509164,1,0,0
9392,0.5054273621187187,0,0,0
8540,0.5054138980063402,1,1,0
1005,0.5053261494096818,1,0,0
7078,0.5052631409659262,1,1,0
11048,0.5052609529604469,1,0,0
6015,0.5052129774857697,1,0,0
2338,0.5051777274968232,1,0,0
11088,0.5051573365976383,1,0,0
92,0.5051278880475977,0,1,0
12179,0.5050910032123014,1,0,0
1541,0.5050437204921977,0,0,0
10194,0.5050228510466471,1,1,0
1268,0.5050034398392764,1,0,0
6338,0.5049990871914131,0,0,0
3802,0.504993541956243,1,0,0
9776,0.504993541956243,0,1,0
12637,0.504993541956243,1,0,0
1152,0.5049867872594664,0,1,0
8723,0.5049389300313513,0,1,0
11030,0.5049389300313513,1,0,0
9704,0.5049389300313513,1,0,0
11955,0.5049389300313513,1,0,0
11522,0.5049389300313513,1,0,0
11184,0.5049306482347279,1,1,0
8411,0.504894324268716,1,0,0
1283,0.5048937212055049,1,0,0
9881,0.5048937212055049,0,0,0
7995,0.5048937212055049,1,0,0
9363,0.504857326307538,1,0,0
12083,0.5048550338617193,1,0,0
8293,0.5048516453566527,0,1,0
4050,0.5048231612801712,1,0,0
2815,0.5048053232082577,1,1,0
1042,0.5047832883350577,1,0,0
1842,0.5047832883350577,1,0,0
7488,0.5047832883350577,1,0,0
3993,0.5047679372455962,1,0,0
11971,0.5047247610128897,0,0,0
10791,0.5047241095737076,1,0,0
11343,0.5046954139836917,0,0,0
1579,0.5046885455758415,0,0,0
10119,0.5046426899365983,1,0,0
7241,0.5046426899365983,1,1,0
10019,0.5046426899365983,1,0,0
5807,0.5046426899365983,0,0,0
12784,0.504474981667311,0,0,0
4315,0.5044746804729295,1,0,0
7044,0.5044639528437709,1,0,0
1455,0.504442849211434,1,0,0
11707,0.5043497611232507,1,0,0
10416,0.5043482314976523,0,0,0
11016,0.5043347771201662,1,0,0
6416,0.5043000881861756,1,0,0
11550,0.5042113313640479,1,0,0
12248,0.5041973362064789,1,1,0
608,0.5041941709368827,0,0,0
9508,0.5041096348343719,0,0,0
8215,0.5041089368188477,1,0,0
53,0.5040825408533165,0,0,0
3873,0.5040538190491751,1,0,0
7914,0.5040538190491751,0,0,0
3589,0.5040538190491751,1,0,0
8434,0.5040538190491751,1,0,0
12746,0.5040538190491751,1,0,0
8707,0.5040538190491751,1,0,0
3513,0.5040538190491751,1,0,0
4967,0.5040538190491751,0,0,0
7047,0.5040538190491751,1,0,0
874,0.5040186169146885,1,1,1
3292,0.5039678143453388,1,0,0
5321,0.5039035633102318,1,0,0
1749,0.5039024618571768,0,0,0
10033,0.5039024618571768,1,0,0
2640,0.5039024618571768,0,0,0
137,0.5038427201975098,0,0,0
9843,0.5038379635325396,1,1,0
4135,0.5037908349280572,0,0,0
12566,0.503762081630373,0,0,0
5408,0.5037095952385168,1,1,0
7394,0.5037050268246939,1,0,0
4323,0.5036000155699143,0,0,0
9609,0.5036000155699143,1,0,0
7240,0.5035579378806634,0,0,0
2386,0.5035579378806634,1,0,0
12340,0.5035579378806634,0,0,0
10869,0.5034764570199035,0,0,0
10167,0.5034401888607025,1,0,0
1307,0.5034401888607025,1,1,0
10322,0.5034401888607025,0,0,0
2874,0.5034401888607025,0,0,0
3443,0.5034253990192118,1,0,0
10199,0.5034052603788113,1,0,0
3813,0.5033909688672326,1,1,0
6799,0.5033865561456174,0,0,0
6017,0.5033555707389563,1,0,0
12268,0.5033521965058895,1,0,0
6348,0.5033462020229047,1,0,0
10404,0.5033459143720656,0,0,0
2991,0.5033142217935139,0,0,0
6456,0.5033060980191278,1,0,0
1278,0.5032703455427487,0,0,0
12656,0.5031931907862198,0,0,0
1509,0.5031456179896916,1,0,0
8711,0.5031118070502641,1,0,0
10880,0.5030702165503987,1,0,0
11304,0.5030498933274544,1,1,0
7820,0.503044134842896,1,0,0
11270,0.503044134842896,1,0,0
7963,0.503044134842896,1,0,0
4760,0.5030175460788872,1,0,0
3043,0.5030158185108383,1,0,0
8884,0.5030031839141457,1,1,0
12013,0.5029343570498732,1,1,1
1160,0.5029194991314065,0,0,0
8354,0.5029194991314065,1,0,0
4395,0.5029194991314065,1,1,0
10013,0.5028312363866202,1,1,0
6483,0.502828399853891,1,1,0
4042,0.5027869498877728,1,0,0
11335,0.5027300961049606,1,0,0
9535,0.5027150300421184,1,1,0
2048,0.5027150300421184,1,0,0
7296,0.5027150300421184,1,0,0
9142,0.5027150300421184,1,0,0
1818,0.5026343809583943,1,0,0
5619,0.5026053528145361,0,0,0
11126,0.5026053528145361,0,0,0
12567,0.5025723596484261,0,0,0
12194,0.5025565532437766,1,0,0
11316,0.5025359311525043,0,0,0
7099,0.5025193468433452,1,0,0
5572,0.5025191827002441,1,0,0
9190,0.5025164609410916,1,0,0
7848,0.5025079084457515,0,0,0
1064,0.5025078771028461,1,0,0
12036,0.5025078771028461,1,1,0
2054,0.5025078771028461,1,0,0
10578,0.5025078771028461,1,0,0
11454,0.5024657982985276,1,1,0
11729,0.5024657982985276,0,0,0
11197,0.5024657982985276,1,0,0
11852,0.5024657982985276,1,0,0
6121,0.5024657982985276,1,0,0
4071,0.5024622780378307,1,0,0
10637,0.5024433440184184,1,0,0
5920,0.5024414931096456,0,0,0
7339,0.5023927345447912,0,0,0
11903,0.5022203309858019,1,0,0
3146,0.5022203309858019,1,0,0
4509,0.5022203309858019,1,0,0
2795,0.5022140934268063,1,1,0
10920,0.5021668617112189,1,0,0
7835,0.5021056720740115,0,0,0
1239,0.5021056720740115,1,0,0
194,0.5021056720740115,0,0,0
6096,0.5020365539189623,1,0,0
10916,0.5019958488459557,1,0,0
7665,0.501994638721954,1,0,0
7681,0.501994638721954,1,0,0
3504,0.5019765899762316,0,0,0
9522,0.5019722508272674,0,0,0
8863,0.5019055766707077,1,0,0
5846,0.5018788040773474,0,0,0
12669,0.5018480652688955,1,0,0
9741,0.5017956063622466,1,0,0
7053,0.5017894755913825,0,0,0
10435,0.5017894755913825,1,0,0
2261,0.501778997155607,1,0,0
9746,0.5017363074654041,0,0,0
8754,0.5016819842240492,0,0,0
2471,0.5016706690316194,1,0,0
8805,0.5016631459347702,1,0,0
4007,0.5016631459347702,0,0,0
6744,0.5016631459347702,1,0,0
9540,0.5016631459347702,1,0,0
11836,0.5016631459347702,1,0,0
1973,0.5016631459347702,0,0,0
8974,0.5016631459347702,0,0,0
11455,0.5016631459347702,0,0,0
2867,0.5016631459347702,1,0,0
2354,0.5016631459347702,0,1,0
10276,0.5016542258411627,0,1,0
9126,0.501640899145434,1,1,1
2152,0.5016357078263011,1,0,0
12160,0.5015951284828194,1,1,0
1275,0.5015843984298036,1,0,0
8451,0.501577310787182,1,0,0
1839,0.5015487657783831,1,0,0
1819,0.5015445860299881,0,1,0
3038,0.5015140351806909,1,0,0
6417,0.5014900654240926,1,0,0
12497,0.5014753314478891,1,0,0
4112,0.5014753314478891,0,1,0
4277,0.5013317127052506,1,1,0
5663,0.5013143507366253,1,0,0
8759,0.5013010166535034,1,0,0
6372,0.5013006595785352,0,0,0
12523,0.5012995267288066,1,1,0
10281,0.5012995267288066,1,1,0
7502,0.5012995267288066,1,0,0
5503,0.5012995267288066,1,0,0
3572,0.5012995267288066,1,0,0
5059,0.5012995267288066,1,1,1
11347,0.5012995267288066,0,1,0
3073,0.5012995267288066,1,0,0
2581,0.5012995267288066,1,0,0
1850,0.5012995267288066,1,0,0
3446,0.5012995267288066,1,0,0
8028,0.5012995267288066,0,0,0
8335,0.5012995267288066,0,0,0
10392,0.501282654635956,1,0,0
11889,0.501282654635956,1,0,0
4462,0.501282654635956,0,0,0
9479,0.501282654635956,0,0,0
3432,0.501282654635956,1,0,0
8132,0.5012405750585989,1,0,0
12099,0.5012405750585989,1,1,0
6543,0.5012405750585989,1,0,0
8382,0.5012405750585989,0,1,0
1564,0.5012150410781228,1,1,0
9818,0.5011436813966968,1,0,0
2503,0.5010770631478719,1,0,0
6071,0.5010605332715067,1,1,0
6617,0.500931350701608,1,0,0
5293,0.5008759963013613,1,0,0
5340,0.50086881854607,1,0,0
1967,0.5008544269898798,0,0,0
12332,0.5008345329054164,0,1,0
6909,0.5008345329054164,0,0,0
12158,0.50075049458823,1,0,0
4508,0.5007463863819419,1,0,0
2071,0.5006791203499245,1,0,0
5984,0.5006413493102793,1,1,0
4714,0.5006375237035829,1,0,0
11727,0.500624119871854,0,0,0
6435,0.500624119871854,0,0,0
384,0.500624119871854,1,1,0
5033,0.5004931707224527,0,0,0
8443,0.5004795961688264,1,0,0
7654,0.5004693181795931,0,0,0
3269,0.5004648482062105,0,0,0
7246,0.5004236827103925,1,1,0
1227,0.5004102914581764,0,0,0
4166,0.5004102914581764,0,0,0
2952,0.5003938703341061,0,0,0
7882,0.5003776983424675,1,0,0
3644,0.500362277439257,1,0,0
2337,0.500362277439257,1,0,0
3394,0.5002693526001013,0,0,0
2358,0.5002427892833793,0,0,0
4726,0.5000579685214421,0,1,0
12021,0.49997337218296456,1,0,0
5123,0.49997337218296456,1,0,0
4064,0.4999590573761329,0,0,0
1787,0.4999178627165513,0,0,0
12006,0.49990730406459266,0,0,0
4583,0.4998799950994644,1,0,0
2492,0.4998799693047509,1,0,0
1639,0.49987680734853596,0,0,0
10629,0.4998536898449048,1,1,0
10084,0.49985134164830364,1,0,0
7846,0.4996222384290787,1,0,0
11146,0.49961861426681164,1,0,0
10168,0.49961861426681164,1,0,0
10813,0.49961861426681164,1,0,0
3294,0.49959479135852464,0,0,0
10373,0.49959479135852464,1,1,0
2585,0.49959479135852464,1,0,0
7988,0.49959479135852464,1,0,0
2327,0.49959479135852464,1,0,0
7579,0.49959479135852464,0,0,0
2832,0.49959479135852464,1,0,0
12115,0.49959479135852464,0,0,0
11844,0.49956805212038835,1,0,0
9094,0.4995231949290444,1,1,0
1680,0.4995231949290444,0,0,0
10240,0.4995231949290444,1,0,0
3936,0.4995231949290444,0,0,0
9332,0.499500315228985,1,0,0
4861,0.49942064070663866,1,0,0
12795,0.49942064070663866,0,0,0
10604,0.49942064070663866,1,0,0
1700,0.49942064070663866,1,0,0
11271,0.49942064070663866,0,0,0
12778,0.49942064070663866,1,0,0
4746,0.4993944110927189,1,0,0
6620,0.4993843394997955,1,0,0
6253,0.4993634724827421,0,0,0
10340,0.49934097747998907,1,0,0
5006,0.49934097747998907,0,0,0
12171,0.49934097747998907,1,1,0
8605,0.49934097747998907,1,0,0
10753,0.4993346223371834,1,0,0
811,0.4993346223371834,0,0,0
6158,0.49932727917044134,0,0,0
9367,0.49932727917044134,0,0,0
6570,0.49932727917044134,1,0,0
1132,0.49932727917044134,0,0,0
9742,0.49932727917044134,1,0,0
2013,0.49932727917044134,1,0,0
7163,0.49932727917044134,1,0,0
1570,0.49932727917044134,0,0,0
9454,0.49932727917044134,0,0,0
8853,0.49932727917044134,1,0,0
3117,0.4993078070011627,1,0,0
10475,0.4992988977125678,0,0,0
11098,0.49925069919562565,1,0,0
6732,0.4991988083801519,1,1,0
3855,0.49919459912411346,0,0,0
3425,0.49915493549479795,1,0,0
323,0.4990145278690764,1,0,0
4233,0.4990145278690764,0,0,0
5653,0.4989273223824131,1,0,0
11977,0.49891436468640965,0,0,0
5117,0.49879965512436214,0,1,0
4143,0.49879965512436214,0,0,0
3990,0.4987189949703083,0,0,0
7198,0.4987025006499649,0,0,0
3165,0.4986825887505706,1,0,0
2161,0.4986742084062547,0,0,0
9176,0.4986139744416933,1,0,0
3850,0.4985228373071927,1,0,0
6553,0.4984016606592411,1,0,0
11666,0.4982139176486717,0,0,0
11909,0.4982139176486717,1,0,0
2349,0.4981844120308292,1,0,0
8067,0.4980367521761289,1,0,0
4732,0.4980367521761289,1,0,0
2296,0.49793831653990445,1,0,0
8663,0.49793718570815904,1,0,0
1130,0.49789283062287976,1,0,0
12239,0.49779698810159134,0,0,0
8338,0.49777371997056763,0,0,0
12324,0.4977335432399125,0,0,0
12055,0.49769638293413365,0,0,0
4,0.4976511506621822,0,0,0
1207,0.49754375654449146,1,0,0
316,0.49753303958296835,1,0,0
8444,0.49749031398387056,1,0,0
2736,0.49747830671675375,1,0,0
351,0.4974307573426292,1,1,0
8828,0.4974258502704646,0,1,0
7957,0.4974201965634382,1,0,0
12602,0.49736760395820157,1,0,0
3059,0.4973294206863125,0,0,0
3728,0.4972655158545038,1,0,0
8129,0.4972450818392513,1,0,0
5549,0.49723366316355505,1,0,0
8071,0.49719692438131396,1,0,0
89,0.49719692438131396,1,0,0
6052,0.4971548458784998,0,1,0
11797,0.4971331152285747,1,0,0
4320,0.4971302548036779,1,1,0
11921,0.4971255321919556,1,0,0
8275,0.4970466182106735,1,1,0
12391,0.4970466182106735,1,0,0
4820,0.497013977795157,1,1,0
7900,0.497013977795157,0,1,0
12342,0.4968811157506463,0,0,0
7978,0.49674815555441404,1,0,0
3014,0.49664458985959614,1,1,0
7715,0.49664023526836215,1,0,0
4154,0.49663076020243885,1,0,0
10357,0.4965671191378841,1,0,0
11266,0.4965243262113368,1,0,0
3765,0.4965243262113368,1,1,0
9378,0.4964994438522411,0,0,0
5068,0.49645901222415645,0,0,0
8874,0.4964541731526932,1,1,0
451,0.49640408653689455,0,0,0
10910,0.49634571890069196,1,0,0
7026,0.4963407174499387,1,0,0
3527,0.4962964233476894,1,0,0
8367,0.4962298856028647,1,0,0
3846,0.49622106320206594,1,0,0
5257,0.4961942315602971,1,0,0
4046,0.49612908910692216,1,0,0
3418,0.49609927194937736,1,0,0
7295,0.49606489564556483,1,0,0
10315,0.4959605607755175,1,0,0
1267,0.49591103667616354,0,0,0
5695,0.4958912016155407,1,1,0
2650,0.49582933351725206,1,1,0
6871,0.49581800539700593,0,0,0
6919,0.49578162459105507,1,0,0
11135,0.49577701833875953,1,0,0
10090,0.49577701833875953,0,1,1
9605,0.4957330021964797,0,0,0
10146,0.4957068091711709,1,1,1
3310,0.4957068091711709,1,1,0
11452,0.49567644063628996,1,0,0
4773,0.4956665409341898,0,0,0
9817,0.49561690497626826,0,1,0
10130,0.4956053380043955,0,0,0
11431,0.4955720018436231,1,1,0
4920,0.4955720018436231,1,0,0
9834,0.4955720018436231,1,0,0
672,0.4955720018436231,1,0,0
3025,0.4955703781441773,1,0,0
7493,0.49552938995391993,1,0,0
3257,0.49552195333948296,1,0,0
6147,0.4955070403518021,1,0,0
8595,0.4954351441645265,1,0,0
12052,0.4954351441645265,1,0,0
5189,0.49543197077923945,1,0,0
2271,0.49543197077923945,1,1,1
5256,0.49543197077923945,0,0,0
5485,0.49543197077923945,1,0,0
7740,0.49543197077923945,1,0,0
534,0.49543197077923945,1,0,0
2905,0.49539543214769316,1,0,0
9186,0.49537528517726964,0,0,0
3782,0.4953657254368334,1,0,0
4906,0.49533448588007095,1,0,0
10472,0.49533448588007095,1,0,0
10551,0.4952877511134815,1,1,0
5684,0.4952877511134815,1,0,0
2651,0.4952877511134815,1,0,0
6178,0.4952877511134815,0,1,0
10147,0.4952877511134815,0,0,0
2350,0.4952694927413797,1,0,0
3599,0.4952459684602586,0,0,0
10925,0.4952446230219764,0,0,0
9516,0.4952105091473337,1,0,0
7547,0.4952087491579941,1,0,0
8051,0.49520249963121304,0,0,0
10501,0.49515007468030325,1,0,0
10794,0.4950908705390855,1,0,0
6672,0.49502519501298803,1,0,0
5963,0.49502519501298803,1,0,0
1077,0.4949851789180007,0,0,0
8099,0.4949843882508055,1,0,0
4535,0.4949843882508055,0,0,0
6684,0.4949326018158874,1,0,0
10968,0.49493136779946856,0,0,0
9523,0.49488244241305723,1,0,0
726,0.49485869084977474,1,0,0
11739,0.4948467792903746,0,0,0
1602,0.49481396298509694,0,0,0
968,0.49475817548462553,1,0,0
9436,0.4946780054652579,0,0,0
7391,0.4946545504796978,1,0,0
3769,0.4946545504796978,0,0,0
7433,0.4946518942538988,1,0,0
11817,0.49458575531239024,1,0,0
4374,0.4945790068499893,0,0,0
12210,0.49456674012671253,0,0,0
9867,0.4945191731231233,0,1,0
5871,0.4945191731231233,1,0,0
3895,0.49450151710408785,1,1,0
3127,0.4944721732189002,1,0,0
2091,0.4944721732189002,0,0,0
3034,0.4944010935171299,1,0,0
9569,0.494373864676958,0,1,0
10944,0.4943314099916406,1,1,0
3861,0.4942602326178028,1,0,0
500,0.49420016153859647,0,1,0
9710,0.494125388137746,1,0,0
1962,0.49403537977901496,1,0,0
4930,0.4940340227638421,0,0,0
5108,0.4939311910571626,1,0,0
12167,0.49387640911841757,1,0,0
9590,0.4938662463850758,1,0,0
852,0.49386035938851264,1,0,0
918,0.49386035938851264,1,0,0
880,0.49386035938851264,0,0,0
10677,0.4938289555485881,1,1,0
2554,0.4938266671889694,1,0,0
5701,0.4937869460172371,1,0,0
9505,0.4937737918642245,1,0,0
11634,0.4937689451166215,0,0,0
6485,0.4937071445260591,0,0,0
4517,0.4936921037523706,0,0,0
8800,0.4936294563292147,0,0,0
8011,0.493561523207675,1,1,0
7068,0.49351326753636227,0,0,0
3938,0.4935127911025504,1,0,0
1612,0.49349853644533526,0,0,0
1592,0.4934762662639513,1,1,0
4231,0.4934304723119517,0,0,0
3541,0.49341778149174875,0,0,0
7881,0.4933396966046524,1,0,0
5506,0.49330475949681235,0,0,0
7207,0.4931599890805587,1,0,0
9694,0.4931599890805587,1,0,0
8761,0.49314829392009085,1,0,0
5062,0.49312614600645577,0,0,0
1577,0.4931219203044437,1,0,0
11284,0.4931152211635845,1,0,0
9346,0.4930898211880992,1,0,0
7459,0.49306888309033187,1,1,0
7962,0.4930542157712177,0,0,0
2478,0.4930542157712177,1,0,0
2034,0.4930542157712177,1,0,0
1088,0.49304467969559934,1,1,0
6740,0.49304467969559934,1,1,0
10994,0.49303118176082833,0,0,0
4860,0.49303118176082833,1,0,0
10603,0.49302993452520405,1,0,0
5322,0.49302993452520405,0,0,0
10956,0.49302993452520405,1,0,0
4961,0.49302993452520405,0,0,0
10041,0.493028501307137,1,0,0
8898,0.49297126272660213,0,0,0
3017,0.492961192803535,1,1,0
2336,0.4928344658584148,1,1,1
6637,0.49282571896346766,0,0,0
7320,0.49280887225943504,1,0,0
7808,0.49280887225943504,0,1,0
9495,0.49280887225943504,1,0,0
12214,0.49280887225943504,0,0,0
9823,0.49280887225943504,0,0,0
9557,0.4927858028393683,1,0,0
5317,0.4927342785871164,1,0,0
9318,0.4927342785871164,1,0,0
3071,0.49270836508213056,0,0,0
2493,0.49270836508213056,0,0,0
878,0.49257699246044107,0,0,0
10325,0.4925768987674278,1,1,0
9875,0.49256530301588497,1,0,0
10459,0.49256530301588497,1,0,0
9695,0.4925262344343763,0,0,0
3753,0.49241494897999993,1,0,0
2467,0.49241024159109126,0,0,0
12400,0.49241024159109126,0,0,0
10801,0.4923818859102754,1,1,0
4763,0.49234301063316205,1,0,0
1641,0.49231047013361057,0,0,0
2784,0.49229688362888774,1,0,0
45,0.49227000282115035,1,0,0
2515,0.4922286093468987,1,0,0
2127,0.4921981155315376,1,0,0
3360,0.4921795699933716,1,0,0
3138,0.49213645619574314,1,0,0
3581,0.49212548530284494,1,1,0
10015,0.49212548530284494,1,0,0
12662,0.4921199558244751,0,0,0
5348,0.4921176382971047,1,0,0
7684,0.49205916287572266,1,0,0
11278,0.4920487638689023,1,0,0
2064,0.49201003815786437,1,0,0
9490,0.49199124132240457,0,0,0
7461,0.49197780201739055,0,0,0
8583,0.491955750902013,0,0,0
5049,0.4919441556330089,1,0,0
9994,0.4919441556330089,0,0,0
2108,0.4919441556330089,0,0,0
4113,0.491940644740976,0,0,0
2978,0.49179104775877963,1,0,0
5717,0.49176992872516306,0,0,0
8094,0.49176992872516306,1,0,0
2645,0.49172786033920485,1,1,0
9072,0.49172786033920485,0,0,0
2694,0.49172786033920485,0,0,0
9734,0.49172786033920485,1,0,0
4014,0.49170083454179386,0,0,0
4870,0.4916039457304454,1,0,0
11327,0.4916039457304454,0,0,0
11104,0.4915681170074255,1,1,0
11665,0.4915681170074255,1,1,0
9284,0.4915681170074255,1,0,0
2167,0.4915681170074255,1,0,0
10255,0.49148093734759263,1,0,0
9102,0.49145473624218033,1,0,0
10151,0.4914282384899507,0,0,0
11007,0.4914282384899507,1,0,0
9847,0.4914282384899507,1,0,0
9732,0.49142231974059936,0,0,0
8229,0.49141891242946767,1,0,0
102,0.49141891242946767,1,0,0
11612,0.49141034330325944,0,0,0
3058,0.4913782823929186,0,0,0
129,0.4913240500356635,1,0,0
8672,0.49132264488769833,0,1,0
807,0.49131587489463435,1,0,0
7337,0.49131587489463435,0,0,0
11290,0.4912599357207202,1,0,0
8273,0.49124274552760366,1,0,0
8677,0.4911166691508535,1,0,0
4907,0.49108531814594275,1,0,0
9402,0.4909953885534816,0,0,0
10405,0.4909953885534816,1,0,0
3355,0.49094973819970605,1,0,0
12196,0.4909299896028284,0,0,0
1202,0.4909299896028284,1,0,0
832,0.4909299896028284,1,0,0
11086,0.4909299896028284,0,0,0
11582,0.4909202183182932,1,0,0
7253,0.49084946100912574,0,0,0
5093,0.4908073953225035,1,1,0
2310,0.4907951676504162,0,1,0
1093,0.49079128718123455,0,0,0
2297,0.49079128718123455,1,0,0
7064,0.49079128718123455,1,0,0
10462,0.4907587535000973,1,0,0
1188,0.490740966481831,0,0,0
1653,0.490740966481831,1,0,0
1642,0.490740966481831,1,0,0
9017,0.490740966481831,1,1,0
7986,0.49070662194904646,1,0,0
4168,0.49068849098973993,1,0,0
10904,0.4906838648036857,0,0,0
5652,0.4906448689103962,1,1,0
1125,0.4906018172591844,0,0,0
3805,0.4906018172591844,1,0,0
11246,0.4906018172591844,0,0,0
223,0.4906018172591844,0,1,0
1689,0.49040929705112596,1,0,0
9078,0.49040929705112596,0,0,0
9857,0.4903998070417172,0,0,0
6038,0.49035774607588534,1,0,0
10131,0.4903504491376187,1,0,0
11691,0.4903504491376187,1,1,0
181,0.4903504491376187,1,0,0
7383,0.4903504491376187,0,1,0
5249,0.4903504491376187,1,0,0
7534,0.4903504491376187,0,0,0
503,0.4903504491376187,1,0,0
243,0.4903504491376187,1,1,0
8325,0.4903504491376187,1,0,0
8437,0.4903504491376187,0,0,0
12209,0.4903504491376187,0,0,0
2619,0.4903504491376187,1,0,0
9219,0.4903504491376187,0,0,0
4446,0.4903504491376187,1,0,0
2658,0.4903186043951705,1,0,0
3978,0.49025181987172567,1,0,0
3901,0.4901141599517602,1,0,0
11964,0.4901141599517602,1,0,0
5444,0.49010352726604595,0,0,0
593,0.49009650729280946,1,0,0
785,0.48997731773387243,1,0,0
3078,0.489951290926379,0,1,0
7601,0.4899356584885912,1,1,0
2787,0.48989045803996994,1,0,0
9401,0.48988616591827816,1,0,0
11928,0.48988616591827816,1,0,0
4841,0.48987528467405606,0,1,0
11886,0.4898594823330377,1,0,0
12221,0.4898593277839253,1,1,0
2002,0.48984826067236636,1,0,0
842,0.4898287097250476,1,0,0
252,0.4898287097250476,0,1,0
4123,0.4898287097250476,1,0,0
1891,0.4897867495913904,1,1,0
10833,0.4897687498536512,0,0,0
1467,0.48974829792482877,1,0,0
12297,0.4897283098316391,1,0,0
3007,0.48969148426272635,1,0,0
9329,0.48969148426272635,0,0,0
6393,0.48966772096282746,1,1,0
8943,0.48965564649147875,0,1,0
6679,0.48960743236401305,1,1,0
6875,0.4896049463849574,1,0,0
10306,0.48959002126790174,0,0,0
2090,0.4895542036291392,0,1,0
3225,0.48952806017386835,1,0,0
6210,0.48951029273779356,1,0,0
8001,0.4894378813246243,0,0,0
11179,0.4893359730656501,1,0,0
1032,0.4893359730656501,1,1,1
1586,0.4893279503819088,1,0,0
7803,0.4893025459880572,1,0,0
5657,0.4892768712720925,1,1,1
302,0.48926332572025444,1,0,0
7516,0.48925773333636785,1,0,0
6012,0.4891895868176478,1,0,0
7184,0.4891717019737934,1,0,0
5490,0.48916537620864536,1,0,0
10713,0.48916537620864536,0,0,0
2842,0.48914875505281447,0,0,0
11275,0.4891337509427604,1,0,0
6965,0.48910284520658825,1,1,0
5721,0.48909764592456934,1,0,0
12030,0.48906718052890663,0,0,0
1058,0.48905143715301297,0,0,0
7380,0.48898587727677484,1,0,0
11686,0.48895119861208686,1,1,0
8383,0.48895119861208686,0,0,0
4348,0.48895119861208686,1,0,0
3089,0.48895119861208686,0,0,0
5356,0.48895119861208686,0,0,0
12244,0.48895095017272433,1,0,0
1603,0.4889090308338104,1,0,0
8152,0.4888834045510206,1,1,0
7827,0.48887125107512686,1,0,0
5594,0.4888211161237228,1,0,0
3676,0.488799498387326,1,0,0
4346,0.4886797020926542,0,0,0
5236,0.48865983901382276,0,0,0
10862,0.48865983901382276,0,0,0
1848,0.48865983901382276,1,0,0
4783,0.48862995407290544,1,0,0
8119,0.488625098284011,0,0,0
10400,0.4885711433044723,1,0,0
10840,0.4885576740191239,1,0,0
11108,0.48850646169770373,0,0,0
7428,0.48849998571095943,0,0,0
9050,0.48847799959040816,1,0,0
8465,0.4884760248153492,1,0,0
6596,0.4884588636162422,0,0,0
5558,0.4884588636162422,0,0,0
8413,0.4884308323974606,1,0,0
4334,0.48842461046090685,1,0,0
3115,0.4883679990463075,1,0,0
3064,0.48831927101319145,0,0,0
2567,0.48821237701097087,1,0,0
12165,0.48821237701097087,0,0,0
3930,0.48816389037631275,1,0,0
988,0.48816389037631275,1,0,0
3576,0.4880484793993942,1,1,0
12163,0.4880236218467293,0,0,0
601,0.4879833245927224,1,1,0
3137,0.4878577377007488,1,0,0
6786,0.4877968012169688,1,0,0
10148,0.48778573081726084,1,0,0
6156,0.48772431186953996,1,0,0
7887,0.48772431186953996,1,0,0
1128,0.4877122529948149,0,0,0
630,0.4877070242037856,1,0,0
10853,0.4876755511620497,1,0,0
1533,0.48757444100158404,0,0,0
6362,0.4875485584816766,0,0,0
10113,0.4875485584816766,1,1,0
12626,0.4875323872319355,1,0,0
6255,0.4875323872319355,0,0,0
3916,0.48748816034254405,1,0,0
8867,0.4874710377057682,1,0,0
10620,0.48738342899008413,0,1,0
3595,0.4873709267943713,1,0,0
4835,0.4872952885607527,0,1,0
1381,0.48727433559051475,0,0,0
10493,0.4872453731763956,1,1,0
1856,0.48722174681139296,1,0,0
9468,0.4871319112922387,1,0,0
1844,0.48708804760189006,1,0,0
6842,0.4870622359524802,1,0,0
2572,0.4870604774679131,1,0,0
10646,0.48704567119261294,0,0,0
1501,0.48698870547501494,1,0,0
4713,0.4869661893072004,1,0,0
10369,0.48696338315526805,1,0,0
1140,0.4869590486459149,0,0,0
7230,0.48691132791747826,0,0,0
8126,0.48679363433739037,0,1,0
5289,0.4866339922917067,1,0,0
567,0.4866160609247708,1,1,0
8078,0.4866160609247708,1,0,0
6322,0.48661572262878117,0,1,0
12125,0.48661297799494246,1,0,0
7675,0.48661297799494246,0,0,0
3213,0.4865740113253285,1,0,0
12470,0.4865336673657889,0,0,0
8852,0.48652534410320375,0,0,0
4237,0.48650573589050866,0,0,0
11684,0.48642676147324354,1,0,0
12359,0.48642676147324354,0,0,0
9906,0.48640424210859307,1,0,0
7783,0.48639485120111925,0,0,0
6352,0.48636754411144906,0,0,0
7030,0.4863528026081489,1,0,0
8098,0.4863528026081489,1,1,0
4394,0.4863411396719336,1,0,0
207,0.48633941715410894,1,0,0
8193,0.4861977174618943,1,0,0
2841,0.486176691385656,1,0,0
6229,0.486176691385656,1,0,0
1834,0.486176691385656,1,0,0
10139,0.48610706680409277,0,0,0
5515,0.48607596515125645,1,0,0
3854,0.48606537017642415,1,0,0
7726,0.4860334315110388,1,0,0
5674,0.48603129843784787,1,0,0
3536,0.48603129843784787,0,0,0
6160,0.4860078154805112,1,1,0
10163,0.4860078154805112,0,0,0
4902,0.4858693047438761,1,0,0
10874,0.4858693047438761,0,0,0
3291,0.48584837090291816,1,0,0
467,0.48584837090291816,1,1,1
8047,0.48582725860812254,1,0,0
7040,0.48582489636773435,1,0,0
3815,0.4858027776111262,1,0,0
2183,0.48576881752334755,1,0,0
10018,0.4857638825256525,1,0,0
8304,0.4856626285838794,0,0,0
5240,0.48561687465164705,1,1,0
8032,0.48561687465164705,1,1,1
11504,0.48560668240827903,0,0,0
2115,0.4855928354082539,1,0,0
9212,0.485568147375644,1,0,0
6257,0.4854899927024891,1,0,0
11261,0.4854381871209118,1,1,0
332,0.48527220366912893,1,0,0
7584,0.48527220366912893,1,0,0
4840,0.48520522110509995,0,0,0
230,0.48520522110509995,0,0,0
7367,0.48520522110509995,0,0,0
5797,0.48520522110509995,1,1,0
10129,0.48507067545823257,0,1,0
11969,0.4850663253655058,0,0,0
3174,0.48498795796212146,1,0,0
7157,0.4849228779665713,1,0,0
1551,0.48481086740442797,1,0,0
817,0.4847997998968129,1,0,0
1229,0.48477644279755844,1,0,0
10785,0.4847470637570267,1,1,0
12744,0.4847235395243315,1,0,0
9684,0.4846947505788013,1,0,0
9244,0.4846720515984426,1,1,0
8158,0.4846720515984426,0,0,0
10053,0.4846720515984426,0,0,0
10209,0.4846499423596698,1,0,0
6087,0.4846491110719558,1,0,0
8523,0.4846370176988616,1,0,0
7974,0.4846280392305286,1,1,0
6706,0.4846280392305286,1,1,0
12093,0.48452425898034573,1,1,0
1763,0.48444079981023674,1,0,0
4295,0.4843870826461661,1,0,0
4598,0.48436316081614433,1,0,0
11485,0.4843536995097021,1,0,0
12051,0.48432804776282223,0,1,0
2960,0.48431835902985654,1,0,0
6356,0.4842811622375727,1,0,0
8923,0.4842372349133501,1,0,0
8931,0.4841977241278229,0,1,0
3884,0.4841381920425995,0,0,0
898,0.4841098958331346,1,1,0
4585,0.4841098958331346,0,0,0
10273,0.4841098958331346,1,0,0
1678,0.4841098958331346,1,0,0
3744,0.4841083675954255,1,0,0
8940,0.48403668655262416,1,1,0
6601,0.48403668655262416,0,0,0
3516,0.4838977678484103,1,0,0
2240,0.4838687473025271,1,0,0
5055,0.48379287143263283,1,0,0
12274,0.4837672755270069,1,0,0
3152,0.48375938482118536,1,0,0
123,0.4836540995274661,1,0,0
7728,0.4835908742765098,1,0,0
11430,0.48357515035316195,1,0,0
8103,0.4834869074127582,0,0,0
8185,0.48344372663275414,1,0,0
6917,0.4834289968929614,1,0,0
10882,0.48340222567442015,1,0,0
731,0.4833853194132432,1,0,0
4330,0.4833171851165583,1,0,0
5433,0.4832943893534444,0,0,0
10395,0.4832943893534444,1,0,0
4230,0.483292714336085,1,1,0
4680,0.483292714336085,0,0,0
11260,0.483292714336085,0,0,0
1981,0.483292714336085,1,0,0
3396,0.4832825207471071,1,0,0
3565,0.483250681592656,1,1,0
3333,0.483250681592656,1,0,0
11398,0.483250681592656,1,0,0
4052,0.483250681592656,1,1,0
9804,0.483250681592656,1,0,0
11144,0.4831937661798258,1,0,0
8373,0.4831414665320351,1,0,0
847,0.4831069736206845,0,0,0
6391,0.4831031126829977,1,1,0
10344,0.4830120320656714,1,0,0
2488,0.4830120320656714,1,0,0
2968,0.48299236568541765,0,0,0
8416,0.4829210537522866,0,0,0
1456,0.4829210537522866,1,0,0
2184,0.48283530153079346,1,0,0
4638,0.4828342322939146,1,1,0
382,0.48283097307617345,0,0,0
8375,0.48282573498570514,1,0,0
9999,0.48279806348293125,1,0,0
3948,0.4827889429688708,0,0,0
12309,0.4827837909372904,1,0,0
6481,0.4827732621913063,0,0,0
8748,0.4827732621913063,1,1,0
9426,0.4827732621913063,0,0,0
7985,0.4827732621913063,0,0,0
9469,0.4827076127912466,1,1,0
3542,0.4827076127912466,0,0,0
3762,0.4826175680020385,1,0,0
2896,0.4826175680020385,1,0,0
9162,0.4826175680020385,1,1,0
12605,0.48256445969210665,1,0,0
11408,0.4824657526724094,1,0,0
10884,0.4824657526724094,1,0,0
7713,0.48244361042232825,1,0,0
3378,0.48238836796289963,0,0,0
11190,0.4823783701475519,1,0,0
6149,0.4823242113578711,1,1,0
10671,0.48226383116541927,0,0,0
10079,0.4821863610793654,1,0,0
3456,0.4821780817714413,1,0,0
9492,0.4821780817714413,1,0,0
4061,0.482152332584977,1,0,0
2229,0.482152332584977,0,1,0
5046,0.482152332584977,0,0,0
9171,0.482152332584977,0,1,1
10321,0.482152332584977,0,0,0
10403,0.482152332584977,0,0,0
7531,0.4821045742599222,0,0,0
9391,0.4820950826203631,1,0,0
2147,0.48207915662024864,0,0,0
2994,0.4820709412560882,0,0,0
10560,0.48206778754581814,0,1,0
10136,0.48206778754581814,1,0,0
11948,0.4820201395390329,1,0,0
5548,0.4820201395390329,1,1,0
8234,0.4820201395390329,1,0,0
2993,0.4820122534096295,1,0,0
5475,0.482007388445885,1,0,0
810,0.482007388445885,0,1,0
8512,0.4820013988699733,0,0,0
5000,0.48197693118274537,1,0,0
7114,0.4819653893224474,0,0,0
3911,0.48187761346712227,1,0,0
9601,0.4817905994077098,0,1,0
2877,0.4817905994077098,1,0,0
12521,0.48174959513163423,1,0,0
5650,0.4817019360855186,0,0,0
6579,0.48169539365615527,1,0,0
5325,0.48169539365615527,0,1,0
4314,0.48168596713649653,0,0,0
9090,0.4816488621604931,1,0,0
912,0.48161139993431473,1,0,0
8503,0.48159208917236435,1,0,0
11789,0.48156767453189797,1,0,0
7376,0.4815655494611678,1,0,0
2704,0.4815214202492704,0,0,0
9130,0.4815214202492704,1,0,0
5758,0.4815214202492704,1,0,0
9868,0.4815214202492704,1,0,0
7676,0.481406127002001,1,0,0
2404,0.4813716009198206,0,0,0
7611,0.4813697783795499,1,0,0
12427,0.48121514482939265,1,0,0
1279,0.48118119565991946,1,0,0
12017,0.48118119565991946,0,0,0
8221,0.48118119565991946,1,0,0
3814,0.48116057988503524,0,0,0
7036,0.48114283374286,0,1,0
11225,0.4811201610967802,0,1,0
1351,0.4811201610967802,1,0,0
4208,0.4811201610967802,1,0,0
12105,0.4811201610967802,0,0,0
10040,0.4811201610967802,0,0,0
8377,0.4811201610967802,0,0,0
7196,0.4811201610967802,0,0,0
3875,0.4811201610967802,1,0,0
2119,0.4811201610967802,0,0,0
6436,0.4811201610967802,1,1,0
970,0.4811201610967802,1,0,0
11667,0.4810125144064156,1,0,0
11281,0.48096286835947194,1,0,0
1173,0.48094111155840014,0,1,0
4101,0.4809190536760664,1,0,0
6906,0.48089737795529014,1,0,0
481,0.48087522777256086,1,0,0
6795,0.4808559496329726,1,1,1
3562,0.4808533266944741,1,0,0
175,0.48081514319810487,1,0,0
11908,0.4808092984430115,1,0,0
5802,0.4808092984430115,1,0,0
2925,0.4807356348456791,0,0,0
10648,0.48069737076716756,1,0,0
1739,0.4806508477567677,0,0,0
10743,0.4805998437713933,1,0,0
197,0.4805193356599869,1,0,0
3760,0.48048704106485085,1,0,0
3548,0.48048704106485085,1,0,0
2092,0.48046975221870464,1,0,0
11005,0.48046236639933676,1,0,0
8615,0.48045493365397307,1,1,0
10286,0.48039958719558556,1,0,0
11547,0.48036089783023417,1,0,0
2347,0.4803465951890043,1,1,0
5991,0.4803347086489022,1,0,0
4984,0.4803347086489022,1,0,0
4912,0.4802789367799273,1,1,0
3922,0.4802235816061131,1,1,0
9781,0.4802178539615245,0,1,0
5789,0.4801895405053705,0,0,0
11555,0.4801895405053705,0,0,0
4176,0.4801895405053705,1,0,0
10295,0.4801895405053705,1,0,0
9675,0.4801442612581457,1,0,0
691,0.4800759924633672,1,0,0
3487,0.4800429290419245,0,0,0
11885,0.4800415085812512,0,0,0
12002,0.48001928733853794,1,1,0
1370,0.48001928733853794,1,1,0
2796,0.4799873967580964,1,1,0
10363,0.47995549768796447,1,0,0
3042,0.47993656460459894,0,0,0
9517,0.47993609683997035,1,0,0
3077,0.47988944151617025,1,1,0
11966,0.4798812779593961,0,1,0
1661,0.4798485049572032,1,0,0
6133,0.47984374911276956,1,0,0
349,0.4797555601334116,1,1,0
3028,0.4796968873928075,1,0,0
3695,0.47965010292276716,1,0,0
2474,0.4796255683023444,1,1,0
3087,0.4796255683023444,0,0,0
3987,0.47957457904126205,0,0,0
1580,0.4795510647379577,1,0,0
7816,0.4795510647379577,0,0,0
12453,0.47947724080587284,1,0,0
11933,0.47947724080587284,0,0,0
2893,0.47943523199916555,1,1,0
11085,0.47943523199916555,0,0,0
10565,0.4794274085017256,0,0,0
822,0.4794210412783632,0,0,0
4623,0.47933658801426887,1,1,0
9510,0.47933658801426887,0,1,1
9792,0.47933658801426887,0,0,0
8971,0.47933658801426887,1,0,0
7701,0.4792509944695984,0,0,0
3193,0.47922891514298194,1,0,0
2767,0.479208082135647,1,0,0
9862,0.4791916576994254,0,0,0
10556,0.47917368016951056,1,0,0
11303,0.47912631322423,0,0,0
7086,0.47912620363582425,0,0,0
7831,0.4790580291256661,0,1,1
4167,0.4790289074872673,1,1,0
6042,0.4790289074872673,1,0,0
12783,0.4790139351191135,1,1,0
9659,0.4789710162043528,0,0,0
2489,0.47894001353857907,1,0,0
12464,0.47890824168256874,1,0,0
3015,0.47889278923480827,0,1,0
11044,0.4788615579065385,0,0,0
6061,0.478782182286035,1,1,0
5070,0.478750037439964,0,0,0
4332,0.47865805982293386,0,0,0
10936,0.47865805982293386,1,1,0
6673,0.4786252939845344,0,0,0
4859,0.4785918371310961,0,0,0
3503,0.4785918371310961,1,0,0
8340,0.4785815055171202,1,0,0
7670,0.4785701437804313,1,0,0
8687,0.4785659280591583,0,0,0
3697,0.4785550926177616,1,0,0
4754,0.47851501688750375,1,0,0
4643,0.4784941739092182,1,0,0
12341,0.47849327033095757,1,0,0
9855,0.4784756565517455,1,0,0
9956,0.47839526156395357,0,0,0
12047,0.4783910954725962,1,1,0
12123,0.4782572667000989,0,0,0
8675,0.4782572667000989,1,0,0
12589,0.4782572667000989,0,0,0
10911,0.47825146805709534,1,0,0
320,0.4782246688175751,0,0,0
7712,0.4782160337140317,0,0,0
1752,0.4782160337140317,0,0,0
5505,0.4781919066910231,0,0,0
7635,0.478191436552346,1,0,0
5912,0.4781855092670651,1,0,0
1820,0.4781714121959956,1,0,0
6183,0.47809752301986597,1,0,0
12317,0.47809752301986597,0,0,0
1796,0.4780521987090777,1,0,0
4966,0.47805022101592753,1,1,0
3899,0.4780323500754733,1,0,0
10954,0.4780244584742249,0,0,0
1276,0.4780244584742249,0,0,0
1673,0.4780049702901946,1,0,0
9671,0.4779696639284717,1,0,0
7272,0.47792881318377345,1,0,0
8206,0.47789364411143787,1,1,0
6177,0.4778314999148004,1,0,0
9814,0.4778168632875921,0,0,0
3135,0.47779864929276566,0,1,0
8448,0.4777426571511828,1,1,0
9166,0.4777085231951385,1,0,0
6657,0.47766380099006833,1,0,0
3156,0.47760862089610306,1,0,0
2537,0.4775430681765602,1,0,0
1793,0.4775365054416499,0,0,0
3211,0.4775304702837021,0,0,0
4772,0.4775088739492136,1,0,0
1340,0.4774735546256262,1,0,0
12758,0.47738668263710765,1,0,0
6381,0.47738668263710765,0,0,0
6676,0.47738668263710765,1,0,0
1316,0.47738668263710765,0,0,0
3822,0.47738668263710765,0,0,0
709,0.47738668263710765,1,0,0
398,0.47738668263710765,1,0,0
7454,0.47738668263710765,1,0,0
12463,0.47738668263710765,0,1,0
2227,0.47738201724074686,1,0,0
95,0.4773551771898921,1,0,0
6008,0.47733457831268716,1,0,0
9681,0.47731653217058767,1,0,0
9530,0.47730842939899865,0,0,0
11695,0.47728090657040934,1,1,0
12131,0.4772730279425708,1,0,0
8739,0.47719716879741253,0,0,0
1072,0.477195235748517,0,0,0
2934,0.47719199411727264,0,0,0
9598,0.4771754547569811,1,0,0
7016,0.4771473333523675,1,0,0
10688,0.47714653920028843,1,0,0
11535,0.47711979278425026,0,0,0
3177,0.47711979278425026,1,0,0
4958,0.4771029969438018,0,0,0
12416,0.4771029969438018,1,0,0
11239,0.4771029969438018,1,0,0
6057,0.4771029969438018,1,0,0
12050,0.4771029969438018,0,0,0
2024,0.4771029969438018,1,0,0
7479,0.4770968649158992,1,1,0
8263,0.47708549175755544,1,0,0
3834,0.4770548735251224,1,1,0
4784,0.4770490603742913,1,1,0
4399,0.4770113492489593,1,0,0
12500,0.47697432974980913,0,1,0
1311,0.47690519283394633,1,0,0
7039,0.4767688008610274,1,0,0
4164,0.47667347515126873,0,0,0
6522,0.47665980612674475,1,0,0
10615,0.47662254515756414,1,0,0
6153,0.47659492985942237,1,1,0
12710,0.4765901454756116,1,0,0
7511,0.4765690350931182,0,0,0
3790,0.4765546055579972,0,0,0
6369,0.4765546055579972,1,0,0
9580,0.4765546055579972,1,0,0
6465,0.4765546055579972,1,0,0
8170,0.47653839865018655,1,0,0
7011,0.47653839865018655,1,0,0
5051,0.47650533699742187,0,1,0
1095,0.47648614972381825,0,0,0
11244,0.47648614972381825,0,1,0
11470,0.47648614972381825,0,0,0
11941,0.4764717754633592,1,0,0
12513,0.476233687845424,0,0,0
9531,0.47621758132174913,1,0,0
5874,0.47621099217267104,1,1,0
4238,0.47619229039493105,1,1,0
6058,0.4761175087587119,0,0,0
5723,0.47611667627757226,0,0,0
7830,0.47598350769463404,0,0,0
1302,0.47598350769463404,0,0,0
9984,0.47597048063110525,1,0,0
10305,0.4759371274055965,1,0,0
550,0.4758991419665951,1,1,0
10522,0.4758377141360727,1,0,0
10274,0.47573369703123936,1,0,0
7802,0.47571083523683083,1,0,0
1982,0.47559614727415556,1,0,0
3714,0.47558018186247414,1,0,0
494,0.47554243479468833,0,0,0
9269,0.4755424248216836,1,1,0
10981,0.4755424248216836,0,0,0
12766,0.4755424248216836,0,0,0
11488,0.4755424248216836,1,0,0
3710,0.4755424248216836,1,0,0
4316,0.4755128563163646,1,0,0
9121,0.4755038082748453,1,1,0
3889,0.4754111994756623,0,0,0
7865,0.47540078736548863,0,0,0
12148,0.47528962414671866,1,0,0
6544,0.4752843940114079,0,0,0
11938,0.4751710992041103,0,0,0
11829,0.47516523398171273,0,0,0
8741,0.47516523398171273,1,0,0
2328,0.47516523398171273,0,0,0
9320,0.47516523398171273,1,0,0
8738,0.47516523398171273,0,0,0
1266,0.47516523398171273,1,0,0
1126,0.47515483535407604,1,1,0
5560,0.47515265747674135,1,0,0
12790,0.47515265747674135,1,0,0
9771,0.47515265747674135,1,0,0
12478,0.47515265747674135,1,0,0
10864,0.47515265747674135,0,0,0
5088,0.47515265747674135,0,0,0
706,0.4750584026334703,1,0,0
11192,0.4750112119644298,1,0,0
10516,0.47501010749559736,1,0,0
7765,0.4748945534714619,0,0,0
1454,0.47488798338902094,0,0,0
2145,0.4748858105985836,0,0,0
5882,0.4748858105985836,1,0,0
1310,0.47486445308569575,1,0,0
11587,0.4748552178165459,1,0,0
6504,0.47480869907382606,1,0,0
3318,0.4747948907978364,1,0,0
11368,0.4747839154292456,1,0,0
409,0.4747839154292456,0,0,0
5714,0.47477293299259116,1,0,0
6146,0.4747539279451114,1,0,0
4159,0.47469445119659975,1,0,0
8594,0.47467203146421466,1,1,0
9060,0.4745229309187039,1,1,0
11423,0.474517847245071,0,0,0
2941,0.4744732256195351,1,0,0
10571,0.47445774160780124,1,1,0
3573,0.4744515831039321,1,0,0
9828,0.47439750475852327,0,0,0
971,0.4743704767602934,0,0,0
9870,0.4743211010932177,1,0,0
10300,0.4742869759743686,1,0,0
5130,0.4742791051972801,1,0,0
7179,0.47427116386581486,1,1,0
2109,0.4742146674772547,1,0,0
11573,0.4742146674772547,1,0,0
8106,0.4742146674772547,0,0,0
4344,0.4742146674772547,0,1,0
4965,0.4742146674772547,0,0,0
6864,0.4742146674772547,1,0,0
7104,0.4741239366603661,1,0,0
9155,0.4741132441553997,1,0,0
621,0.47396303697861425,1,0,0
2854,0.4738221024301073,0,0,0
5519,0.4738009817005768,0,0,0
5309,0.4737636822107766,1,0,0
3132,0.473753330377454,1,0,0
5436,0.4736984399906928,1,0,0
5179,0.4736755396335786,1,0,0
10553,0.4736662715607065,0,0,0
3791,0.47360190899288834,1,0,0
2016,0.4735025364395248,1,1,0
4245,0.473488322493115,1,0,0
9023,0.4734793329277673,1,0,0
3964,0.47346398107566695,1,1,0
4648,0.47346398107566695,0,0,0
745,0.47338910452303135,1,0,0
10943,0.47337618050017155,1,0,0
11996,0.47337618050017155,0,0,0
9884,0.4733613348988572,1,1,0
1343,0.47333594029194204,1,0,0
9149,0.47327565948160233,1,0,0
11856,0.47325891343551857,1,0,0
11657,0.4732424072912169,1,0,0
4353,0.47316630640173746,1,1,0
8208,0.473143318589017,1,0,0
11907,0.4731174867604103,1,0,0
4494,0.4730995910833196,0,0,0
6344,0.47306715432590024,1,0,0
414,0.4730143552483838,1,0,0
5915,0.4729656638635966,1,0,0
1563,0.4729656638635966,1,0,0
12337,0.47291463366749825,1,0,0
1070,0.4728700508424396,1,0,0
8445,0.4728459267576791,1,0,0
3160,0.4727049797019555,1,0,0
7537,0.4727049797019555,0,0,0
6250,0.4727049797019555,0,0,0
6464,0.47269896614173257,1,0,0
165,0.4726937571710062,0,0,0
9486,0.47263705931092337,1,1,0
12725,0.472581219392711,0,0,0
4602,0.47255216678313733,1,0,0
10399,0.4724196498916701,1,0,0
5923,0.4724175347044623,1,0,0
2496,0.4724175347044623,1,1,0
12786,0.4724175347044623,1,0,0
11145,0.4724175347044623,1,1,0
8510,0.47231404507674163,1,0,0
4630,0.4723053404268489,0,0,0
2243,0.47230372432190937,1,0,0
12582,0.4722687772259662,1,0,0
1654,0.4722469227068418,1,0,0
8806,0.47224659650886897,1,0,0
11326,0.4722399341070513,1,1,0
7622,0.4722372531400885,0,0,0
9386,0.4721395641484591,0,0,0
3056,0.4721369171257806,1,0,0
10842,0.4721284456936062,1,0,0
11451,0.4721005585194197,1,0,0
12060,0.47206679513204713,0,0,0
1610,0.4720487588891033,0,0,0
9537,0.4719999727108376,1,0,0
7002,0.4719936735502871,0,0,0
2543,0.471971415767941,1,1,0
9992,0.4719630678145106,1,0,0
114,0.4719173545168788,0,0,0
4758,0.47190872063136613,1,0,0
12124,0.4718684391442068,1,0,0
5079,0.4718405181314265,1,0,0
848,0.4718283294062672,0,0,0
9311,0.47182497369664284,1,0,0
5096,0.47182196608111865,0,1,0
7530,0.4717964143950257,1,0,0
651,0.4717951988755164,1,0,0
6407,0.47178024314883443,1,0,0
11373,0.4717762457708401,1,0,0
12128,0.4717701707090673,1,1,0
10581,0.4717491575568986,0,0,0
1228,0.47174197609627333,0,0,0
2605,0.4717237163281259,1,1,0
2502,0.47170217544734827,1,0,0
8569,0.47170217544734827,1,0,0
4941,0.4716387232276035,1,1,0
8357,0.4715023460922672,1,0,0
3887,0.4714626167560851,1,0,0
10605,0.4714626167560851,0,0,0
11238,0.47145305704031626,0,0,0
8286,0.47145305704031626,1,0,0
259,0.4714451890227882,1,0,0
1660,0.4714451890227882,0,1,0
1771,0.47140929463355413,1,0,0
11716,0.4713363905707347,1,0,0
10907,0.4712925789341661,1,0,0
6530,0.4712857499213826,1,0,0
1976,0.47122729828877874,1,0,0
1164,0.47120421992078015,1,0,0
1430,0.4711913902114475,1,0,0
1978,0.47117613353780086,1,1,0
4171,0.47117613353780086,1,0,0
7453,0.47106236674216495,1,0,0
8785,0.47104956452294755,1,1,0
5929,0.4710002531892196,1,1,0
7662,0.470973786049093,1,0,0
9172,0.470955527628575,1,0,0
3904,0.4709310606675736,1,0,0
5870,0.47086454816366136,1,0,0
8302,0.47077040480115334,0,0,0
831,0.4707409595190562,0,0,0
3050,0.4706738506629607,0,0,0
8581,0.4706722824208587,0,0,0
4939,0.47062571538187886,1,1,0
4814,0.47058675270397243,0,0,0
4429,0.470551438544123,1,1,1
972,0.470551438544123,1,0,0
10223,0.4705513995515818,1,0,0
7729,0.47053827536012943,1,0,0
4670,0.47053827536012943,1,0,0
7632,0.47053827536012943,1,0,0
9109,0.47053827536012943,1,0,0
8112,0.47053827536012943,1,0,0
4222,0.47053827536012943,1,0,0
4891,0.47053827536012943,0,0,0
12688,0.47053827536012943,1,0,0
12142,0.47053827536012943,1,1,0
9418,0.47053827536012943,0,0,0
31,0.47050577421792505,1,0,0
2869,0.47050577421792505,0,0,0
5373,0.4704208412740265,1,0,0
73,0.4704208412740265,1,0,0
7187,0.4704193499237635,0,0,0
1672,0.470414907933654,1,1,0
445,0.47037806282285843,1,0,0
12655,0.4703250747715498,1,0,0
6636,0.47027652728484515,1,0,0
6753,0.4702669061194651,0,0,0
9042,0.47018207820583435,0,0,0
10810,0.4701470056944407,0,0,0
2759,0.4701384979788438,1,1,0
10318,0.47013653292344826,0,0,0
2674,0.4701186328157831,0,0,0
8457,0.4701186328157831,0,1,0
2481,0.4700828445792298,1,0,0
7014,0.47006745276204354,1,0,0
12695,0.4700667237567178,1,0,0
11022,0.4700659810771538,1,0,0
360,0.4700659810771538,1,0,0
5661,0.4700659810771538,1,0,0
11127,0.4700659810771538,1,0,0
11790,0.4700659810771538,1,0,0
11439,0.4699618862846496,1,1,0
5063,0.4699136870612558,1,1,1
8709,0.46988298737183637,0,0,0
7833,0.4698452035430175,1,1,0
11486,0.4698166427883654,1,0,0
5784,0.4697845147678183,1,0,0
479,0.46970790437845444,1,0,0
12288,0.4696659791987533,1,0,0
5319,0.46965879541883826,1,0,0
12780,0.4696474967399677,1,0,0
1341,0.4696401589361019,0,0,0
12073,0.4695865952438594,0,0,0
6251,0.4695795677384885,1,0,0
9944,0.4694949020341957,1,0,0
2345,0.4694728929133312,0,0,0
9909,0.4694728929133312,0,0,0
12558,0.46946831506393694,1,0,0
9108,0.4694471993380628,0,0,0
1067,0.4694471993380628,0,0,0
6960,0.4694407475940242,1,0,0
12719,0.4693624472119262,1,1,0
11475,0.46924566322281147,0,0,0
4651,0.46923204325917733,0,0,0
12576,0.46921430695425953,0,0,0
5379,0.4691647429027857,0,0,0
9137,0.4690152105963902,1,1,0
2886,0.4690140398814065,0,0,0
3658,0.4689737312454895,1,0,0
12072,0.46892673923611916,0,0,0
7773,0.4688603137518783,0,0,0
6502,0.46885714963179487,0,0,0
8020,0.46884570053584873,1,0,0
12306,0.4688452084539724,1,0,0
11771,0.4688158414259452,1,0,0
5669,0.46881062315443206,1,0,0
8578,0.4688032248349233,1,0,0
6833,0.46878257295557796,1,0,0
8394,0.46878257295557796,1,0,0
6089,0.4687154010810041,1,0,0
1331,0.4686015171495397,1,1,0
12253,0.46857648489980647,1,0,0
667,0.46853673129813117,1,0,0
12141,0.46853673129813117,1,0,0
1993,0.46851485313202873,1,0,0
9882,0.468511057068504,1,0,0
11213,0.468482112511367,0,0,0
8190,0.4684655908516977,1,0,0
8926,0.4684037179783676,0,0,0
974,0.4683707257634833,0,0,0
3200,0.468369068795768,0,0,0
2648,0.4683643412575221,1,0,0
8241,0.468354403283618,1,0,0
2025,0.46835232804962723,1,0,0
8204,0.46827822796430646,1,1,0
10098,0.46821821155207316,1,0,0
11157,0.4681923332361474,0,0,0
4293,0.46817050872821975,1,0,0
7162,0.46814455670833455,1,0,0
383,0.46807357466142807,1,0,0
5312,0.4680364758816305,1,0,0
10824,0.4680364758816305,0,0,0
11839,0.4679379702372457,1,0,0
3327,0.4679379702372457,1,1,0
11175,0.4679379702372457,1,0,0
3190,0.4678784799326253,1,0,0
5411,0.46783272353170213,1,1,0
8900,0.46783272353170213,1,1,0
6969,0.4678284138418302,1,0,0
1730,0.4678198980054392,1,0,0
10174,0.46774515108738146,1,0,0
3799,0.46773263125384795,1,0,0
883,0.46772820592890585,0,0,0
7269,0.4676858283222758,0,0,0
11525,0.46746760681175775,0,0,0
3357,0.4674629276358113,1,1,0
5989,0.4674561981434435,0,0,0
5460,0.46743042729080275,1,0,0
8031,0.46743042729080275,0,0,0
2705,0.4673884141488735,1,0,0
9083,0.46732362660392984,0,1,0
27,0.46731231380049254,0,0,0
9107,0.467295228818191,1,0,0
4634,0.46728864107463314,1,0,0
4324,0.46728864107463314,1,0,0
11444,0.46728715102991086,1,0,0
9483,0.46728715102991086,1,0,0
1786,0.46728715102991086,1,0,0
5238,0.46728715102991086,1,0,0
860,0.46728715102991086,1,0,0
8942,0.46728715102991086,1,0,0
1199,0.46728715102991086,1,0,0
7027,0.46722267249727967,1,0,0
5538,0.4671649304112035,1,0,0
9730,0.46713726934375377,0,0,0
987,0.4670953715083583,1,0,0
1852,0.4670431858078582,1,0,0
2772,0.46702646779761414,0,0,0
4896,0.4669262514705309,1,0,0
9019,0.46692365677336795,1,1,0
5565,0.4669159357579767,1,0,0
5841,0.4669075411050125,1,0,0
913,0.46689001680867537,0,0,0
9036,0.46689001680867537,1,0,0
9178,0.46689001680867537,0,0,0
7582,0.46689001680867537,1,0,0
12323,0.46689001680867537,1,0,0
1102,0.46689001680867537,1,0,0
12701,0.46689001680867537,0,0,0
8819,0.46689001680867537,0,0,0
10141,0.46689001680867537,0,0,0
6642,0.46689001680867537,1,0,0
5627,0.46689001680867537,0,0,0
10965,0.46689001680867537,1,0,0
7935,0.46689001680867537,1,0,0
11641,0.46689001680867537,1,0,0
9058,0.46682908161804415,0,0,0
2576,0.4668108742199539,1,0,0
5689,0.4668108742199539,1,0,0
2980,0.4668094958705378,1,0,0
10780,0.4667870588078373,1,0,0
4131,0.4667870588078373,1,0,0
9658,0.4667297347712848,0,0,0
3788,0.4666484832517328,1,0,0
747,0.4666484832517328,1,0,0
6018,0.4666446545926723,1,0,0
7733,0.46662476599335057,1,0,0
11840,0.46662476599335057,1,0,0
9827,0.46650066430237536,1,0,0
1945,0.4664171960961596,1,0,0
12625,0.4664072105055809,0,0,0
12654,0.46640321502168397,0,0,0
8149,0.46639730737011614,1,0,0
131,0.466344514225324,0,1,0
11511,0.4662740110544674,1,0,0
10527,0.46625984825975914,1,0,0
9624,0.4662585766549476,0,0,0
6115,0.466238496686423,1,0,0
9570,0.4661751309856722,1,0,0
4917,0.4661638751406965,0,0,0
2578,0.46615233590891486,0,0,0
280,0.4661335656644537,1,0,0
705,0.4661335656644537,1,1,1
11465,0.4661335656644537,0,0,0
6714,0.4660657412879176,0,0,0
3767,0.4660111556376956,0,0,0
6361,0.4659562294080781,1,0,0
222,0.4659289375880445,1,0,0
8058,0.4659289375880445,1,0,0
10414,0.4658050273106538,0,0,0
9933,0.465751286038158,1,0,0
9276,0.465751286038158,1,1,0
7285,0.465751286038158,1,1,0
549,0.465751286038158,1,0,0
7218,0.46574488985059154,0,0,0
8117,0.4657373363978953,0,0,0
6703,0.4657302885923507,0,0,0
1487,0.4657302885923507,1,1,0
5816,0.465681578638534,0,0,0
10893,0.46567522902111996,0,0,0
5555,0.46560597409471155,1,0,0
5978,0.4654727940191138,1,0,0
9440,0.46545622051148394,1,0,0
675,0.4654467669333841,0,0,0
9064,0.4654467669333841,1,0,0
4538,0.4654467669333841,1,0,0
10140,0.4654053227582919,1,0,0
11365,0.46539120834579994,1,0,0
753,0.4653465958544496,1,0,0
5452,0.46533351026570646,0,0,0
413,0.4652697163400487,0,0,0
8903,0.46525834262631843,0,1,0
10308,0.46523451290918627,1,0,0
4267,0.46523451290918627,1,0,0
4711,0.46519853171680003,0,1,1
11853,0.46519853171680003,1,1,0
8080,0.46519853171680003,1,0,0
1056,0.46515974042880914,1,0,0
3754,0.4651308520169245,1,0,0
9533,0.46508557791850597,0,0,0
11782,0.46506255295803584,1,0,0
10857,0.465038047205208,1,0,0
10621,0.4649396596958323,0,0,0
12334,0.46493698494967545,1,0,0
7244,0.46489362706455584,1,0,0
8355,0.46487871397838515,1,0,0
3448,0.46487871397838515,0,1,0
2215,0.4647925613597776,0,0,0
1955,0.46470537851260546,1,0,0
9349,0.4646762948069605,1,1,0
3757,0.464659198443894,0,0,0
5151,0.4645855941196631,1,0,0
12147,0.4645375132288867,1,0,0
2889,0.4645225877059023,1,1,0
690,0.46448768035572385,1,0,0
1116,0.464461509210443,1,0,0
6535,0.46431886826545876,1,0,0
8652,0.46431886826545876,0,0,0
373,0.46431886826545876,1,0,0
11991,0.46397895918842813,1,0,0
9448,0.46392147817748197,1,0,0
251,0.4639001702515707,1,0,0
3669,0.46387563446770985,0,1,0
4033,0.46386051451432203,0,0,0
5437,0.4637508091306298,1,0,0
11740,0.4637508091306298,1,0,0
10860,0.4637508091306298,1,0,0
9293,0.4637508091306298,1,0,0
12606,0.46375071044773264,1,0,0
8420,0.4637478960306934,0,0,0
3512,0.4637478960306934,0,0,0
2443,0.4637478960306934,0,0,0
10570,0.46368657497381427,1,0,0
1659,0.4636121802949678,0,0,0
2782,0.4636121802949678,1,0,0
9380,0.4636037608279838,0,0,0
1872,0.4635637929921813,0,0,0
12781,0.4635625176866093,1,0,0
1517,0.4635582297457723,1,0,0
3065,0.4635114394406085,0,1,0
5699,0.46347589339016443,0,0,0
9571,0.4634603380253834,0,0,0
12518,0.4634482085371547,0,0,0
1037,0.4634482085371547,1,0,0
4488,0.4634482085371547,1,1,0
11585,0.4634482085371547,0,0,0
499,0.4634016415341917,1,0,0
9655,0.46332376828247174,1,0,0
2269,0.4632471980842462,1,0,0
7427,0.46322143114313247,1,0,0
5686,0.46322143114313247,0,0,0
8081,0.46322143114313247,1,0,0
11339,0.46319055736033665,0,0,0
6591,0.4631665002686571,0,0,0
2618,0.4631665002686571,1,0,0
4901,0.4631665002686571,1,1,0
11269,0.4631665002686571,0,0,0
5508,0.4631665002686571,1,0,0
2988,0.4631665002686571,1,0,0
904,0.4631665002686571,0,0,0
9871,0.463134974200919,1,1,0
7195,0.463134974200919,1,0,0
11595,0.46295527144536264,1,0,0
239,0.4629345548359163,1,1,0
9423,0.4629345548359163,1,0,0
2865,0.46292277255919534,1,0,0
6669,0.4629195895755277,1,0,0
3768,0.4629148997048327,1,1,0
6484,0.4628198961510046,1,1,0
2678,0.462810505276144,0,0,0
109,0.4628047036911102,1,0,0
680,0.46278033420915227,1,0,0
1209,0.46278033420915227,0,0,0
10872,0.46273152359007697,1,0,0
9100,0.46271956313858864,1,0,0
4849,0.46267051013866806,1,0,0
2607,0.46267051013866806,1,0,0
11922,0.4626447739832661,0,0,0
10929,0.46262969748060256,1,0,0
9343,0.4626094917398905,1,0,0
3670,0.4626094917398905,1,0,0
8505,0.4625086627606093,1,0,0
9514,0.46243620706419664,0,0,0
739,0.4624109766049416,1,0,0
9127,0.4623607364987644,1,0,0
5275,0.4623603727225545,1,0,0
430,0.46233818092854767,1,1,0
4037,0.4623095106408052,0,0,0
8995,0.4623085874959328,1,0,0
612,0.4623085874959328,0,0,0
11484,0.4623085874959328,1,0,0
10748,0.4622737740741292,1,0,0
11913,0.4622405872512586,0,0,0
265,0.4622405872512586,0,0,0
5946,0.4622405872512586,1,0,0
9970,0.4622405872512586,1,0,0
6398,0.4622405872512586,1,0,0
2675,0.4622405872512586,1,1,0
11437,0.4622405872512586,1,0,0
12277,0.4622405872512586,1,0,0
4787,0.4622405872512586,1,0,0
4275,0.4622405872512586,1,0,0
5814,0.4622405872512586,0,0,0
5817,0.46223258072757345,1,0,0
2949,0.4622123101320421,1,0,0
8705,0.4622123101320421,0,0,0
6387,0.4621864263150456,0,0,0
9356,0.46217449612246014,1,0,0
8120,0.4621680212002839,1,0,0
11625,0.4621589181093462,1,0,0
10964,0.4621502290480022,1,1,0
5832,0.4621400328517525,1,1,0
6086,0.4620594403449333,1,1,0
5873,0.4620594403449333,1,1,1
5970,0.4620594403449333,1,0,0
2686,0.4620579082176389,1,0,0
2825,0.4620579082176389,0,0,0
7450,0.4620279252087557,1,0,0
3953,0.4620268280725936,1,0,0
9891,0.4620152216409239,1,0,0
8539,0.46199290127982906,1,0,0
11419,0.46199290127982906,0,0,0
6621,0.46199290127982906,1,0,0
10520,0.46199290127982906,0,0,0
12154,0.46199290127982906,1,0,0
12405,0.46199290127982906,0,0,0
8571,0.46199290127982906,1,0,0
1017,0.46199290127982906,1,0,0
9498,0.46199290127982906,1,1,0
3346,0.46199290127982906,0,0,0
2511,0.4619212149799692,1,0,0
1738,0.4618794771581554,1,1,0
327,0.46181251809276624,1,1,0
3118,0.46171559836217224,1,0,0
11310,0.4616572563773504,1,0,0
1775,0.4616572563773504,0,0,0
2396,0.4616572563773504,1,0,0
195,0.4616572563773504,1,0,0
10507,0.46163098937754726,1,0,0
4473,0.46162927872849124,1,0,0
7795,0.46162927872849124,1,0,0
2425,0.46162927872849124,0,0,0
4550,0.46162124868243976,0,0,0
3853,0.46157531448822003,1,0,0
4380,0.4615670836941072,0,1,0
5935,0.4615557391282436,0,0,0
3389,0.4614851330435848,1,0,0
6858,0.46145684412201066,0,0,0
7797,0.4614365106688993,0,0,0
1516,0.46143240920697126,0,0,0
2974,0.4613818520352107,0,0,0
6806,0.4613529889563036,0,0,0
9622,0.4613444112642081,1,0,0
9757,0.4612835827321948,1,1,0
1709,0.4612772505624877,0,0,0
5647,0.46125014115700097,1,0,0
6081,0.46121567277547476,0,0,0
10685,0.46121567277547476,0,0,0
5599,0.46119812117385667,1,0,0
9456,0.461155613819709,0,1,0
8613,0.4611254676364448,1,0,0
2770,0.4610921503203542,0,0,0
1012,0.4610468867242116,0,0,0
12607,0.4610468867242116,1,0,0
10876,0.4610468867242116,1,0,0
4125,0.4610468867242116,1,1,0
8766,0.4610468867242116,1,1,0
6664,0.4610386036835492,1,0,0
11777,0.46097687153633066,1,0,0
4398,0.4607898993109264,0,0,0
11500,0.46078983400619916,1,0,0
924,0.46078983400619916,1,0,0
1615,0.46072995881660156,1,0,0
10976,0.4606003347790265,0,0,0
2773,0.46057893210528145,0,0,0
7087,0.4605571928212783,1,0,0
928,0.46054536599071155,0,0,0
4363,0.4605084321567351,1,0,0
11367,0.46044277785818616,1,0,0
7205,0.46034312310711956,1,0,0
7122,0.46033758569621963,1,0,0
4988,0.46033115028504495,0,1,0
12709,0.46033115028504495,0,0,0
4953,0.46024258045713473,1,0,0
4304,0.4602128102246278,1,0,0
3434,0.4602128102246278,0,0,0
4771,0.4602035517555728,1,0,0
3849,0.46019142151412407,1,0,0
10479,0.46019142151412407,1,0,0
7332,0.4601854352787342,1,0,0
4876,0.4601832023872431,1,0,0
11148,0.46017213696425596,1,0,0
10301,0.46012752113657923,1,0,0
3338,0.46006775788025595,1,0,0
10518,0.46005746382722174,0,0,0
11182,0.4600247179197764,0,0,0
8009,0.4600079511299424,1,0,0
9044,0.45984637157968167,1,0,0
6142,0.4598088405551925,1,1,0
6818,0.4596949342737749,0,0,0
5779,0.4596087062018089,1,0,0
561,0.45952762280335846,1,0,0
4246,0.45951250201269433,0,0,0
1930,0.45951250201269433,1,0,0
11623,0.4593838288273947,1,0,0
6804,0.4593787586635737,0,0,0
8557,0.45932069220304195,1,0,0
1841,0.4592753533877177,1,0,0
5027,0.4592581150365401,0,0,0
9177,0.4592391625700234,1,0,0
1318,0.459217956771082,0,0,0
10950,0.4592124349583914,1,1,0
8015,0.45920720624234507,1,0,0
9221,0.45920707967466257,1,0,0
8614,0.45920707967466257,1,0,0
7186,0.45911723572337854,1,0,0
3726,0.4590993331780335,1,0,0
10186,0.4590993331780335,0,0,0
7123,0.4589791242956949,1,0,0
9457,0.4589781087463774,1,0,0
6641,0.4589781087463774,1,0,0
8400,0.4589781087463774,1,0,0
6900,0.4588453680654714,1,0,0
7553,0.45882020682313335,1,0,0
6957,0.45876550092782786,1,1,0
3918,0.4587535623748814,0,0,0
10870,0.4587191570104935,1,0,0
1368,0.4587024884594089,1,1,1
7641,0.4585798322557981,1,0,0
11169,0.45857122503465747,0,0,0
11926,0.4585293468066926,1,0,0
6439,0.4584991584309095,1,1,0
9460,0.45849690534220056,1,0,0
5157,0.45846501338120366,0,0,0
11626,0.45846430953222317,0,0,0
7142,0.45842892913635325,0,0,0
4420,0.4584263927330336,1,0,0
3984,0.45842451292679787,1,0,0
12598,0.4584021008629583,1,0,0
3305,0.45833639999086456,1,0,0
8851,0.4582679899516067,1,0,0
6576,0.4582679899516067,1,0,0
7309,0.45825397868962525,0,0,0
678,0.45823018149104616,1,0,0
249,0.45819894821630724,0,1,0
1983,0.45819894821630724,0,0,0
5980,0.45819894821630724,0,0,0
7521,0.45819894821630724,0,0,0
9313,0.4581902967976051,1,0,0
8635,0.4581571627742699,1,0,0
3276,0.4581475134360414,1,0,0
2769,0.45811382977188314,1,0,0
11201,0.45806059162711577,1,1,0
10594,0.45793520971275226,1,0,0
11956,0.45788176475437725,1,0,0
12016,0.45779759591266805,0,0,0
4351,0.4577955977118785,0,0,0
8796,0.45775581614829775,1,0,0
7131,0.45775581614829775,0,0,0
1230,0.45762227888370216,1,0,0
8407,0.4575933205338595,1,0,0
9839,0.4575933205338595,1,0,0
10962,0.4575933205338595,1,0,0
10228,0.4575933205338595,1,0,0
9650,0.4575933205338595,1,0,0
1359,0.4575933205338595,0,0,0
11062,0.4575933205338595,1,0,0
7597,0.4575933205338595,1,0,0
12360,0.4575933205338595,1,0,0
7538,0.4575933205338595,1,0,0
3126,0.4575933205338595,0,0,0
6384,0.4575933205338595,0,0,0
8882,0.4575933205338595,1,0,0
2926,0.45757781024885497,1,0,0
11321,0.45757781024885497,1,0,0
10657,0.45757781024885497,1,0,0
9337,0.4575655377920348,0,0,0
4974,0.45756276938393287,1,0,0
5924,0.45755258278758626,1,0,0
12762,0.45753603361662615,0,0,0
9133,0.45753603361662615,1,0,0
4067,0.45753603361662615,1,0,0
12382,0.457460346587604,1,0,0
2623,0.4574281223445981,1,0,0
7481,0.45742230656431565,1,0,0
9679,0.4574084610765478,1,0,0
9790,0.45733571920461963,0,0,0
11394,0.4573317626846748,0,0,0
1035,0.4572036892759736,1,0,0
1385,0.4572036892759736,0,0,0
9281,0.45719608166230724,1,0,0
371,0.4571786014774959,1,0,0
3913,0.45707944700764386,1,0,0
12347,0.45707944700764386,0,0,0
9046,0.456954414320824,1,0,0
8218,0.4569501957448583,0,1,0
3677,0.45685278703721377,1,1,0
9369,0.456804154468788,0,0,0
7968,0.456804154468788,0,0,0
7731,0.45678779755566035,1,1,0
1123,0.4567623889912067,0,0,0
5649,0.4567623889912067,1,0,0
7355,0.45675791323625975,0,0,0
3341,0.45675791323625975,1,0,0
11369,0.45675791323625975,0,0,0
2372,0.45675791323625975,1,1,0
5834,0.4566905971374158,1,0,0
8947,0.4566676084314104,1,0,0
750,0.4566544708876809,0,0,0
4481,0.4566516855179796,1,0,0
9700,0.4566102123819585,0,1,0
4218,0.4565985551180437,1,0,0
6082,0.4565868961207456,0,0,0
6588,0.4565868961207456,0,0,0
6392,0.45658439897924863,0,0,0
7155,0.4565744734517662,0,0,0
11692,0.45656078188862487,0,1,0
5756,0.45656078188862487,1,0,0
2254,0.45656078188862487,1,0,0
10588,0.4565385074885514,0,0,0
12024,0.4565385074885514,0,0,0
5962,0.4565027127917418,0,0,0
10483,0.45649762441782027,0,1,0
12015,0.45645831097761613,0,0,0
11224,0.45643527008488316,1,0,0
3092,0.45640884650653013,1,0,0
1627,0.4564024150346527,1,0,0
9234,0.4563694630822621,1,0,0
3685,0.456363496941551,0,0,0
9515,0.45634259865019833,1,0,0
3965,0.4562376634369626,1,1,0
6140,0.45622334567834466,1,0,0
4562,0.4561961262747146,0,0,0
6330,0.45615727618392654,1,0,0
8998,0.4561384472887924,1,0,0
6699,0.456104865096251,1,0,0
8727,0.456071043807944,0,1,0
2140,0.45603245120433666,1,0,0
8091,0.45601840164476765,0,0,0
9844,0.4560138196409725,1,0,0
6349,0.4560138196409725,1,0,0
6091,0.45600609218820154,1,1,1
11737,0.455989523710448,0,0,0
2128,0.455989523710448,0,0,0
11728,0.455965381170183,1,0,0
63,0.4559061648052058,1,0,0
6301,0.455836346227791,0,0,0
375,0.455836346227791,1,0,0
10402,0.45583438759940287,1,0,0
9774,0.4557221523710383,1,1,0
5107,0.4556446906184821,1,0,0
8524,0.4555970482986407,1,0,0
10533,0.4555347219235376,1,0,0
9835,0.4555160439384717,0,0,0
8834,0.45545869317295207,0,0,0
11417,0.45539408171843043,1,0,0
5691,0.45538911244690883,1,0,0
8429,0.4553887891106221,0,0,0
2255,0.4553827352143632,0,1,0
7019,0.4553681819237912,0,0,0
1903,0.4553681819237912,0,0,0
7119,0.45533270837255635,0,0,0
10945,0.45531748447981024,0,0,0
423,0.45529136847520013,1,0,0
8249,0.45529136847520013,1,0,0
3011,0.45529136847520013,1,0,0
1611,0.45529136847520013,1,0,0
345,0.45529136847520013,1,1,0
1296,0.45529136847520013,1,0,0
5327,0.45529122230575897,0,0,0
7870,0.4552610850846657,1,0,0
5952,0.45522955301341334,1,1,1
7565,0.45516824426374813,0,0,0
5242,0.4550448955819455,1,1,1
1196,0.45497488791912394,1,0,0
9496,0.45497488791912394,1,0,0
12484,0.45497488791912394,0,0,0
787,0.45495695171287664,1,1,1
8267,0.4549321260175527,1,0,0
9739,0.4549077165362934,0,0,0
2486,0.4548415822034893,0,0,0
2422,0.4548415822034893,1,0,0
3761,0.4548415822034893,1,0,0
888,0.4548415822034893,1,1,0
10198,0.4548415822034893,1,0,0
7936,0.4548415822034893,1,0,0
634,0.4548415822034893,1,0,0
4520,0.4548415822034893,1,0,0
3268,0.4548415822034893,0,0,0
1588,0.45483662379573314,1,0,0
7648,0.454807644629311,1,1,0
4605,0.4547668433497235,1,0,0
12392,0.4547668433497235,1,0,0
2913,0.4546791943804697,0,0,0
6857,0.4546387982841018,1,0,0
7345,0.4546291474819437,1,0,0
4468,0.45459209565987385,1,0,0
9445,0.45459209565987385,0,0,0
12619,0.45443639433961003,1,0,0
2638,0.4543635453214354,1,1,0
11285,0.4543635453214354,1,0,0
5896,0.4543635453214354,0,0,0
4492,0.45432791650411897,1,0,0
7462,0.45431049060801304,1,0,0
4877,0.45423937892151095,0,0,0
2568,0.4542287093754287,0,0,0
605,0.4542287093754287,1,0,0
5131,0.45416011272846624,1,1,0
6219,0.4541581471036525,1,0,0
11248,0.45413163953889696,0,1,0
5587,0.4540886367872241,0,0,0
7976,0.4540694024986467,1,0,0
11785,0.4540387940443958,1,0,0
6889,0.45400294863820007,1,1,0
1362,0.45399434427342755,1,0,0
5854,0.4539934183821493,1,0,0
97,0.4539934183821493,1,0,0
6100,0.45394293851338496,1,0,0
6049,0.45394293851338496,0,0,0
4903,0.45394293851338496,1,0,0
3070,0.45394293851338496,0,0,0
10156,0.45394293851338496,1,0,0
10455,0.45394293851338496,1,0,0
8296,0.45394293851338496,0,0,0
5763,0.45394293851338496,1,0,0
271,0.453905390953117,0,0,0
7550,0.45385246756323655,1,0,0
9168,0.4538216832337917,1,0,0
12439,0.4538216832337917,1,0,0
3493,0.4538216832337917,1,1,0
7558,0.4537864506172614,1,1,0
7977,0.45370407656224876,1,0,0
10387,0.4536980112212868,1,0,0
2611,0.4536507044771577,1,0,0
8611,0.4536477018483815,1,0,0
7405,0.4536477018483815,1,1,0
5731,0.4536477018483815,1,0,0
2391,0.45357569288216837,1,0,0
4518,0.45348777424857184,1,0,0
7448,0.45346031880961835,0,0,0
11943,0.45339721535650085,0,0,0
9052,0.45339237870112115,1,0,0
10727,0.4533764353069215,1,1,0
11226,0.4533719086703586,1,0,0
8616,0.4533719086703586,1,0,0
5764,0.45334307473882135,1,0,0
12137,0.45329274524034013,1,0,0
10752,0.4532432134862699,1,1,0
9485,0.45311596420425554,0,0,0
655,0.4530685342847913,1,0,0
3444,0.45303079543806574,1,0,0
6743,0.45303079543806574,1,0,0
2714,0.4529100311946434,1,1,0
5294,0.4528940948197817,1,0,0
7720,0.45285947778420516,1,0,0
1024,0.45280856442244133,1,0,0
10234,0.4527125959310831,0,0,0
11402,0.4526985620531376,1,0,0
9093,0.4526095017300344,0,0,0
5543,0.4525955563900788,1,0,0
1114,0.4525173963138088,0,0,0
9112,0.45251327475985187,0,0,0
845,0.452478784904462,1,0,0
10221,0.45244945344132736,1,0,0
476,0.45242237958252424,1,0,0
12162,0.45238604283026496,1,0,0
6825,0.452358576288913,1,1,0
6408,0.452358576288913,0,0,0
581,0.452358576288913,1,0,0
2553,0.45235456064331814,0,0,0
1495,0.4523426717373369,0,0,0
4850,0.4523303765167053,1,0,0
9319,0.45231075091268635,0,0,0
4122,0.45228679025406143,0,0,0
10284,0.45228679025406143,1,0,0
3957,0.45228679025406143,0,0,0
2214,0.45227596148357363,0,0,0
2364,0.45222626500114343,1,0,0
9254,0.4522038589276268,1,1,0
5050,0.45214178161165447,1,1,0
6866,0.45214178161165447,0,0,0
12524,0.4521242459069519,1,0,0
5458,0.4520512726576575,1,0,0
5879,0.4520185433002318,1,0,0
7913,0.4520185433002318,1,0,0
12502,0.45195449498371804,0,0,0
9846,0.45185221971698275,1,0,0
248,0.45183859151701417,0,0,0
7763,0.45183859151701417,1,0,0
3082,0.4518255006646893,1,1,0
9189,0.4517736402709015,1,1,0
6241,0.4517736402709015,1,0,0
4436,0.4516232224790753,0,1,0
11755,0.451540977562304,1,0,0
12414,0.4515260422343255,1,0,0
8316,0.4515260422343255,1,0,0
1131,0.4514940933491566,1,0,0
2995,0.4514618664404447,0,0,0
8147,0.4514586182433171,0,0,0
5185,0.4514586182433171,0,0,0
6863,0.45145708814097923,1,0,0
9529,0.4514512525042024,1,0,0
4667,0.451446388314811,1,0,0
1790,0.45143599320671285,1,1,0
8045,0.4514269767646393,0,1,0
2545,0.4514239217653431,1,0,0
2557,0.4513713969053014,1,1,0
1810,0.45127047199682774,1,0,0
1807,0.4512297064653701,0,0,0
1334,0.4511586250677508,1,0,0
937,0.4511034583654404,1,0,0
9407,0.4510804941150924,1,0,0
7627,0.45102417733956723,1,0,0
5955,0.4509865864083817,0,0,0
8083,0.4509729680605356,1,0,0
2573,0.4509618821045368,1,1,0
1097,0.4509481641132584,0,0,0
6459,0.45094525565168964,0,0,0
10389,0.45093721577206874,1,0,0
9840,0.4509159644044802,1,0,0
291,0.45087953664750197,0,0,0
12211,0.4507951136849307,1,1,0
4028,0.45072925955579196,1,0,0
586,0.45066975152876565,1,1,0
1539,0.45066100704175677,1,0,0
4357,0.45064767800206046,1,0,0
7688,0.4506375702613505,0,0,0
758,0.4506314045760045,1,0,0
8721,0.4506093618062253,1,0,0
12285,0.4505858832481079,0,0,0
5276,0.4504930077592752,1,0,0
6084,0.4504100623660342,0,0,0
9000,0.4504004206654432,0,0,0
9095,0.45034238849335917,0,0,0
1055,0.4503410702601948,1,0,0
12234,0.45031499498369487,1,0,0
5155,0.4500704434817481,0,0,0
8958,0.4499978351996578,1,0,0
309,0.4499835251377611,1,0,0
2384,0.4499689501940462,0,0,0
6433,0.4498922605771699,1,0,0
1121,0.4498613403497716,1,0,0
8084,0.4498613403497716,1,0,0
9865,0.44972365234140804,1,0,0
12675,0.44972365234140804,0,0,0
8896,0.44968263567638883,1,0,0
2213,0.4496633300760702,1,0,0
12426,0.4496633300760702,1,1,0
5852,0.4496633300760702,0,0,0
11609,0.4496633300760702,0,0,0
3837,0.4496633300760702,0,0,0
6506,0.4496633300760702,0,0,0
5899,0.4496526045000261,1,0,0
10111,0.44963408470332766,1,0,0
1959,0.44963408470332766,1,0,0
6698,0.4496232614518553,0,0,0
2774,0.44960208515199335,0,0,0
12249,0.44960208515199335,1,0,0
6328,0.4495442646072385,1,0,0
668,0.44948264305754954,1,0,0
9421,0.44944101704283623,0,0,0
909,0.4492142345164205,1,0,0
2755,0.44911046764182516,0,0,0
3720,0.4490368069490452,1,0,0
2241,0.4490068128766368,0,1,0
4247,0.4489872816588335,1,0,0
8529,0.4489620957609604,1,0,0
1952,0.44894318363205554,1,1,0
10563,0.44893007867924095,1,0,0
8141,0.448915999325012,1,0,0
12445,0.4489105009563278,0,1,1
4540,0.44890542821959056,1,0,0
2239,0.44885117988812295,0,0,0
12291,0.4488399514563037,1,0,0
692,0.44879966864699533,1,0,0
10980,0.4487858862502266,1,1,0
1074,0.44877879346371363,1,0,0
9300,0.4486866059035464,1,1,0
8349,0.4486866059035464,1,0,0
6305,0.44861765230472556,1,1,0
11607,0.4485997900876291,0,0,0
3520,0.4484164879054461,0,0,0
619,0.44837015317797085,1,0,0
6277,0.4483621865772407,1,1,1
5277,0.44827861049003165,1,0,0
7071,0.44819114822360023,1,1,0
6035,0.4481787707829733,1,1,0
957,0.4481787707829733,1,0,0
4815,0.44816561988374926,1,0,0
12112,0.4481474893813185,1,0,0
1224,0.448061613976765,1,0,0
14,0.4480295396589631,1,0,0
3751,0.44789167334101176,1,0,0
10496,0.4478827593340451,1,1,0
11860,0.4478780935104053,0,0,0
7744,0.44786956898725294,1,0,0
6726,0.44786956898725294,0,0,0
1416,0.44785234492033155,1,0,0
1788,0.44784915138965464,1,0,0
11211,0.44781058216889724,0,1,0
2201,0.4478046158314135,0,0,0
6371,0.44779041105926465,1,1,0
5364,0.4477781202513392,0,0,0
2019,0.44772695964108644,0,0,0
294,0.44770752746038034,1,0,0
11749,0.44761812915822036,1,0,0
9216,0.4475625795816923,1,0,0
2556,0.4475345804883703,1,0,0
12454,0.4475345804883703,0,0,0
4445,0.44753429726077193,1,0,0
4001,0.4475073748118659,0,0,0
6898,0.4473597053461192,1,0,0
8014,0.4473460418790599,1,0,0
10429,0.44727559867091615,1,0,0
8323,0.44723101401169624,0,0,0
10960,0.44721767123380773,1,0,0
5094,0.44718282171363327,1,0,0
3615,0.4471276699454372,1,1,0
6922,0.4471233862902684,0,0,0
10265,0.44710337945906425,1,0,0
1111,0.4470664287992808,1,0,0
2131,0.4470464045603525,1,0,0
4653,0.4470464045603525,1,0,0
10132,0.447027006831519,1,0,0
4992,0.44701174336177907,1,0,0
6225,0.44688476856171805,1,1,0
11263,0.44688476856171805,0,0,0
1555,0.44688476856171805,0,0,0
1328,0.4468200334164799,1,0,0
6317,0.4468200334164799,1,0,0
740,0.4468200334164799,1,0,0
10740,0.4467897625048462,0,0,0
11541,0.4467767820951495,1,1,0
263,0.44676599751328866,0,0,0
12638,0.44676599751328866,1,0,0
7677,0.44676476342490107,1,0,0
6399,0.44676476342490107,0,0,0
6182,0.44665767325115974,0,1,0
2274,0.44660397605907515,0,0,0
8453,0.4463936379936691,0,1,0
11061,0.44633930543190803,1,0,0
4337,0.44625026980908244,0,1,0
4935,0.4461735218977877,0,0,0
11006,0.4461735218977877,1,0,0
3480,0.4461735218977877,1,0,0
626,0.4461735218977877,1,0,0
6415,0.4461735218977877,1,0,0
8333,0.4461735218977877,1,0,0
2287,0.4461735218977877,1,0,0
9201,0.4461524965976918,1,0,0
10068,0.4461524965976918,1,0,0
3693,0.446117175337884,1,1,1
274,0.4460593231090783,0,0,0
1029,0.4460387863493927,1,0,0
10319,0.4460275998729026,1,0,0
7666,0.4459367152838841,0,0,0
1663,0.44584906615391856,1,0,0
4361,0.4457642988745649,1,1,0
7137,0.4457574597886013,0,0,0
5877,0.44566850974915084,0,0,0
7646,0.44566850974915084,0,0,0
1321,0.44561905917204864,1,1,0
1325,0.4455987760300847,1,1,0
5590,0.4455661084011156,0,0,0
10903,0.4455661084011156,1,1,0
6279,0.44550604030698593,1,0,0
11025,0.4454981143275332,1,0,0
8735,0.4454981143275332,1,0,0
2463,0.4454844168447913,1,0,0
9980,0.4454844168447913,1,0,0
5291,0.4454844168447913,1,0,0
3708,0.44546271609051885,1,0,0
4792,0.4454081407146046,1,0,0
7800,0.4453968272935225,1,0,0
870,0.4453910243864846,1,1,1
7050,0.44538657220752564,0,0,0
2901,0.4453827094222385,1,0,0
1745,0.4453827094222385,1,0,0
9773,0.4453010408022965,1,0,0
10769,0.4452683288675151,0,0,0
9808,0.445254659382887,0,0,0
4432,0.445254659382887,1,0,0
1919,0.445254659382887,0,0,0
10219,0.445254659382887,1,1,0
11265,0.445254659382887,0,1,0
6552,0.445254659382887,0,0,0
2228,0.4452358668581937,1,0,0
7097,0.4452358668581937,0,0,0
9406,0.4452263718613246,1,0,0
9285,0.4452263718613246,1,1,1
5272,0.44515862269128686,0,0,0
5002,0.44509206593415096,0,0,0
676,0.4450789407547615,0,0,0
3746,0.4450789407547615,0,1,0
7409,0.44502668117808347,0,0,0
8088,0.4450220625271244,1,0,0
6053,0.4450220625271244,1,0,0
1285,0.4450095288638925,1,1,0
5540,0.444980145613601,1,0,0
3711,0.4449710351007677,0,0,0
7775,0.4449710351007677,1,0,0
2532,0.4449685400204817,1,0,0
12126,0.44487575425251225,1,0,0
9310,0.44486335793292525,1,0,0
6891,0.44475848098041343,1,0,0
9324,0.44472721106364377,1,0,0
7236,0.4447196398494687,1,0,0
12684,0.4447196398494687,1,0,0
182,0.4446991716054826,0,0,0
806,0.44467560750481844,0,0,0
3893,0.44466356149490116,0,0,0
267,0.44465803786773095,1,0,0
5979,0.44464886343930715,0,1,0
3158,0.44464886343930715,1,1,0
3997,0.4446262460736257,0,0,0
10239,0.44461130446615277,1,0,0
2280,0.44461130446615277,0,0,0
11831,0.44461130446615277,0,0,0
10849,0.44459765703060067,0,0,0
10737,0.4445863043617512,1,0,0
1712,0.4444353151438161,1,0,0
2746,0.4444353151438161,0,0,0
4215,0.4444353151438161,1,1,0
4513,0.4443908386832213,1,0,0
10197,0.44438204834766626,0,0,0
3212,0.4443601729659325,1,1,0
4836,0.44433838390619984,1,0,0
720,0.444336362992313,0,1,0
7177,0.444336362992313,0,1,0
429,0.44432214348382354,0,1,0
12667,0.44428311792256014,1,0,0
8409,0.44428311792256014,0,0,0
3821,0.44422932725767944,1,0,0
9317,0.4442281526747202,1,0,0
2200,0.44421668881187215,0,0,0
5024,0.44418257792650634,1,1,0
2577,0.4441583795724331,1,0,0
7191,0.4441583795724331,1,0,0
3328,0.44412365019010586,0,1,0
4741,0.4441235625455014,1,0,0
12357,0.44409173575688526,1,0,0
2840,0.44407932087952784,1,1,0
11172,0.44403922072812657,0,0,0
8105,0.44391091774780694,1,0,0
2466,0.44391091774780694,1,0,0
11950,0.44391091774780694,0,0,0
775,0.44391091774780694,1,0,0
4184,0.44391091774780694,0,0,0
8346,0.443906258283693,0,0,0
2924,0.44388831180043176,1,1,0
7440,0.44388831180043176,1,0,0
10112,0.44388730785029473,1,0,0
8348,0.4438456306391122,1,0,0
4884,0.4438364963211557,0,1,0
5950,0.4437800535218104,0,0,0
12534,0.4437664804808507,1,1,0
6803,0.44375366864168303,0,0,0
9180,0.4437492010493352,1,0,0
8467,0.4437492010493352,1,0,0
3690,0.4437186891603509,1,0,0
6311,0.44368759911835887,1,0,0
11292,0.4435922783559745,1,0,0
5425,0.44354542954673215,0,0,0
8872,0.44353712716484817,1,0,0
1656,0.44353712716484817,1,0,0
8183,0.44350904582324624,0,0,0
6316,0.4435043505063457,0,0,0
11071,0.4435043505063457,0,0,0
5354,0.44348986770446547,1,0,0
8698,0.44348986770446547,1,0,0
8054,0.44348986770446547,1,0,0
981,0.44348986770446547,0,0,0
4487,0.44348986770446547,0,0,0
3806,0.44348986770446547,1,0,0
4148,0.44348986770446547,1,0,0
9770,0.44346133556158296,1,0,0
577,0.4434099707358386,1,0,0
10235,0.4434099707358386,1,0,0
5579,0.4434099707358386,1,0,0
11724,0.44338101284462855,1,0,0
4244,0.44330268633027037,1,0,0
9628,0.44330268633027037,0,0,0
3609,0.44327240429035486,0,0,0
6855,0.4432525953361303,0,0,0
9086,0.4431145704410729,1,0,0
7046,0.4430797023007721,1,0,0
99,0.4430797023007721,1,0,0
10564,0.4430797023007721,1,0,0
266,0.44305838095451644,0,0,0
488,0.4430557763288218,1,1,0
4819,0.44302894176411944,0,0,0
6782,0.44302894176411944,1,0,0
6350,0.4430133495530989,0,0,0
3485,0.4430133495530989,1,1,0
70,0.4429440897394097,1,0,0
8712,0.4429440897394097,1,0,0
9670,0.4429393647848534,0,0,0
463,0.4429393647848534,1,0,0
1214,0.4429393647848534,1,0,0
6360,0.4429393647848534,1,0,0
11530,0.4429180828764726,1,0,0
3246,0.44285952532534095,1,0,0
663,0.4428563373948725,1,0,0
3614,0.4428438136181762,1,0,0
9991,0.4428438136181762,1,0,0
10898,0.4428438136181762,1,0,0
6609,0.4428438136181762,1,0,0
1719,0.4428438136181762,1,0,0
10923,0.4428438136181762,1,0,0
8315,0.4428438136181762,0,0,0
3112,0.4428438136181762,0,0,0
556,0.4428438136181762,1,0,0
10293,0.44282870156133153,1,0,0
6785,0.44281210368238433,1,0,0
5330,0.4427661862392071,1,0,0
1170,0.4427661862392071,1,0,0
3282,0.4427661862392071,1,0,0
6717,0.4427661862392071,1,0,0
11874,0.44272465815946255,1,0,0
6967,0.44272465815946255,0,0,0
9330,0.4426726507818492,1,1,0
11884,0.4425869653505365,0,1,0
10845,0.4425869653505365,1,0,0
4852,0.4425869653505365,1,0,0
1928,0.4424895280877534,0,0,0
9222,0.4424323464917171,1,0,0
6397,0.4424254539356272,0,0,0
8222,0.44234297283296786,0,0,0
11887,0.44233591918482085,1,0,0
6954,0.44231167952433786,0,0,0
10225,0.44231167952433786,1,0,0
10343,0.4422581582264028,0,0,0
2756,0.4422550392447475,1,0,0
752,0.44222480213546383,0,0,0
689,0.44211237668504505,1,0,0
6286,0.44211237668504505,0,0,0
994,0.4420799283651387,1,1,0
7938,0.4420672613315336,0,0,0
455,0.4419843145527901,1,0,0
168,0.4418661107566715,0,0,0
2622,0.4418661107566715,1,0,0
1357,0.4418610804620077,0,1,0
5615,0.4418254105011328,0,0,0
8856,0.441817427706934,1,0,0
10838,0.4418136399436333,1,1,0
12661,0.4417838061474523,1,0,0
3178,0.4417838061474523,0,0,0
7206,0.441570772534248,1,0,0
1061,0.441570772534248,1,0,0
2026,0.4415090389879083,1,0,0
6638,0.4414929064214411,0,0,0
9747,0.4414424554449495,0,0,0
10757,0.4414266850066909,0,0,0
2472,0.4414266850066909,1,0,0
4677,0.4414266850066909,1,0,0
5274,0.44133961133249483,1,0,0
7497,0.4413020254786257,1,1,0
11009,0.44129059588136604,1,0,0
6430,0.441261560686672,1,0,0
1358,0.4412553864366887,1,0,0
4776,0.44125321839693693,0,0,0
3239,0.4412419720365796,1,0,0
516,0.4410711661401998,1,0,0
2985,0.44105349922339615,1,0,0
11620,0.4408787593084723,1,0,0
11533,0.44085305001238806,0,0,0
8667,0.4406570951896688,1,0,0
6093,0.44053608356689633,0,0,0
9027,0.4404634937527591,0,0,0
6274,0.4404377457482512,1,0,0
11816,0.4404050707202716,1,0,0
7182,0.4404046974086519,1,1,0
9714,0.44039626345923233,1,0,0
3293,0.44039538046067894,0,0,0
2703,0.44037301878658447,1,0,0
10858,0.44033125316996435,1,0,0
12732,0.4403195716117981,1,0,0
8450,0.4402844303166473,1,0,0
6331,0.4402844303166473,1,0,0
1198,0.4402844303166473,1,0,0
202,0.4402611412736354,1,0,0
3569,0.4402611412736354,1,0,0
8500,0.4402611412736354,1,0,0
7308,0.4402541589140029,1,0,0
533,0.4402541589140029,1,0,0
8904,0.440249223239592,0,0,0
10058,0.440249223239592,1,1,0
183,0.44022595616846544,1,0,0
6025,0.44022595616846544,0,1,0
6611,0.440216003708174,1,0,0
12261,0.4401963409480534,1,0,0
12321,0.4401723561860964,0,0,0
12685,0.44014656162815274,1,0,0
7606,0.4401464485882042,1,0,0
3272,0.4401335553572764,0,0,0
5729,0.4401335553572764,1,1,0
11732,0.44012002332087186,1,0,0
4390,0.4401192307783941,1,0,0
7947,0.4401192307783941,1,0,0
4051,0.4401177430868443,1,0,0
4818,0.44006622848318316,1,0,0
7366,0.4400624558342068,0,0,0
9202,0.4400624558342068,0,0,0
11870,0.4400595117255077,1,0,0
6751,0.44004433018861155,1,0,0
1953,0.4399980122357207,1,0,0
4251,0.43990574784670683,1,0,0
4980,0.43983585794789365,0,0,0
11119,0.439827187971884,0,0,0
11800,0.43982257767927185,1,0,0
12091,0.4398010956116261,0,1,0
3185,0.4397638492155705,1,0,0
11643,0.43974978976685425,1,0,0
2526,0.43962100447394986,1,0,0
12718,0.43962100447394986,1,0,0
8891,0.4395703759669653,1,0,0
7094,0.4394861114339022,0,0,0
6925,0.43946473683703985,1,0,0
2843,0.43944659793359275,1,0,0
1159,0.4394375813617442,1,0,0
12446,0.43940929165478615,0,0,0
12714,0.43940929165478615,0,1,0
2450,0.4393790750057628,1,0,0
6343,0.43935365160237927,1,0,0
438,0.43934863580992384,0,0,0
9842,0.4393262204692093,1,0,0
12020,0.43922679438231593,1,0,0
2374,0.43920004578388633,0,0,0
5798,0.4391593084478524,1,0,0
4501,0.4391540180548424,0,0,0
3313,0.43909350829450433,1,0,0
9114,0.4390879789153913,1,0,0
2075,0.439057273211727,1,0,0
9583,0.439057273211727,0,0,0
3660,0.43902778919041935,1,0,0
1620,0.43902740707018323,1,0,0
10074,0.43902740707018323,1,0,0
12568,0.4389823287827041,1,0,0
8006,0.4388902963364163,1,0,0
5497,0.4388902963364163,0,0,0
7615,0.4388778469661898,1,1,0
8693,0.438821317547901,1,1,0
10827,0.43881685837220125,0,0,0
4816,0.4387914166477124,1,0,0
7908,0.4387914166477124,0,1,0
1335,0.4387914166477124,1,1,0
9091,0.4387914166477124,1,1,0
2728,0.43865835069222314,1,0,0
11059,0.4386199743584604,1,0,0
11209,0.4385875724100222,1,0,0
315,0.4385875724100222,0,0,0
10730,0.4385875724100222,0,0,0
12132,0.43857852908599554,1,0,0
9416,0.43857852908599554,1,0,0
10535,0.43857852908599554,1,0,0
10014,0.43857852908599554,1,0,0
3105,0.43857852908599554,1,0,0
6635,0.43857465237241083,1,0,0
12436,0.43853667587364054,1,0,0
11400,0.43852727730614777,1,0,0
5724,0.43850156696022113,1,0,0
9696,0.4384935538565264,1,0,0
11160,0.4384935538565264,0,1,0
7169,0.4384824795305239,1,0,0
7139,0.4384700191581114,0,0,0
2897,0.43847001542561326,0,0,0
5546,0.43842065620129744,0,0,0
12355,0.43836850595934296,1,0,0
3652,0.438362895736721,0,0,0
9586,0.4383180838455197,0,0,0
6615,0.43831638943729534,1,0,0
1431,0.43827588844296655,1,0,0
8546,0.4382710085201793,1,0,0
5363,0.4382150530539007,1,0,0
1479,0.4382150530539007,1,1,0
6843,0.43819429448932,1,0,0
12738,0.43818405964327817,0,0,0
6410,0.43809529841503836,0,0,0
4526,0.4380922746903395,0,0,0
5398,0.4380711072976414,1,0,0
6822,0.4379973151933835,1,0,0
1725,0.43798902209563517,1,0,0
7689,0.4379660842329285,0,0,0
1899,0.4379660842329285,0,0,0
2520,0.437891084783155,1,1,0
4636,0.43784652756171233,1,1,0
3747,0.43784652756171233,0,0,0
4347,0.43784652756171233,0,0,0
3559,0.43779749862786016,1,0,0
8541,0.43772402807865535,1,0,0
6736,0.43768445624377544,0,0,0
8715,0.43746541219702734,0,0,0
4928,0.43744298211006755,1,0,0
12203,0.43735609255249325,0,0,0
2061,0.43735212425670705,1,0,0
3627,0.43731851329646676,0,0,0
4431,0.4372333467936528,1,0,0
1999,0.4372121823572293,0,0,0
10413,0.4372121823572293,1,0,0
464,0.4371820716937503,0,1,0
7661,0.4371407509835171,1,0,0
8253,0.4371367855188882,1,0,0
5125,0.4370263747134106,1,0,0
2459,0.4370019668247003,0,0,0
1581,0.4369651108860767,1,0,0
1619,0.43692789584645425,0,0,0
7762,0.436918334440283,1,0,0
1011,0.43688287017690086,1,1,0
5730,0.4368734063243281,0,0,0
2081,0.4368317964990655,0,0,0
9708,0.43681719996982704,0,0,0
7652,0.43679895955274123,1,0,0
6173,0.4367930768787521,1,0,0
12001,0.436782977762269,1,0,0
4620,0.43669261144589455,1,0,0
6718,0.43669261144589455,0,0,0
12192,0.43669261144589455,0,0,0
1920,0.4366661989959303,1,0,0
10165,0.4366661989959303,0,0,0
12742,0.4366661989959303,1,0,0
6223,0.4366093599844843,0,0,0
1960,0.4365574005989526,1,0,0
12663,0.4365574005989526,0,1,0
12664,0.4365574005989526,1,1,0
11838,0.4365574005989526,1,0,0
10656,0.4365574005989526,0,0,0
2766,0.4365574005989526,1,0,0
3482,0.4364995054793226,0,0,0
6613,0.4363265951871564,0,0,0
2163,0.4363265951871564,1,0,0
8986,0.4362077150783172,0,1,0
6469,0.4361708296870715,1,0,0
7860,0.4361546264655431,0,0,0
7132,0.4361023170354742,0,0,0
5573,0.4359646146356243,1,0,0
6492,0.43596114167383426,0,0,0
9007,0.4359046321809995,1,0,0
7423,0.4358921931756623,0,0,0
11130,0.4358591393995862,1,0,0
2992,0.4358355890460842,0,0,0
3397,0.4358355890460842,1,0,0
6442,0.4358355890460842,1,0,0
9830,0.4358355890460842,0,0,0
7101,0.4356216900192809,0,0,0
9006,0.43561787605438196,1,1,0
2427,0.435521370814202,0,0,0
11823,0.435495234965527,1,0,0
2256,0.4353223108772094,1,1,0
8359,0.4352894730136675,1,0,0
11051,0.43517797248543855,1,0,0
9588,0.43507010895286524,1,1,0
6213,0.4350413059874956,0,0,0
5977,0.43495494395801176,0,0,0
4701,0.43487230257759457,0,0,0
5391,0.43485672147103765,1,1,0
2600,0.43484253197501377,1,0,0
6557,0.4348371080405638,1,1,0
3929,0.4348371080405638,1,0,0
5223,0.43483503028611087,1,0,0
10590,0.43479072324731877,1,1,0
9181,0.4347696042158109,1,0,0
11542,0.4347430925919929,1,0,0
1438,0.4347430925919929,1,1,0
5450,0.43467907664884853,0,0,0
2401,0.43465474714797153,0,0,0
2870,0.4345783707638896,1,0,0
3755,0.43455370504709506,1,0,0
11747,0.43455370504709506,1,1,0
10110,0.43455370504709506,1,0,0
1910,0.43455370504709506,0,0,0
6329,0.43442747949472743,1,1,0
11628,0.4344049968752584,1,0,0
4703,0.4343655658786687,1,0,0
1575,0.4343655658786687,1,0,0
1104,0.4343655658786687,1,1,0
6594,0.4343053757331151,1,1,0
9463,0.4342760698248059,1,0,0
3057,0.434274466180437,1,1,0
6190,0.43417181351018885,1,0,0
6780,0.43417181351018885,1,1,0
7136,0.43417181351018885,0,0,0
10038,0.43417181351018885,1,0,0
637,0.43417181351018885,1,0,0
5901,0.43417181351018885,1,0,0
9256,0.43414441240721835,1,0,0
7041,0.43414441240721835,0,1,0
978,0.43413070416270777,0,0,0
11804,0.43410535695771796,0,0,0
2942,0.4340957276619012,1,0,0
2322,0.43404434180751444,1,0,0
7335,0.4340240802288633,1,0,0
654,0.43401497982652765,0,0,0
11109,0.43398932688783387,1,0,0
10828,0.4339285817020906,1,0,0
7508,0.4339183904815123,0,0,0
12596,0.4338995812983778,1,0,0
5449,0.433835529048444,1,0,0
12007,0.433835529048444,1,0,0
8365,0.433835529048444,1,0,0
6713,0.43381972429247717,1,0,0
444,0.43377367239807335,1,0,0
12535,0.43373346705955323,1,0,0
11711,0.43373346705955323,1,0,0
7756,0.43373346705955323,1,0,0
3824,0.43366109766241984,0,0,0
5370,0.4335704151452051,1,0,0
3280,0.4335503854138297,0,0,0
4142,0.43348995178376304,0,1,0
8101,0.43347777844828483,1,0,0
4202,0.43308288483008167,0,0,0
744,0.4330624722285134,1,0,0
2189,0.4330624722285134,1,0,0
4192,0.43297451971528034,0,0,0
10127,0.4329331964967961,1,0,0
5960,0.4329122091524084,1,0,0
7561,0.4329122091524084,1,0,0
5711,0.4329122091524084,1,0,0
11650,0.4329122091524084,0,0,0
2049,0.43290147254166883,0,0,0
8742,0.43290147254166883,1,0,0
6586,0.43277901899399374,0,0,0
9660,0.43277901899399374,0,0,0
10708,0.4327541074315282,1,1,0
9214,0.43271535438168773,1,0,0
8527,0.43263234468403156,0,1,0
9879,0.4326192785095578,1,0,0
3537,0.43255286675305027,1,0,0
7342,0.4324342532202356,0,0,0
10589,0.4323641700005136,0,0,0
2517,0.4323499709483816,0,0,0
4808,0.43233889429178163,1,0,0
9307,0.4323306517082736,1,0,0
10627,0.43228716569474884,0,1,0
8730,0.4322184054750436,0,0,0
12528,0.4320780925147722,0,0,0
12579,0.4320780925147722,0,0,0
3488,0.4320780925147722,1,0,0
11832,0.4320780925147722,1,0,0
754,0.4320746299977377,0,0,0
317,0.43204684313559677,0,1,0
3391,0.43204425126811763,0,0,0
8470,0.4320346308660337,1,1,0
2727,0.43201978440261196,0,1,0
547,0.4319773786439753,1,0,0
12444,0.43196771345146656,0,0,0
6027,0.43196771345146656,0,1,0
12208,0.4319453150240849,1,0,0
11529,0.4319256782610972,0,0,0
11997,0.4319242798822068,0,0,0
4139,0.4319242798822068,0,0,0
11191,0.4319017440669112,1,0,0
6047,0.4318622526100651,0,0,0
9074,0.43178707936098315,1,0,0
1147,0.4317626869778123,0,0,0
10593,0.43167560534197463,1,0,0
3469,0.43167560534197463,1,0,0
2685,0.4316524931094318,0,1,0
285,0.4316524931094318,0,0,0
12456,0.4316524931094318,1,0,0
8757,0.4316524931094318,0,0,0
8366,0.4316454197399044,1,1,0
7788,0.4316213815470041,0,0,0
9632,0.431553882017543,1,0,0
1669,0.431553882017543,1,0,0
127,0.431553882017543,1,1,0
11132,0.431553882017543,1,0,0
4456,0.431553882017543,1,0,0
4599,0.431553882017543,1,0,0
4356,0.431553882017543,1,0,0
512,0.431553882017543,1,0,0
7636,0.431553882017543,0,0,0
3519,0.431553882017543,1,0,0
504,0.4315258861249092,0,0,0
3844,0.4314334162581728,1,0,0
7049,0.4314334162581728,1,0,0
2187,0.431414569489177,0,0,0
6400,0.43141440628358624,1,0,0
5825,0.43134287273426736,1,0,0
4076,0.43134008905630844,1,1,0
3150,0.4313173487110097,1,0,0
273,0.43122893096965026,1,1,1
3734,0.4311684743090595,1,0,0
9011,0.4311684743090595,0,0,0
11516,0.4311471860127286,0,0,0
7505,0.4311293775688724,1,0,0
875,0.43108717295519383,1,0,0
9584,0.4310605222839745,0,0,0
5285,0.4310339671420955,1,0,0
7390,0.43102993630587455,0,0,0
9691,0.43094486207111526,0,0,0
2829,0.4309156345640811,0,0,0
6634,0.430899011620818,1,0,0
953,0.430899011620818,0,0,0
9208,0.4308250114090643,1,0,0
2535,0.43082100768930803,0,0,0
10749,0.4307532034886713,1,0,0
597,0.4307153254453308,0,0,0
6043,0.43062715485310943,1,0,0
8963,0.4304800562077857,0,0,0
3619,0.4304672437638921,0,1,0
5,0.4304638881833702,1,0,0
8425,0.4304633256474822,1,1,0
7757,0.4304633256474822,0,0,0
8534,0.4304422623311556,1,0,0
1766,0.43036795249477006,0,0,0
10075,0.4303608478657502,1,0,0
4015,0.43034577261607687,0,0,0
6046,0.43034577261607687,0,0,0
12231,0.43031526091621897,1,1,0
3300,0.4302485869952618,1,0,0
10580,0.430187652041555,0,0,0
11274,0.430187652041555,1,0,0
6295,0.4301846033355035,0,0,0
3387,0.4301682878759389,1,0,0
2480,0.43014013518496064,1,0,0
11639,0.4300598606053937,0,0,0
4362,0.430051195078756,1,0,0
5212,0.43004258642810367,0,0,0
493,0.43004258642810367,1,1,0
8415,0.4298520287578281,1,0,0
1773,0.42984715011180735,0,0,0
6779,0.4297934112334923,1,0,0
3113,0.4297469404175993,1,0,0
545,0.4297469404175993,1,0,0
3462,0.4297119579087069,1,1,0
8772,0.4297119579087069,1,0,0
3411,0.4297077385477618,0,0,0
11429,0.4296404304967766,0,0,0
3206,0.42962284070596857,1,0,0
3478,0.42962275869641015,1,0,0
4217,0.4296179163984403,1,0,0
9002,0.4296122608232241,0,0,0
11780,0.4296036467520814,1,0,0
3354,0.429539098311661,1,0,0
307,0.4295018154833148,1,0,0
9071,0.4294620233047734,1,0,0
8760,0.4294532222253224,1,0,0
7955,0.42944341653133383,1,0,0
7242,0.429430085647656,1,0,0
9213,0.42936399341098086,1,0,0
6829,0.4293497276713414,1,0,0
10088,0.4292716787237422,1,0,0
4195,0.4292716787237422,1,0,0
8342,0.4292700914703231,0,0,0
9756,0.4292700914703231,1,0,0
639,0.4292231868419396,1,0,0
3570,0.4292176143456975,1,0,0
353,0.4291698730720901,0,0,0
4080,0.4289600642594806,1,0,0
11680,0.4289533634765706,1,0,0
2659,0.4289098281429984,0,0,0
7385,0.42888996278669206,1,0,0
1832,0.428873411076813,0,0,0
11572,0.428873411076813,1,0,0
5439,0.428873411076813,1,0,0
5876,0.4288344603057951,1,0,0
8197,0.4288068005400812,0,0,0
9802,0.4288068005400812,1,1,0
2482,0.4286048360992393,1,1,0
8417,0.4285824029479082,1,0,0
357,0.4284989035049712,1,0,0
6653,0.4283463957253281,0,0,0
557,0.42832868649798955,1,0,0
12702,0.42830447183424647,1,0,0
9393,0.42819098376246245,0,0,0
9220,0.4281610832758583,0,0,0
4163,0.4280824490119535,0,0,0
11312,0.42806907497132146,1,0,0
48,0.4280166648984817,1,0,0
5656,0.4280166648984817,1,0,0
8262,0.4280166648984817,1,0,0
296,0.4280104291094433,1,0,0
11441,0.4279717419059886,1,0,0
6805,0.42796367899077165,1,0,0
4627,0.42794161171668904,1,0,0
12761,0.42794161171668904,1,0,0
10463,0.4278883394157911,1,0,0
687,0.42782179426250033,1,0,0
1755,0.42782179426250033,0,1,0
8858,0.42782179426250033,1,0,0
11370,0.42782179426250033,0,0,0
5064,0.42782179426250033,1,0,0
6181,0.42782179426250033,1,1,0
5815,0.42782179426250033,1,0,0
276,0.42782179426250033,0,0,0
1502,0.42782179426250033,1,0,0
5916,0.42782179426250033,1,0,0
12384,0.42782179426250033,1,0,0
3228,0.4277363227019831,1,0,0
2540,0.4277101570383305,1,0,0
7171,0.42765205866039313,0,0,0
1478,0.4276124275566268,1,0,0
8161,0.42757984128836213,0,0,0
5184,0.4275441947450048,1,0,0
3810,0.42748738884854953,1,0,0
7896,0.4274553504810659,1,0,0
666,0.4274553504810659,1,0,0
12526,0.42743103749079114,1,1,0
11877,0.4274211768649015,0,0,0
9128,0.42738339103041106,0,0,0
595,0.4273758349123797,1,1,0
11499,0.4273614471290017,1,0,0
4138,0.4273188185454869,1,0,0
3473,0.4272458774980526,1,0,0
1008,0.42716483238132125,1,1,0
2878,0.42715602467546626,1,0,0
8733,0.4270740641380348,1,0,0
10958,0.4270720250451137,1,0,0
10576,0.4269695493129997,1,1,0
2761,0.42685390448315425,1,0,0
138,0.4268133919786043,0,0,0
4813,0.4267999422995784,0,0,0
9560,0.42652928990936023,1,0,0
4082,0.42649156527928744,0,0,0
12402,0.42645078257729535,0,0,0
418,0.42644694428882457,0,1,0
12554,0.4264325492692888,0,0,0
3937,0.4264325492692888,0,0,0
10185,0.42637798816676664,0,0,0
2298,0.4263737305202717,1,0,0
6355,0.4263737305202717,0,0,0
11102,0.4263737305202717,0,0,0
9803,0.4263014727816427,0,0,0
9139,0.4262864087197809,0,0,0
11562,0.4262864087197809,1,0,0
2876,0.4262484614174475,1,0,0
1626,0.4261833669472487,0,0,0
4160,0.4261557333397641,0,0,0
3684,0.4260646061358563,1,0,0
3312,0.4260646061358563,1,0,0
1445,0.4260433482962406,1,0,0
11937,0.4260433482962406,1,0,0
5266,0.4260037447019485,1,0,0
9053,0.4259780841974981,1,0,0
6278,0.42585730771865676,1,0,0
8485,0.4257454647406206,1,1,0
5864,0.4256230153467321,1,0,0
9056,0.4256230153467321,0,0,0
12775,0.4256112580008041,0,0,0
9031,0.42555059233618053,0,0,0
404,0.42554380812134085,0,1,0
8823,0.4255385358545503,0,0,0
4641,0.42551007913966254,1,0,0
9936,0.42541340500463837,1,0,0
2875,0.4252990851788689,0,1,0
7760,0.4252748524877229,1,0,0
10586,0.42525361003753204,1,0,0
12787,0.42523723456810786,0,0,0
8813,0.42522525369757647,1,0,0
8516,0.42519602500836035,0,0,0
2136,0.4251934273800364,0,0,0
3376,0.4251934273800364,1,0,0
10469,0.4251934273800364,1,0,0
2451,0.4251934273800364,1,0,0
3725,0.4251934273800364,0,0,0
8268,0.4251934273800364,1,1,0
1117,0.4251934273800364,1,0,0
6701,0.4251934273800364,1,0,0
8173,0.4251934273800364,0,0,0
10181,0.4251934273800364,0,0,0
10811,0.4251934273800364,0,0,0
8328,0.4251859407594957,1,0,0
3539,0.42515110133972894,1,1,0
93,0.42515110133972894,1,1,0
214,0.42510741727298623,1,0,0
388,0.42504965793056176,1,0,0
3256,0.4249680656746909,1,1,0
3457,0.4249680656746909,1,1,0
5075,0.42495976778395933,1,0,0
11764,0.42495342060103225,0,0,0
7869,0.42495140157025024,1,0,0
4553,0.424947698071833,0,0,0
694,0.42479285726065874,1,0,0
11915,0.4247670374105635,0,1,0
7467,0.42469639342771476,0,0,0
1498,0.42464955398903986,1,1,0
7984,0.42464955398903986,1,0,0
10361,0.4246413314277696,1,0,0
6054,0.4245880288761567,0,0,0
11501,0.42454933480545376,0,0,0
8281,0.4244738971524792,1,0,0
895,0.4242634613224028,0,0,0
12090,0.42413057969125134,1,0,0
7922,0.4240439654831201,1,0,0
10825,0.4240439654831201,1,0,0
5145,0.4240439654831201,1,1,0
10837,0.4240439654831201,0,0,0
11731,0.4240439654831201,0,0,0
8138,0.4240439654831201,1,0,0
12075,0.4240439654831201,0,0,0
5074,0.4240439654831201,1,0,0
9958,0.4240439654831201,0,1,0
6670,0.4240439654831201,1,1,1
6055,0.4240439654831201,1,0,0
10926,0.4240439654831201,1,0,0
12506,0.4240439654831201,0,0,0
9519,0.4240439654831201,0,1,0
10972,0.4240439654831201,1,0,0
5804,0.4240439654831201,0,0,0
2673,0.4240439654831201,0,0,0
2073,0.4240439654831201,1,0,0
10703,0.4240349038468065,1,0,0
5782,0.4239784967219487,1,0,0
9873,0.4239555757884368,1,0,0
7358,0.4239506624844296,1,0,0
5644,0.4239506624844296,1,0,0
11660,0.4239506624844296,1,0,0
3983,0.42387800518641855,0,0,0
6050,0.4238576380232138,1,0,0
4373,0.4238576380232138,1,0,0
730,0.42384637326561875,0,0,0
10390,0.4238165552860111,1,0,0
9563,0.4238165552860111,1,0,0
6454,0.4238165552860111,1,1,0
8668,0.4238165552860111,0,0,0
3476,0.42369875784846495,1,0,0
4137,0.4236588940174661,1,0,0
1821,0.42362461772742166,0,0,0
12109,0.4235984585316804,0,0,0
8004,0.4235892375158613,1,0,0
4240,0.4235173946667445,1,0,0
10618,0.4235173946667445,0,0,0
9217,0.4235173946667445,0,0,0
2199,0.4235173946667445,1,0,0
1624,0.4235173946667445,0,0,0
6482,0.4234975221052855,0,0,0
8746,0.4234975221052855,0,0,0
5090,0.4234975221052855,0,0,0
4425,0.4234847344284482,1,0,0
9462,0.4234581775501785,1,1,0
2122,0.4233125684866146,0,0,0
8135,0.4233066834076971,1,0,0
3522,0.42329971657833887,1,1,0
2777,0.4232813481959966,1,1,0
6126,0.42321111545414625,0,0,0
7621,0.4230927959939809,1,0,0
7334,0.4230851927028689,0,0,0
4134,0.4230774662402477,0,0,0
2181,0.4230170795432445,0,0,0
6039,0.4230121060468601,1,0,0
5196,0.4228949039850085,1,1,0
11910,0.4228949039850085,1,0,0
9160,0.4228949039850085,1,0,0
84,0.42288994178921874,1,0,0
1630,0.42282916755870886,1,0,0
7543,0.42270776289033307,1,0,0
8423,0.42270689215411994,1,0,0
10077,0.4226928143249405,1,0,0
12724,0.42262374654485313,0,0,0
10643,0.42262374654485313,0,0,0
12204,0.42262374654485313,1,0,0
4895,0.4225398442396982,1,0,0
2879,0.4225100082962274,1,0,0
10973,0.42250250908425824,1,0,0
6723,0.42249026144978147,1,0,0
8198,0.4224852159654526,1,0,0
2283,0.422385751348055,1,0,0
9825,0.422385751348055,1,1,0
3600,0.422385751348055,0,0,0
2522,0.422385751348055,1,0,0
8133,0.422385751348055,1,0,0
2836,0.4223589410891178,1,0,0
7434,0.4223366116058809,1,0,0
1259,0.42228917030674995,1,0,0
7194,0.42227955514004123,1,0,0
11674,0.42227955514004123,1,0,0
4693,0.4222205976489832,1,0,0
2285,0.4221899513312535,0,0,0
11097,0.4221899513312535,1,0,0
4661,0.4221899513312535,0,0,0
674,0.4221899513312535,1,0,0
5883,0.4221464002980317,1,0,0
7959,0.4221464002980317,1,0,0
11833,0.4221084083655345,1,0,0
5517,0.42210619624793255,1,0,0
9470,0.4220761704425295,1,1,0
5618,0.4220761704425295,1,0,0
12166,0.4220761704425295,0,0,0
9864,0.4220761704425295,1,0,0
2713,0.4220761704425295,1,0,0
4925,0.42206951225819944,0,0,0
5740,0.421939131504801,0,0,0
4174,0.421939131504801,1,0,0
6911,0.421939131504801,1,0,0
11242,0.421939131504801,1,1,0
8563,0.4219250203797756,0,0,0
4812,0.421869481858717,1,0,0
10786,0.421869481858717,1,0,0
6139,0.421869481858717,1,0,0
1040,0.421869481858717,1,1,0
6282,0.421869481858717,1,0,0
7221,0.421869481858717,1,0,0
9979,0.421869481858717,0,0,0
11930,0.42177576438558784,1,0,0
5937,0.4217679091347739,0,0,0
7077,0.42170838015005085,1,0,0
7934,0.4216637090753214,1,1,0
2219,0.4216453325159843,0,0,0
983,0.4216261674801369,0,0,0
11603,0.42162151833948863,1,1,0
10445,0.4215993721287312,1,0,0
11067,0.42156982892879286,0,0,0
11750,0.4215337893815916,0,1,0
1400,0.4215337893815916,1,0,0
4617,0.4215337893815916,1,0,0
6154,0.42148011103405153,0,0,0
9188,0.421469229937174,1,0,0
5904,0.42114565166451357,1,0,0
1345,0.42110855975095246,1,1,0
10642,0.4210802493122371,1,0,0
5889,0.421078516146597,0,0,0
9266,0.421078516146597,1,0,0
4752,0.421078516146597,0,0,0
8669,0.421078516146597,1,0,0
4666,0.421078516146597,0,0,0
12615,0.421078516146597,1,1,0
1371,0.42099866094132976,1,0,0
10169,0.42097472179627604,1,0,0
10056,0.4208990416697903,1,0,0
2210,0.4208688621337277,1,0,0
11592,0.42081553914777614,0,0,0
6892,0.42072204731848756,1,0,0
4085,0.42072148624802463,1,0,0
10930,0.4207084375012922,1,0,0
3088,0.4206853271685279,1,0,0
3368,0.4206105524637411,1,0,0
1561,0.42058625344337763,0,1,0
2616,0.42056982619867106,0,0,0
5713,0.42056982619867106,0,0,0
3466,0.42056982619867106,1,0,0
10466,0.42056982619867106,0,0,0
4223,0.42056982619867106,0,0,0
86,0.42056865581596414,1,0,0
902,0.4204333685230013,1,0,0
11280,0.42018804802676607,1,0,0
7166,0.42015212921195727,1,0,0
4193,0.4201204487803704,0,0,0
9150,0.42011215004749003,1,1,0
4609,0.42009469873520366,0,0,0
2029,0.42008414681402,1,0,0
1452,0.42005515597477755,0,0,0
9807,0.42004853955459875,1,0,0
1261,0.4200393497667176,0,0,0
6445,0.42003915990415425,1,0,0
1537,0.4199569524485111,0,0,0
9018,0.4199127391141615,1,0,0
5580,0.41988603286230003,0,0,0
11159,0.41984888654297015,0,0,0
12533,0.419722103417417,1,1,0
8570,0.4197127601483813,0,0,0
1851,0.4195892263995042,0,0,0
7953,0.4195764651983728,1,0,0
3917,0.4195716805307592,1,0,0
5705,0.41953964147427847,1,0,0
3491,0.41953964147427847,1,0,0
9689,0.41951070655253164,0,0,0
11993,0.4195031264086746,1,0,0
6475,0.4195031264086746,1,0,0
8553,0.41949904913948105,0,0,0
6141,0.4194226490847657,1,0,0
6973,0.4193090066875959,0,0,0
1869,0.41908928049616045,1,0,0
1757,0.41904288433666376,1,0,0
484,0.41891619052904344,1,1,0
11759,0.41890500538760306,1,0,0
8350,0.4188912843430611,0,0,0
4552,0.41888854628194955,0,0,0
4594,0.4188672111872197,0,0,0
4887,0.41886266937831074,1,0,0
4427,0.41882787653839176,0,0,0
12267,0.41881932917431697,1,0,0
9769,0.41879859578161244,1,0,0
3437,0.4187950808263996,1,0,0
7327,0.418745025959919,1,0,0
7401,0.41869159006099405,1,0,0
2065,0.4186732478691492,1,0,0
9499,0.4186732478691492,0,0,0
6921,0.41859550272794527,1,0,0
2626,0.4184817752204339,1,1,0
4916,0.4184733410697428,1,0,0
4417,0.4184733410697428,1,0,0
8362,0.4184733410697428,1,0,0
3731,0.4184591546081732,1,0,0
6945,0.4183169663208686,1,0,0
1828,0.41824530085017275,1,0,0
6440,0.41824530085017275,0,0,0
3630,0.4182196085038449,0,0,0
1405,0.41817308064839864,0,0,0
5279,0.41802565381807566,1,0,0
1166,0.4177438524817174,1,0,0
11757,0.41773180327530357,1,0,0
9728,0.41766261095914825,1,0,0
11849,0.4176517420383298,1,0,0
6341,0.4176403607859206,1,1,0
9447,0.41763730054834625,1,0,0
7699,0.41763508900980517,1,0,0
2820,0.41762386336020507,1,0,0
11770,0.4175642666546835,0,0,0
5194,0.41750626945039343,1,0,0
1914,0.4174901568801881,1,0,0
6224,0.41748680742313476,0,0,0
506,0.4174131040912636,0,0,0
2448,0.4173610795505777,0,0,0
1418,0.41732838465546973,1,0,0
1505,0.4172336574438546,1,0,0
2121,0.41722229642388015,1,0,0
6449,0.4172127268140683,1,0,0
11596,0.4172127268140683,1,0,0
12139,0.417166123847926,1,0,0
650,0.41706156884378803,0,0,0
10006,0.41701864115895626,1,0,0
10441,0.41700420106790154,1,1,0
7690,0.41692114848639733,1,0,0
7517,0.41690962577069474,1,0,0
10025,0.4168674513012467,1,0,0
6854,0.41676300399053184,1,0,0
10573,0.41675354774907947,1,0,0
6031,0.41660918810488684,1,0,0
11905,0.41656200895038653,1,0,0
11002,0.4165547556568944,1,0,0
7356,0.4164522722652852,1,0,0
10500,0.41644192475068886,1,0,0
10309,0.41642920059161026,1,1,0
7739,0.4164002324458181,1,0,0
2781,0.416387194257929,1,0,0
1857,0.41638308503976923,0,0,0
2881,0.41638218360226004,1,0,0
8779,0.41638218360226004,1,0,0
5612,0.4163767776590833,1,0,0
7271,0.4163767776590833,1,1,0
11344,0.4163198305454974,0,0,0
4271,0.4162501449099416,1,0,0
9290,0.4161406267305077,1,0,0
9136,0.4161405780546318,0,1,0
4675,0.41612766908443616,0,0,0
5021,0.41610733300140235,0,0,0
11212,0.41610733300140235,1,0,0
88,0.41606460937586487,0,0,0
4077,0.4160505788202443,1,0,0
372,0.4160056264151211,0,0,0
9475,0.4160022355803708,0,0,0
8870,0.41597744897548516,1,0,0
1584,0.4159474742989303,1,0,0
6976,0.41588362655641936,0,0,0
11931,0.4158106651543573,1,0,0
395,0.41575590366520787,1,0,0
7458,0.4157100198285247,1,0,0
1616,0.41569611357091724,1,0,0
9845,0.41569611357091724,1,1,0
10818,0.4156672505239236,0,0,0
9257,0.4156608324490494,1,0,0
1288,0.4156276673187471,0,0,0
1741,0.415545158649162,0,1,0
5829,0.4155418083833928,1,0,0
9951,0.4155418083833928,1,0,0
12408,0.4153479937137108,1,0,0
11580,0.4153108444596881,0,0,0
11042,0.4152918222403838,1,0,0
515,0.4152747589978929,1,0,0
2806,0.41524080183090895,0,0,0
1887,0.41521386254608045,1,0,0
4767,0.4151975187971205,1,0,0
3989,0.4151975187971205,1,0,0
3468,0.4151616734962588,1,1,0
8087,0.41503326333254403,1,0,0
5106,0.41500210506691104,1,0,0
2188,0.41500210506691104,1,0,0
8602,0.4149903694863893,1,0,0
2237,0.4149565099575201,1,0,0
1666,0.41485027240354394,0,0,0
9183,0.41485027240354394,0,0,0
3352,0.4147857368867143,0,0,0
10949,0.41477533622236507,1,0,0
10187,0.4147623553492607,1,0,0
1520,0.41462730239545154,1,0,0
2510,0.41450646598824364,1,1,0
3045,0.4144294212872431,1,0,0
3909,0.41438761104227706,1,0,0
4307,0.41436766601257075,1,1,0
9553,0.4143507391505407,1,0,0
2456,0.41432768261034625,0,0,0
12176,0.4142443998917958,1,1,0
10998,0.4142138882767325,1,0,0
11642,0.41420285447078314,1,1,0
9236,0.4140816223581058,1,0,0
7785,0.41404293632915523,1,0,0
3319,0.4138575103522065,0,0,0
10362,0.4138568302157181,0,0,0
0,0.4138395972984793,0,0,0
5708,0.4138161118746499,1,0,0
9458,0.4138161118746499,0,0,0
3651,0.41379567702710945,1,0,0
8843,0.4137332669609659,1,0,0
11518,0.4136472798343138,0,0,0
3374,0.41359972201152684,0,1,0
1681,0.4135858688237137,0,1,1
8086,0.4134770233742615,1,0,0
12509,0.4134360358210364,1,0,0
10802,0.4133687051214092,1,0,0
8243,0.41334186016151253,0,0,0
10531,0.41334186016151253,1,1,0
8439,0.4132910530369782,1,0,0
8285,0.41327200167901934,0,0,0
4829,0.41319049034312433,1,0,0
5530,0.41319049034312433,1,0,0
5959,0.41318060560046627,0,0,0
12398,0.41309160576941373,1,0,0
11221,0.4130226050490705,1,0,0
9506,0.4130225882336513,0,0,0
6029,0.4130225882336513,0,0,0
8294,0.41300727709148327,0,0,0
2360,0.4130046399122534,1,1,0
700,0.4129817823337815,1,0,0
10645,0.4129397916626422,1,0,0
3915,0.41291360132461263,1,1,0
6000,0.41291360132461263,1,1,0
6130,0.41291360132461263,1,0,0
11053,0.41291360132461263,1,0,0
2748,0.4128957097889212,0,0,0
11234,0.41288567923393094,1,0,0
231,0.41283486426129623,1,0,0
2826,0.4128088591055359,1,1,0
6045,0.412805984993415,1,0,0
11794,0.412805984993415,0,0,0
11376,0.412805984993415,1,0,0
9143,0.41277725697336753,1,0,0
7170,0.412597897719948,1,1,0
7770,0.412597897719948,1,0,0
8788,0.4125107434702569,1,0,0
1585,0.41249891810295725,0,0,0
9321,0.41249596829652174,1,0,0
1594,0.4124814319720163,0,0,0
1912,0.412469791798678,1,0,0
8574,0.4124500681238923,0,0,0
6180,0.412412163173168,1,1,0
10368,0.412412163173168,1,1,0
4106,0.412406825581957,0,0,0
4180,0.4123719260443037,1,0,0
475,0.4123719260443037,1,0,0
4311,0.41236318676390615,1,0,0
12025,0.41236318676390615,0,0,0
6686,0.4123321404924878,1,0,0
6815,0.41229087027777017,1,1,0
321,0.4122826711413445,1,1,0
2329,0.4122536938238731,0,0,0
9652,0.41223741404904973,0,0,0
5592,0.41223741404904973,0,0,0
7928,0.41212311900268556,0,0,0
9617,0.41212311900268556,1,0,0
8988,0.41212311900268556,1,1,0
1443,0.41212311900268556,0,0,0
4186,0.41212311900268556,1,0,0
7575,0.41212311900268556,0,1,0
4094,0.41212311900268556,0,0,0
1830,0.41200715629730406,0,0,0
3382,0.41199932942203,1,0,0
3143,0.4118511807244902,0,0,0
11118,0.4118437613634557,0,0,0
4190,0.41183953181263927,1,0,0
5301,0.4118367203204586,1,0,0
8248,0.4118289449690485,1,0,0
269,0.41179000847658,0,0,0
11039,0.4117804336244052,1,1,0
10332,0.4117360246223138,1,0,0
4120,0.41170944197058834,0,0,0
180,0.41169393959558137,1,0,0
1995,0.41161652900181817,1,0,0
6,0.4114770534987803,0,0,0
7789,0.4114724820790221,0,0,0
7909,0.411446510633177,1,0,0
6907,0.41144118071474317,0,0,0
12728,0.41141101232549215,1,0,0
8755,0.41137968668123454,1,0,0
5076,0.4113650257370926,1,1,0
12247,0.41128398122828236,1,0,0
1220,0.41107149288258316,1,0,0
5173,0.4110178291539959,1,1,0
4325,0.4109599976969911,0,0,0
8318,0.4109599976969911,0,0,0
2212,0.41092463157631315,0,0,0
5928,0.41087313829214334,1,0,0
10432,0.41087313829214334,1,0,0
11544,0.41087313829214334,1,0,0
6378,0.41087313829214334,1,0,0
6606,0.41087313829214334,0,0,0
7199,0.41087313829214334,0,0,0
5512,0.41087313829214334,1,0,0
3386,0.41087313829214334,1,0,0
7135,0.41087313829214334,1,1,0
6784,0.4108268585595868,1,1,0
1346,0.41075675520905375,1,0,0
1532,0.4107197786636284,1,0,0
4466,0.41069211545783374,1,0,0
10397,0.4106482902454384,0,0,0
4652,0.4105491470973247,1,0,0
4584,0.41045000946166804,0,0,0
6448,0.41045000946166804,0,0,0
3326,0.4103409030389556,0,0,0
6624,0.4103042870305855,0,0,0
6187,0.4102984188741016,1,0,0
5710,0.4102800762903156,1,0,0
2390,0.4102129287347438,1,0,0
8440,0.4102006064387252,1,0,0
4474,0.41017987888234664,0,0,0
7407,0.4101788618619471,1,0,0
12584,0.41013696673897837,1,0,0
6509,0.41013696673897837,1,0,0
11396,0.4101301712103423,1,1,1
10906,0.4101301712103423,1,0,0
2027,0.4101301712103423,1,0,0
10550,0.4101301712103423,1,0,0
7420,0.4101301712103423,1,1,0
10883,0.4101301712103423,1,0,0
12591,0.41006434858416696,1,0,0
10073,0.40996906034829095,1,0,0
11850,0.40988654865423874,0,0,0
8056,0.4098203883837691,0,0,0
1804,0.40977541626496,0,0,0
3732,0.4096306900768572,1,0,0
9077,0.40957361591156954,1,0,0
11333,0.4094746923966196,1,0,0
1187,0.40945466609762454,0,0,0
4697,0.4093735517828573,1,0,0
5283,0.4093683715581487,1,0,0
9923,0.4093683715581487,0,0,0
5421,0.4093056960490514,0,0,0
2828,0.40915575027737533,0,0,0
1623,0.40914945396289815,0,0,0
12348,0.4091375670527131,1,0,0
5264,0.4090842901717047,1,0,0
8661,0.4090842901717047,0,0,0
11973,0.4088722948026783,0,0,0
7725,0.40875330474786453,1,0,0
7784,0.4086930856860551,1,0,0
2072,0.40868569484101286,1,0,0
9794,0.4086706136770186,0,0,0
4103,0.40866156806544834,1,0,0
688,0.40862071649955056,1,0,0
4343,0.4085779993464623,1,0,0
6323,0.4085761607877818,0,0,0
4788,0.4085761607877818,1,1,0
10285,0.408559381871617,1,0,0
12159,0.40842702966493905,1,0,0
3020,0.40842702966493905,0,0,0
7164,0.4083702887975236,1,0,0
9745,0.4083206720972144,1,0,0
5755,0.4083201077319564,1,0,0
563,0.4082754261341119,0,0,0
7098,0.4082754261341119,1,0,0
11752,0.4082754261341119,1,0,0
9993,0.4082754261341119,0,0,0
3896,0.4082754261341119,1,0,0
2635,0.4082754261341119,1,0,0
10419,0.4082754261341119,1,0,0
5838,0.4082754261341119,1,0,0
5685,0.4082626266943834,0,0,0
4145,0.4082350811932007,1,0,0
4250,0.40816340887953273,0,0,0
7557,0.40810584600831823,0,0,0
2420,0.40808300303457373,1,0,0
3610,0.4080549775343062,1,0,0
10011,0.40803459064258574,1,0,0
4832,0.40799849064660276,1,1,0
6646,0.40798659498056383,1,0,0
830,0.40794432765038846,1,0,0
5513,0.40790285417675437,0,0,0
1200,0.40780117513230746,1,0,0
10311,0.40780117513230746,1,0,0
7602,0.4077744810487778,0,0,0
4391,0.40768600781549164,1,0,0
2922,0.40764909553779693,1,0,0
5759,0.40747200404432027,1,0,0
8356,0.4074393384940319,0,0,0
8964,0.40743467259072547,1,0,0
4424,0.4073929603018531,1,0,0
4219,0.407317486038429,1,0,0
11338,0.4072698195359067,1,0,0
6116,0.4072367605155047,1,0,0
879,0.4072367605155047,1,0,0
3385,0.40714555616875625,1,0,0
8251,0.40714555616875625,0,0,0
2445,0.4071295896264759,1,0,0
8148,0.4070080138665082,1,0,0
8116,0.4069624100580452,1,0,0
5265,0.4069505437442629,1,0,0
6299,0.4069478793288327,0,0,0
10836,0.4067910157457026,1,1,0
3125,0.4067334760780676,1,0,0
8728,0.40669543777287726,1,1,0
1150,0.40665229168214095,1,0,0
10430,0.40665229168214095,1,0,0
9299,0.4066468919400971,1,0,0
1682,0.40663798630049136,1,0,0
10094,0.4066229123652492,0,1,0
8717,0.40653856038375563,1,0,0
2257,0.4065000193087425,1,0,0
4008,0.4065000193087425,1,0,0
12200,0.40649308244461807,1,1,0
5337,0.4064805885181003,0,0,0
1080,0.40647830117202755,1,0,0
7477,0.4064452573195457,1,0,0
9988,0.4064121488932417,1,0,0
10890,0.4063803054292499,0,0,0
6583,0.4063689819803927,1,1,0
11689,0.4063689819803927,0,0,0
5563,0.40631377234272265,1,0,0
215,0.40625589779687266,0,0,0
9438,0.40625589779687266,1,0,0
616,0.40625589779687266,1,0,0
54,0.40625589779687266,1,1,0
2093,0.40625589779687266,1,0,0
11916,0.40625589779687266,1,0,0
1292,0.40625589779687266,0,0,0
6265,0.40625589779687266,1,0,0
8488,0.40622168876888837,1,0,0
3415,0.4061521936731307,1,0,0
4580,0.4061292294778676,0,0,0
5246,0.40611704941147553,1,0,0
2811,0.40611488680312974,0,0,0
8317,0.4061085652743566,1,0,0
5003,0.4059873547871504,1,0,0
4385,0.4059719717977008,1,0,0
11975,0.40588684288262594,1,1,0
7067,0.40587407273942333,0,0,0
6792,0.40587407273942333,1,0,0
166,0.40587407273942333,0,0,0
8025,0.40587407273942333,1,0,0
8683,0.4057959883333413,1,0,0
9185,0.405795409210435,1,0,0
2863,0.405795409210435,1,1,0
10624,0.405795409210435,1,0,0
11515,0.405795409210435,1,0,0
6240,0.405795409210435,0,0,0
2990,0.405795409210435,1,0,0
8634,0.405795409210435,1,0,0
11581,0.40564745962333754,1,0,0
7931,0.40564745962333754,1,0,0
3381,0.4055671187051982,0,0,0
1546,0.4055671187051982,1,0,0
5404,0.4055659095206701,1,1,0
12645,0.4055659095206701,0,0,0
2785,0.4055659095206701,0,0,0
7734,0.40555638400523386,0,0,0
2406,0.40549365645904917,1,0,0
8596,0.4053123454515932,0,0,0
9543,0.4053034657077261,0,0,0
6184,0.4053003577512719,1,0,0
6692,0.4053003577512719,0,0,0
12087,0.4053003577512719,0,0,0
8651,0.4053003577512719,1,0,0
8422,0.405265436480249,1,0,0
7149,0.40522795776389486,0,0,0
3820,0.405195012169217,1,0,0
4554,0.405195012169217,1,0,0
11168,0.405195012169217,0,0,0
12101,0.405195012169217,0,0,0
1403,0.405195012169217,1,1,0
3096,0.40504033488057495,1,0,0
528,0.4050039343322764,0,0,0
11962,0.40500112545676975,1,0,0
8936,0.404997498959873,1,0,0
8310,0.40499585373876623,0,1,0
5693,0.40495231402938603,1,0,0
8793,0.4049391355123976,1,0,0
4224,0.40492094006970175,0,0,0
2004,0.40492094006970175,0,0,0
12027,0.40484800367831514,0,0,0
10312,0.4048293464715043,1,0,0
10683,0.40482232827538345,0,0,0
11664,0.40472193014509916,1,0,0
3592,0.4045865490548109,1,0,0
434,0.4044097573204391,0,0,0
10042,0.40436419263643714,0,0,0
1696,0.40434643147315913,1,1,0
12116,0.4043373168924136,0,0,0
3593,0.4043373168924136,1,0,0
7859,0.4043373168924136,0,0,0
11277,0.404332801551091,1,1,0
12633,0.40430146495938885,0,0,0
10714,0.4042586375787268,0,0,0
2849,0.4041953701003794,0,0,0
7446,0.4040955229068858,1,0,0
9816,0.4040796357124382,1,0,0
6561,0.40393539943891676,1,1,0
10538,0.4038910774804849,1,0,0
7856,0.40385950718008773,1,0,0
3700,0.40368331414320296,1,0,0
1046,0.40364562784474295,1,0,0
1972,0.4036135295207569,1,0,0
68,0.40355900192755845,0,0,0
5258,0.40354625182775006,0,0,0
2335,0.40354625182775006,0,1,0
8897,0.403428391135729,1,0,0
4606,0.4033487308567754,1,0,0
359,0.4033265093385192,1,0,0
12113,0.40330866336408483,1,0,0
10888,0.4032651941906031,1,1,0
8321,0.40315883727017465,1,0,0
7592,0.4030740064667871,1,0,0
2204,0.4030562799524346,1,0,0
1372,0.4030562799524346,0,0,0
1462,0.4030229042219455,1,0,0
2105,0.4029870015953858,1,1,0
9417,0.40298198080068254,1,0,0
1858,0.4029712530982378,1,0,0
8393,0.4029712530982378,1,1,0
1898,0.4029586356317207,1,0,0
1567,0.4028556421787704,1,0,0
4435,0.4028556421787704,1,0,0
7316,0.4028501975416134,1,0,0
10575,0.4027370783355356,0,0,0
10701,0.4026859469197341,1,0,0
6438,0.4026417355167449,0,0,0
11621,0.40261843479784276,1,0,0
10267,0.40260374929993537,1,0,0
148,0.40245934679463635,0,0,0
5671,0.40244782682214786,1,0,0
791,0.4024316175084778,0,0,0
6882,0.4024248383001714,0,0,0
9664,0.40241551438565276,1,0,0
7276,0.4023154688801944,0,0,0
7315,0.4023154688801944,1,1,0
5966,0.4023154688801944,1,0,0
7663,0.4023154688801944,0,0,0
3449,0.4023154688801944,1,0,0
2737,0.4023154688801944,1,0,0
10230,0.4022927738640016,1,0,0
11426,0.40226772390530247,0,0,0
2915,0.40224253740783567,1,1,0
8525,0.40218113983697495,1,1,0
10099,0.4021580795173249,1,0,0
10000,0.40206401478571946,0,0,0
1865,0.40198161060796916,1,0,0
6495,0.40198051138060853,1,0,0
788,0.4019317019592499,0,0,0
5091,0.4018711983108033,1,0,0
7305,0.40187080760175975,1,0,0
11575,0.4018472364305179,1,0,0
5886,0.4018363112423933,0,0,0
12296,0.4017261959617577,1,1,0
8069,0.4016663515271294,1,0,0
8406,0.40162141528651796,0,1,0
200,0.4016132098962014,1,0,0
11134,0.4016132098962014,1,0,0
2069,0.40161191247199657,0,0,0
3172,0.4015232601079637,1,0,0
4567,0.40151339529107866,1,0,0
544,0.40151339529107866,1,0,0
3163,0.40148893993546897,1,0,0
12641,0.4014624318198375,1,0,0
2788,0.40143551623797913,1,0,0
7475,0.4014349016362281,1,0,0
11111,0.40134963270388996,0,1,0
9411,0.4013495501247222,1,1,0
2662,0.4013279137419348,1,0,0
12730,0.4012904683606502,0,0,0
8036,0.401212536844043,1,0,0
11418,0.40120810350777814,1,0,0
12557,0.40108262781261234,1,0,0
2139,0.40100755645353475,1,0,0
7010,0.40100755645353475,0,0,0
10993,0.4009698728476616,1,0,0
1867,0.40093141782735997,0,0,0
8137,0.40093141782735997,1,0,0
8277,0.4008995160345261,1,0,0
8794,0.4008995160345261,1,0,0
1647,0.4008786542483947,1,0,0
106,0.4008786542483947,1,0,0
3510,0.40082858277351724,1,0,0
9025,0.40081167533581186,0,0,0
985,0.4008114102421054,0,1,0
4742,0.4008018637949052,1,1,0
12403,0.400699681627191,0,0,0
10070,0.400699681627191,0,0,0
7118,0.400699681627191,1,0,0
799,0.400699681627191,1,0,0
1885,0.400699681627191,1,0,0
8003,0.400699681627191,1,0,0
3852,0.400699681627191,0,0,0
7341,0.4006763526559774,1,1,0
1044,0.400638921900284,1,0,0
2558,0.4005710530588371,1,0,0
587,0.4005710530588371,1,0,0
11443,0.4005146422016173,1,0,0
5455,0.4004957520191225,1,0,0
1649,0.4003781578602037,1,1,0
8194,0.4003781578602037,1,0,0
3348,0.4003009528442021,1,0,0
8599,0.4002801538266398,0,0,0
3075,0.40023974843559823,1,0,0
9738,0.4000919772571301,1,1,0
1272,0.3999781892788405,0,0,0
8830,0.39991197825496694,1,0,0
4480,0.3998016970068619,1,0,0
917,0.39975937561963054,0,0,0
3986,0.39975937561963054,1,0,0
8951,0.39975784584405016,1,0,0
6313,0.399740753197745,1,0,0
7526,0.399740753197745,1,0,0
10606,0.39970178679847607,1,0,0
3764,0.3996264834177057,1,0,0
6640,0.39950092416941224,0,0,0
9205,0.39946565235804943,1,0,0
9618,0.3994330541605766,0,0,0
3882,0.39933134742981385,1,0,0
7809,0.39930279504123956,1,0,0
7346,0.39927033421452546,1,0,0
11766,0.3992430993661958,0,0,0
907,0.3992430993661958,0,0,0
1608,0.3991613919281962,1,0,0
4524,0.3991270698452411,0,0,0
10686,0.3991270698452411,0,0,0
1297,0.3991244453123311,1,0,0
8446,0.3990131287850851,1,0,0
10734,0.3989352708434751,1,0,0
411,0.39890027400821343,1,0,0
12722,0.39885270320527666,1,0,0
11786,0.3987812516016217,0,0,0
1068,0.3987812516016217,1,0,0
2313,0.39867519430847687,1,1,1
4663,0.39863356451989557,0,0,0
3687,0.3986272010881998,1,1,0
1824,0.39844612345053554,0,0,0
3367,0.39844573380841997,0,0,0
6197,0.3983287130742135,1,0,0
9638,0.39816595978363933,1,1,0
8187,0.3981617904308661,1,0,0
4066,0.39814727031534236,1,0,0
11163,0.39807510100115884,1,0,0
3602,0.3980325944200052,1,0,0
8820,0.3980220915226455,1,0,0
5862,0.39797502610601876,1,0,0
12320,0.39797502610601876,1,0,0
11532,0.3978999879492476,0,0,0
7604,0.3978699194181437,1,0,0
7247,0.3978457366139436,0,0,0
2164,0.39779633706545386,0,0,0
7374,0.39776454749553947,1,0,0
9657,0.39776454749553947,1,0,0
6357,0.3976660311496733,0,0,0
4329,0.39764259550260417,1,0,0
4936,0.3975102626529549,1,0,0
4098,0.3975102626529549,1,0,0
4557,0.3974671234257206,1,0,0
10894,0.39736772918777713,0,0,0
6002,0.3973627548748175,0,0,0
2412,0.3973487171547988,1,0,0
5037,0.39731888192922754,0,0,0
11380,0.3972998713659621,1,0,0
2080,0.3972584757633949,1,0,0
889,0.3972584757633949,0,0,0
6979,0.3972584757633949,0,0,0
7535,0.3970788931536725,1,1,0
7912,0.3970273836365493,1,0,0
2266,0.39694668266792466,1,0,0
2031,0.39681502579162725,1,0,0
8855,0.3968002778627973,1,0,0
12376,0.3968002778627973,1,0,0
3863,0.3967538090333719,1,0,0
3049,0.3966973168948631,1,0,0
2464,0.396336931958441,0,1,0
4573,0.396336931958441,1,0,0
9954,0.39627718630536746,1,1,0
609,0.3962564687111891,1,0,0
11240,0.3962564687111891,1,0,0
1369,0.3962564687111891,0,0,0
10249,0.3962564687111891,1,0,0
10983,0.3962564687111891,0,0,0
9385,0.3962413124111007,1,1,0
9707,0.3962082694735074,1,0,0
3130,0.396155289988374,1,0,0
2209,0.3961516353390135,1,1,0
6529,0.39611237037216945,1,0,0
11923,0.39611237037216945,0,0,0
11812,0.3959991528104621,0,0,0
11047,0.3959906155467305,0,1,0
1142,0.39593631939880886,1,1,0
4848,0.3958833477699761,1,0,0
11040,0.39587527735044964,1,0,0
732,0.39585793119856105,1,0,0
1411,0.3956620594591595,0,0,0
6450,0.3956620594591595,1,1,0
7048,0.39564146399842537,1,0,0
10921,0.39559012696464296,1,0,0
5105,0.39559012696464296,1,0,0
12068,0.39559012696464296,1,0,0
9428,0.39554324930521123,1,0,0
9841,0.39554324930521123,1,0,0
3035,0.395431559802936,1,0,0
3867,0.395431559802936,0,0,0
4359,0.395221206084703,1,0,0
7573,0.3951531254015466,0,0,0
4157,0.39513477447323614,1,0,0
6079,0.3950808437126645,1,0,0
610,0.3949269133731438,1,0,0
9640,0.394887215340587,0,0,0
9443,0.394887215340587,1,1,0
11546,0.39468854292665023,1,0,0
11875,0.39468414150397657,0,0,0
9720,0.3946220473098689,0,0,0
4733,0.39450827068913225,1,1,0
78,0.39445765449543974,1,0,0
12490,0.3944428236087153,1,0,0
1135,0.39440806715222704,1,1,0
5219,0.3943425351181952,1,0,0
8270,0.3943122456099913,1,1,0
693,0.3942897883850431,0,0,0
10776,0.3942897883850431,1,0,0
1628,0.3942897883850431,0,0,0
7074,0.3942897883850431,1,0,0
11445,0.3942897883850431,1,0,0
8100,0.39426218318725936,1,0,0
11761,0.39419666244154083,1,0,0
1023,0.39409562632644424,1,0,0
4981,0.39398106431200347,0,0,0
1690,0.39390889970217513,0,1,0
362,0.3938229772611511,0,0,0
7620,0.3938152773240291,1,0,0
10394,0.3938152773240291,1,0,0
11638,0.3937208132210249,1,0,0
12440,0.3937044852799421,0,0,0
4934,0.39365541225681644,1,0,0
887,0.3936498438626543,0,0,0
29,0.39360791110994814,1,0,0
10979,0.39350695558158966,0,0,0
12189,0.3933220958547691,0,0,0
8848,0.39327293649723893,1,0,0
5907,0.39321127794893995,0,0,0
8530,0.39319769986145625,1,0,0
11474,0.39318612032030126,0,0,0
11489,0.3931610703622801,1,0,0
12156,0.393079142524538,0,0,0
7801,0.39300610328400326,0,0,0
10208,0.3929892633053156,1,0,0
2318,0.3928100371642476,1,1,0
12648,0.39280835090657684,1,0,0
4660,0.39280835090657684,1,0,0
1256,0.39280835090657684,1,0,0
12636,0.39280835090657684,1,0,0
11371,0.39280835090657684,1,0,0
9173,0.3928058296286437,1,0,0
10881,0.39270869158058347,1,0,0
2299,0.3926567824851538,1,0,0
5688,0.3926127012074643,1,0,0
10262,0.3926127012074643,0,0,0
9273,0.3925946534433658,1,0,0
5522,0.3925946534433658,1,0,0
5791,0.3924544751251756,1,0,0
2923,0.3923060078020068,1,1,0
2165,0.3923060078020068,1,0,0
7336,0.3923060078020068,1,0,0
5843,0.39222674140843233,0,0,0
4454,0.39217298571241077,1,1,0
4438,0.3921406878436705,1,1,0
7989,0.3921405924677406,1,0,0
8292,0.39212724266010063,1,0,0
4619,0.3920523714914256,1,0,0
7583,0.39201521761229574,1,1,0
12622,0.3919596806059889,1,0,0
2277,0.391892684749657,1,0,0
804,0.3918868314471944,0,0,0
10892,0.3918810975399508,1,0,0
7451,0.3918810975399508,0,0,0
4654,0.39183422781238214,0,0,0
1489,0.3917759854394592,1,1,0
4800,0.39177027280326654,0,0,0
12352,0.39175680805893864,1,0,0
2683,0.39175680805893864,1,0,0
7410,0.39175680805893864,1,0,0
8213,0.39171935200149244,0,0,0
12119,0.39171935200149244,1,0,0
4692,0.3917117433274798,1,0,0
6584,0.3915729128118679,1,0,0
250,0.391555754467017,1,0,0
1161,0.3915133306053647,0,0,0
2099,0.3915133306053647,0,0,0
2047,0.3913899216849702,0,0,0
3789,0.39133986208950755,1,0,0
7037,0.3913190117034473,1,0,0
216,0.3913190117034473,1,0,0
3945,0.3913190117034473,1,0,0
7942,0.39131047891747545,0,1,0
394,0.39131047891747545,1,0,0
279,0.391305819104119,1,0,0
2595,0.39121478342668287,0,0,0
2539,0.3912010561037601,0,0,0
4059,0.3912010561037601,1,0,0
5478,0.3911978769308554,1,0,0
10485,0.3911831136138393,1,0,0
4236,0.3910465265095509,1,0,0
7059,0.3910465265095509,1,0,0
184,0.3909194778205818,0,0,0
8536,0.3909140067793383,1,0,0
1492,0.39090513123396864,0,0,0
4949,0.39083655085093344,1,0,0
5602,0.39077690697869794,0,0,0
9193,0.39074344937277805,0,0,0
6155,0.39073153927762455,1,0,0
4729,0.39069066262110674,0,0,0
11105,0.3906788348298685,1,0,0
11958,0.3906788348298685,1,0,0
10407,0.39064420869356203,0,0,0
846,0.39064420869356203,1,1,0
9910,0.3906104458909342,1,0,0
7841,0.3906104458909342,1,0,0
6491,0.3906042143169177,1,0,0
2001,0.39060330852842334,1,0,0
11287,0.39059647801263003,1,0,0
11069,0.39059647801263003,1,1,0
11291,0.3905852594115983,1,0,0
2986,0.39054200935175165,1,0,0
7403,0.3904626720758972,1,0,0
9509,0.3904077788542949,0,0,0
6289,0.3903983624258554,1,0,0
5489,0.39024273458551834,1,0,0
5917,0.39022170352155455,0,0,0
11021,0.390221532172884,1,1,0
7653,0.3901627087588128,1,0,0
696,0.39010997833608974,1,1,0
98,0.3900947034640341,1,0,0
11386,0.39005105952555824,1,0,0
11543,0.3899516825344349,1,0,0
5518,0.3899302668103732,1,0,0
7492,0.3898239110041726,1,0,0
7915,0.38974790841364065,1,0,0
3579,0.3896727657309599,1,0,0
6671,0.3896363472556372,1,1,0
8109,0.3895458467103326,0,0,0
1767,0.3895158374230047,0,0,0
4302,0.38947827101000665,1,0,0
4712,0.389456352680686,1,0,0
24,0.389456352680686,1,0,0
9191,0.389456352680686,1,0,0
9125,0.389456352680686,1,0,0
11868,0.389456352680686,1,0,0
2477,0.389456352680686,0,0,0
11018,0.389456352680686,0,0,0
3247,0.389456352680686,1,0,0
6186,0.389456352680686,1,1,0
7079,0.389440784343842,1,0,0
10868,0.389440784343842,0,0,0
9636,0.3893944687829117,1,0,0
6816,0.38934719053358235,1,1,0
3995,0.38934719053358235,1,0,0
1512,0.38934719053358235,1,0,0
7161,0.38934719053358235,1,0,0
3350,0.38934719053358235,1,0,0
10089,0.38934719053358235,0,0,0
11912,0.38934719053358235,0,0,0
12475,0.38934719053358235,1,0,0
11435,0.38934719053358235,1,0,0
11401,0.38934719053358235,1,0,0
12573,0.38934719053358235,0,0,0
5582,0.38934719053358235,1,1,0
8636,0.38934719053358235,1,0,0
2458,0.38934719053358235,0,0,0
10342,0.3893383165405037,1,1,1
6539,0.38920384268882185,0,0,0
11735,0.3891918699466221,1,0,0
9755,0.3891434326738195,1,0,0
3371,0.3891434326738195,0,0,0
9165,0.3891434326738195,1,0,0
3616,0.38912399441641826,1,0,0
7863,0.38902588922553016,1,1,0
10591,0.38900979788146145,1,0,0
8092,0.38899646182977915,1,0,0
3008,0.388995836393483,1,0,0
10448,0.3889759374862451,1,0,0
6771,0.3889044246630649,1,1,0
4212,0.38875324834272185,1,0,0
1030,0.38871593005872307,0,0,0
7490,0.38871593005872307,1,0,0
5621,0.3886775449012126,0,0,0
10702,0.3886527257425331,1,0,0
3888,0.3886344409885713,1,0,0
11520,0.3886344409885713,1,0,0
5983,0.3886344409885713,0,0,0
10054,0.38861126841682564,1,0,0
2258,0.3885574470869571,0,0,0
10491,0.38853642039525327,1,0,0
3194,0.3884989324346363,1,0,0
341,0.38842468059847546,1,1,0
10477,0.3883996768861248,1,1,0
12699,0.3883909096147369,1,1,1
8751,0.3883759329357481,1,0,0
1315,0.3883720621696256,1,0,0
1695,0.3883094922458424,1,0,0
12014,0.3883061740312891,0,0,0
1583,0.38828357525739593,0,0,0
1350,0.38822313738640396,0,0,0
5679,0.38818620467012116,1,0,0
5357,0.38818620467012116,1,0,0
9898,0.38818620467012116,1,1,0
11079,0.38818620467012116,1,0,0
6980,0.38818620467012116,1,0,0
4284,0.3881456496778859,0,0,0
4970,0.3881386038584645,0,0,0
59,0.3881386038584645,1,0,0
3682,0.3881386038584645,0,0,0
12639,0.3881386038584645,0,0,0
7716,0.3881386038584645,1,1,0
5786,0.3881161331001925,0,0,0
8993,0.38806000651583483,0,0,0
9233,0.3880220651817935,1,1,0
4421,0.3879864353126598,1,0,0
8104,0.387946518022501,1,0,0
7239,0.3878550471682239,1,0,0
7340,0.38780687229726324,1,0,0
5780,0.38780687229726324,1,1,0
11600,0.38774648517036114,1,0,0
9546,0.387740407781825,0,0,0
6895,0.387740407781825,1,0,0
1744,0.38770051249861837,0,0,0
3907,0.3876753914998841,0,0,0
6766,0.38766446850270997,0,0,0
638,0.38762388461115216,1,0,0
3919,0.3875781238324639,1,1,0
6972,0.3875781238324639,1,0,0
9246,0.3875781238324639,1,0,0
4387,0.3875781238324639,1,1,0
6366,0.3875781238324639,0,0,0
1249,0.3875781238324639,0,0,0
6790,0.3875781238324639,1,0,0
12441,0.3875781238324639,1,0,0
5769,0.3875781238324639,1,0,0
10162,0.3875781238324639,1,0,0
11442,0.3875781238324639,0,1,0
219,0.3875781238324639,1,0,0
2533,0.3875781238324639,1,0,0
3719,0.3875781238324639,1,0,0
1057,0.3875781238324639,1,0,0
9665,0.3875781238324639,1,0,0
1194,0.3875781238324639,1,0,0
1906,0.387559923661834,0,1,0
6693,0.38752615653343087,0,0,0
9116,0.38750983659612054,0,0,0
5072,0.38741727832144296,0,1,0
11696,0.3873450909536553,1,0,0
12580,0.38727149334774574,1,0,0
6136,0.38725465069529524,1,0,0
1287,0.3872499133661232,1,0,0
5005,0.38722314317484424,0,0,0
599,0.38717930555939156,1,0,0
5233,0.38713418197739397,1,0,0
2851,0.38713418197739397,0,0,0
11027,0.38712871430122353,1,0,0
2180,0.3869153357911761,1,0,0
11878,0.3869153357911761,1,0,0
5660,0.3869153357911761,1,0,0
8629,0.3868725303720559,0,0,0
8915,0.3867602962113732,1,0,0
885,0.3867358892071522,0,0,0
5226,0.38668706509604167,1,0,0
8899,0.38668514754360833,1,0,0
12045,0.38658528475019394,1,1,0
12301,0.386565584686594,1,0,0
3018,0.3865314319274293,0,0,0
9295,0.3865314319274293,1,0,0
4095,0.3865314319274293,0,0,0
1225,0.3865314319274293,1,0,0
5423,0.3865314319274293,1,0,0
7838,0.3865314319274293,0,0,0
12379,0.3865314319274293,0,0,0
255,0.3865314319274293,1,0,0
7842,0.3865314319274293,1,0,0
12258,0.3864516179387906,1,0,0
8648,0.3863904283917012,0,0,0
9361,0.38637732458037216,1,0,0
10917,0.38631995432429944,0,0,0
2479,0.3862394858028558,1,0,0
9449,0.38618725847394,1,0,0
2123,0.38618725847394,1,0,0
11415,0.386180003366921,1,0,0
1938,0.3861664039096601,1,0,0
6647,0.3860743810034403,1,1,0
11076,0.38584025136872785,1,1,1
9669,0.3857124960755061,0,0,0
12381,0.3857124290884891,1,0,0
2490,0.3855266711423301,1,1,0
6073,0.3854578426108157,1,0,0
8030,0.3854267451764741,1,1,0
2020,0.3852856277306907,1,0,0
7692,0.38519654686060467,1,0,0
6434,0.38515115436566644,0,0,0
7126,0.3850932866241841,1,0,0
5428,0.38507433026681137,1,0,0
3309,0.38501541876896855,1,0,0
5521,0.38501541876896855,0,0,0
5742,0.38499862284009123,1,0,0
657,0.3849457592712446,1,0,0
2765,0.3849275776242153,1,0,0
10277,0.38487308417212124,0,0,0
6131,0.3848599896545751,0,0,0
7280,0.3847991168124243,1,0,0
1997,0.3847144498198541,1,0,0
12777,0.3847144498198541,1,0,0
358,0.3847068071810923,0,1,0
6526,0.38470257714226896,1,0,0
8980,0.38470257714226896,1,0,0
2407,0.3846554090982379,1,0,0
7545,0.38459781438644147,1,0,0
5954,0.3845231335368022,1,1,0
1208,0.3845231335368022,0,0,0
11990,0.3844721721765258,1,0,0
7589,0.38445942738782285,0,0,0
5635,0.384450689785822,1,0,0
7460,0.384450689785822,0,0,0
10614,0.384450689785822,1,0,0
2317,0.3844256207037472,0,0,0
6674,0.3844256207037472,1,0,0
12401,0.3844256207037472,1,0,0
6776,0.3844256207037472,1,0,0
4078,0.3844256207037472,0,0,0
656,0.3844256207037472,0,0,0
5440,0.3844147968754283,0,1,0
4687,0.3843712799446645,1,0,0
2790,0.38435523828768225,1,0,0
8699,0.38433618562297805,1,0,0
10835,0.3842979573286755,1,0,0
12481,0.3842979573286755,1,0,0
6144,0.38419004318987016,1,0,0
2871,0.38419004318987016,0,0,0
1736,0.38413991295745387,1,0,0
3577,0.3841054434381622,0,0,0
6975,0.3841054434381622,1,0,0
11081,0.38408039403802285,1,0,0
2508,0.38407457073125234,0,0,0
3275,0.38407242689097576,1,0,0
4647,0.3839978508905398,1,0,0
4574,0.38384959543413544,1,0,0
2699,0.38383002849782305,1,0,0
7568,0.383751049847109,1,0,0
9820,0.38372160249380244,0,0,0
135,0.38352205433736913,0,0,0
4639,0.3835170699002985,0,0,0
8327,0.3835133718525748,1,0,0
1087,0.3835133718525748,0,1,0
426,0.3835133718525748,1,0,0
8841,0.383406639655122,0,0,0
9863,0.3833223154116161,1,0,0
9615,0.383304394971356,1,0,0
7156,0.383304394971356,0,0,0
8655,0.3832484131157862,1,0,0
1549,0.38323702477810767,1,0,0
11810,0.3831239896025955,1,0,0
4705,0.3831239896025955,1,0,0
3145,0.38311369158275627,1,0,0
3147,0.38302435534304785,1,1,0
11745,0.38302435534304785,1,0,0
11951,0.38297213536756164,0,0,0
9989,0.38285563759562885,0,0,0
1705,0.3827640634869538,1,0,0
1184,0.38275805970759785,1,1,0
8344,0.38274608977200336,1,0,0
11703,0.3827054348064864,0,0,0
9237,0.3827025017711907,0,0,0
6221,0.3827008170937961,0,0,0
7075,0.38265831755583074,1,0,0
9224,0.38262962498466074,0,0,0
632,0.38260183546047377,1,0,0
12670,0.3825855642072795,1,0,0
7301,0.3825806014149148,0,0,0
3286,0.3825558394902115,1,0,0
3297,0.38250334973368294,0,0,0
7365,0.3824520406365913,1,0,0
2855,0.3824459536388606,0,0,0
4722,0.382373279970832,1,1,0
5477,0.3823580420839525,1,0,0
5727,0.38222356520684364,0,0,0
8768,0.3819581221277195,0,0,0
9963,0.3819428375583073,0,0,0
2550,0.3819252461386494,0,0,0
396,0.38187646394652613,0,0,0
5138,0.3818371882614288,1,0,0
1974,0.3817651827131544,0,0,0
151,0.3817651827131544,0,0,0
11561,0.38176155453806854,1,0,0
11611,0.3817234060993022,0,0,0
8282,0.3816641716353885,1,0,0
5014,0.3816141638172302,0,0,0
9115,0.3816141638172302,1,1,0
5668,0.38159260610738976,0,0,0
3942,0.38152495769465006,0,0,0
8640,0.38151784505864816,0,0,0
12449,0.38138769760116864,0,0,0
3358,0.38134641481208814,0,0,0
8013,0.3811608869777551,0,0,0
8299,0.3810561131845076,1,0,0
10865,0.3809896610213883,1,1,0
11070,0.3809678118134474,1,1,0
5524,0.3809678118134474,1,0,0
11897,0.3809392221666049,1,0,0
3393,0.38092389175283636,1,0,0
9080,0.38092389175283636,1,0,0
7262,0.38092389175283636,1,0,0
8240,0.3809193491417363,1,0,0
6001,0.38085117904201377,1,0,0
2353,0.380810518361058,1,0,0
6034,0.38078000057603484,1,0,0
11796,0.38078000057603484,1,0,0
2804,0.38066926024534187,1,0,0
7514,0.380592875562319,1,1,1
12207,0.38042341811413866,1,0,0
427,0.3804040835261922,1,0,0
1726,0.3802637405866143,0,0,0
9323,0.3802145548745891,0,0,0
6424,0.38016463386376875,1,0,0
1859,0.38016463386376875,1,0,0
12245,0.3801540608582365,1,0,0
749,0.38003982737676384,1,0,0
1980,0.38003982737676384,1,0,0
8628,0.38003982737676384,0,0,0
10523,0.38003982737676384,1,0,0
4318,0.38003982737676384,0,0,0
9780,0.38003982737676384,1,0,0
4457,0.38003982737676384,0,0,0
6325,0.38003982737676384,1,1,0
4549,0.37998836943402803,1,0,0
3866,0.3798495662235263,0,0,0
6276,0.37969467188874995,0,0,0
10582,0.37953954764871134,1,0,0
3000,0.37953954764871134,1,0,0
5700,0.37953954764871134,0,0,0
12243,0.37953954764871134,0,0,0
2860,0.37953954764871134,0,0,0
10717,0.37953954764871134,1,0,0
6105,0.37953954764871134,1,0,0
308,0.37949419133686163,1,0,0
5821,0.3794539964677753,1,1,0
7560,0.3792614830232724,1,0,0
6242,0.3792380266943325,0,0,0
5353,0.3791551778324658,1,1,0
10509,0.3791277107572002,0,0,0
11673,0.3790954708246321,1,0,0
7576,0.3790816876405077,0,0,0
4890,0.37905875797964955,0,0,0
8159,0.3789347728429064,1,0,0
5385,0.37890215777537967,1,0,0
4633,0.3788616103096228,1,0,0
12044,0.3787537194094859,0,0,0
8002,0.3786395443704968,0,0,0
3209,0.3786092752537466,0,0,0
1428,0.3786092752537466,0,0,0
11791,0.3785164875759105,1,0,0
7633,0.37845711536185095,0,0,0
2987,0.3784355309462842,0,0,0
11536,0.3784275008271641,1,1,0
2565,0.3783099494927423,0,0,0
204,0.37821190296630564,1,0,0
2731,0.37814249413058004,1,0,0
2758,0.3780503340698027,0,0,0
3494,0.378024559558849,1,1,0
9465,0.37801296438453635,1,0,0
12447,0.3779747895553539,1,0,0
8921,0.3779747895553539,0,0,0
2835,0.3779747895553539,1,1,0
10706,0.3779747895553539,1,0,0
2248,0.37793521682411596,0,0,0
9676,0.37793521682411596,1,0,0
1553,0.37793521682411596,0,0,0
7238,0.37793521682411596,0,0,0
7377,0.37793521682411596,0,0,0
2168,0.3778726369991403,1,0,0
4789,0.37782436404353736,1,0,0
2719,0.3778042687766816,1,0,0
4211,0.3778042687766816,1,0,0
11385,0.3778042687766816,1,0,0
1183,0.3776605843563001,0,0,0
1050,0.37763846419901054,0,0,0
7745,0.377560140072291,1,0,0
11055,0.377560140072291,1,0,0
6592,0.3775360722458833,1,0,0
10007,0.3774648891720316,1,0,0
5578,0.3774065043906549,1,0,0
11253,0.37736570443632195,0,1,0
10303,0.3772638981342407,0,0,0
7408,0.37692644739841735,1,1,0
5313,0.3769216343936534,1,0,0
10224,0.3769040494166028,1,0,0
4081,0.3768846948571532,1,0,0
6259,0.376822728507528,0,0,0
1822,0.3767372148923917,1,0,0
4030,0.376673050616726,1,0,0
7063,0.37666602334597776,1,0,0
2599,0.3766229234222677,1,0,0
537,0.3766229234222677,0,0,0
510,0.3764697431897149,1,0,0
7971,0.37643735278532775,1,1,0
2691,0.37643735278532775,0,0,0
6562,0.37643735278532775,1,0,0
4900,0.37643735278532775,0,0,0
3166,0.37643735278532775,1,0,0
9832,0.37643735278532775,1,0,0
2436,0.37643735278532775,1,1,0
5133,0.37643735278532775,0,0,0
5262,0.3764000433492981,1,0,0
4796,0.3763259923860072,0,0,0
8678,0.3762946240134727,0,0,0
7256,0.3762594986471379,1,0,0
12365,0.3762594986471379,1,0,0
10805,0.3762594986471379,1,0,0
2032,0.37622908121848864,0,0,0
5147,0.3762249339905211,1,0,0
3558,0.3760118566733814,1,0,0
2417,0.37597236523624705,1,0,0
3611,0.3759678192643366,1,0,0
9683,0.3759678192643366,1,0,0
6881,0.37595031951426855,1,0,0
7702,0.3758998034602027,0,0,0
9982,0.37569597521009684,1,1,0
11537,0.3756768355529833,1,0,0
12717,0.37552853105226175,1,0,0
8888,0.37552853105226175,1,0,0
2231,0.37552853105226175,1,0,0
5752,0.3755279209351298,1,0,0
1262,0.3754776779471859,1,0,0
11457,0.37530574644286846,1,0,0
1169,0.37528017337104475,1,1,0
6062,0.37523575960416444,0,0,0
6735,0.37502818100221486,0,0,0
5533,0.37497656402371515,0,0,0
213,0.37491463264699987,1,0,0
6374,0.3749140470386712,1,0,0
6559,0.37490675142225466,1,0,0
5389,0.37487109903304766,1,0,0
7302,0.37487109903304766,0,0,0
11450,0.3748682242798517,0,0,0
3699,0.3748424048908791,0,0,0
6545,0.3747514432154415,1,0,0
8598,0.37473038651564206,1,0,0
11578,0.37460347182297216,1,0,0
5719,0.374557202181772,0,0,0
7888,0.374557202181772,1,0,0
5999,0.374557202181772,1,0,0
4556,0.37450574662440134,1,0,0
190,0.3744447496002623,1,0,0
10439,0.3744187819591905,1,0,0
10932,0.37439356235582,1,0,0
5746,0.3743772245267264,1,0,0
1896,0.374335090037167,1,0,0
4782,0.37432600505271685,1,1,0
2891,0.37429536189233187,1,0,0
8956,0.3742895890802186,1,1,0
4855,0.374285661811127,1,0,0
8490,0.3741908615742677,1,0,0
6363,0.3740925697625147,1,0,0
9811,0.37402201499921944,0,0,0
6119,0.37402201499921944,1,0,0
6996,0.37385956666689985,1,0,0
8274,0.37385956666689985,1,0,0
10559,0.37378790898532627,1,0,0
10990,0.37367662265763074,0,1,0
12289,0.37367662265763074,0,0,0
5926,0.373576110039443,1,0,0
12682,0.3735471284418274,1,0,0
7660,0.37344593686921335,0,0,0
6872,0.37344593686921335,1,1,0
7051,0.3733755403884494,1,1,0
11753,0.37324346491634985,1,0,0
4927,0.37324346491634985,1,1,0
11198,0.3732003599410218,1,0,0
4216,0.3731915749247431,1,0,0
11162,0.3731915749247431,1,0,0
3278,0.3731915749247431,1,0,0
314,0.3731631690269327,1,0,0
9033,0.3731557039936136,1,0,0
10133,0.3730670771809052,1,0,0
3647,0.3730363444649569,0,0,0
11526,0.3730363444649569,0,0,0
386,0.37303413812478825,1,0,0
767,0.3729136144257333,0,0,0
1582,0.37286905813036914,1,1,0
923,0.37283428568480564,1,0,0
11101,0.37282339923476343,1,1,0
1905,0.37278404282353095,0,0,0
3950,0.37271645445540635,1,0,0
9225,0.3726994512279766,1,0,0
10597,0.3726383747313006,0,1,0
3377,0.3724655298693506,1,1,0
11694,0.3724163833682429,1,0,0
9238,0.3724076187504181,0,1,0
7990,0.3723999817265778,1,1,0
4312,0.37238504496505814,1,1,0
7512,0.37236335566936696,1,0,0
8840,0.3722482982750942,1,0,0
9646,0.3722482982750942,0,0,0
2959,0.3722482982750942,1,0,0
10268,0.3722482982750942,0,0,0
8178,0.37216267797918084,1,0,0
7057,0.3721613937892142,1,1,1
2040,0.3721613937892142,1,0,0
6809,0.3721603758685324,1,0,0
11872,0.3721335088094435,0,0,0
6742,0.3721335088094435,0,0,0
11932,0.37210327328891213,0,0,0
4377,0.3720978400765797,1,0,0
6716,0.3720759809367649,0,0,0
4791,0.372028082382197,1,0,0
5314,0.372028082382197,1,0,0
9697,0.372028082382197,1,0,0
872,0.372028082382197,0,0,0
6237,0.372028082382197,1,0,0
9547,0.372028082382197,0,0,0
262,0.37201560040560216,0,0,0
5545,0.37186130355580815,1,0,0
1633,0.37184605184956043,1,1,0
865,0.371840536319792,1,0,0
6516,0.3718298392790708,1,0,0
3783,0.3717776024384645,0,0,0
1941,0.37167682706214283,1,0,0
4011,0.3716506762201206,1,0,0
10732,0.3716506762201206,1,0,0
1956,0.37161220545341717,1,0,0
5316,0.37160193650770057,1,0,0
1434,0.3714173119490571,1,0,0
10229,0.3712798674764513,0,0,0
12611,0.37120754504346337,1,0,0
6490,0.37120754504346337,1,0,0
4963,0.3712075204726906,1,0,0
1723,0.3711772097051565,1,0,0
1424,0.37116367495065056,0,0,0
7927,0.3711157413824839,1,0,0
2088,0.37109130549486785,0,0,0
9889,0.37102203044019044,1,0,0
12198,0.37096574729718085,0,0,0
4823,0.37096574729718085,0,0,0
7824,0.3709309777933983,1,0,0
6602,0.3708136088404496,1,0,0
6297,0.37075096679303143,1,0,0
10830,0.3707116996299711,0,0,0
2348,0.37063966222068156,1,0,0
7421,0.3704829697609722,1,0,0
8804,0.3704829697609722,0,0,0
1423,0.3704076142850215,1,1,0
8007,0.37033583291753647,0,0,0
66,0.37021256050136125,1,1,0
1460,0.3700412644555313,1,1,0
7251,0.3700407265360417,0,0,0
501,0.37002988662660136,1,0,0
3717,0.3700221815731148,0,0,0
6326,0.3698411510278689,1,1,0
6243,0.36978856227350787,0,0,0
995,0.3696527999841,1,0,0
2421,0.3696527999841,1,0,0
11554,0.36963987747228577,1,1,0
11744,0.36963524459504316,0,0,0
5176,0.3696109329897637,1,0,0
7193,0.369600658867054,1,0,0
3023,0.3695407421595281,1,0,0
6122,0.3695407421595281,0,0,0
3277,0.3695407421595281,1,0,0
9055,0.3695407421595281,1,0,0
3645,0.3695407421595281,0,0,0
3362,0.3695407421595281,1,1,0
10449,0.3695407421595281,1,0,0
3956,0.3695407421595281,1,0,0
4355,0.3695407421595281,1,0,0
10271,0.3695407421595281,1,0,0
3921,0.3695407421595281,1,1,0
10829,0.3695407421595281,1,0,0
12550,0.3695407421595281,0,1,0
5859,0.3695407421595281,1,0,0
1421,0.3695407421595281,1,0,0
4689,0.3695407421595281,0,0,0
12336,0.3695407421595281,1,0,0
3426,0.3695233747546536,1,0,0
7768,0.3695233747546536,0,0,0
3220,0.36948569042286145,0,0,0
4381,0.3694830603955307,1,0,0
1806,0.3694605945006446,0,0,0
1015,0.3693684936973177,1,0,0
11523,0.3692963983584172,0,0,0
12229,0.3692963983584172,1,0,0
7687,0.36927173945483144,1,0,0
5527,0.36897390189656015,1,0,0
4185,0.3689383388603225,0,0,0
10721,0.36857295168291937,1,0,0
3817,0.3684412542051336,0,0,0
9733,0.36843616409133545,1,0,0
3085,0.36841722369221064,1,0,0
8320,0.36841722369221064,1,0,0
9195,0.36835111373307716,1,0,0
12651,0.36832272937837185,0,0,0
3655,0.3682425859527332,1,1,0
11152,0.3682325378725842,0,0,0
1927,0.3682139056344708,1,0,0
8682,0.3679127499628283,0,0,0
2583,0.36790319349708384,1,0,0
7300,0.36790261391295837,0,0,0
11688,0.36787360766312316,1,0,0
4872,0.36782282268202504,1,0,0
6630,0.3677324575695159,1,0,0
11799,0.3677247670964937,1,0,0
9020,0.3674897622692985,1,0,0
11906,0.36747008529190517,1,0,0
22,0.36747008529190517,1,0,0
11957,0.3673766885217335,1,0,0
8608,0.3673766885217335,1,0,0
955,0.36736448963894547,0,1,0
11768,0.36736448963894547,0,0,0
11299,0.3673253717716746,0,0,0
6971,0.3673221625097744,1,0,0
6429,0.3673221625097744,0,0,0
10328,0.36730016568551643,1,0,0
4674,0.36715847224799325,0,0,0
10161,0.3670147079626897,0,0,0
1808,0.36696005583487085,0,0,0
11147,0.36692460627901263,1,1,0
2171,0.36688271477811785,1,0,0
5154,0.36684938930292565,0,0,0
3879,0.36676219540108196,0,0,0
5858,0.36675658223882435,0,1,0
8343,0.36670436879592916,0,0,0
10383,0.366689025681424,1,0,0
9153,0.3665778953887985,1,0,0
4969,0.3665388127516929,1,0,0
4469,0.3665246665250879,1,0,0
10245,0.3663801953753456,1,0,0
10568,0.36635428268254067,1,0,0
5969,0.36632454588380925,0,0,0
565,0.36632454588380925,1,0,0
10726,0.36632454588380925,0,0,0
1396,0.36632454588380925,0,0,0
5499,0.36632454588380925,0,0,0
5516,0.36632454588380925,1,0,0
2722,0.3662757806995337,0,0,0
9182,0.36624392873906475,1,0,0
9461,0.36615506602370684,1,0,0
7805,0.366150587451496,0,0,0
1201,0.366150587451496,1,0,0
3561,0.3661173879859548,0,0,0
1342,0.36606447715936424,0,0,0
10803,0.36591991600643253,1,1,0
7080,0.3658458273347263,0,0,0
5586,0.36581426206645673,1,0,0
11743,0.3657698977414828,1,0,0
10779,0.3657575835254537,1,0,0
6112,0.3657512800754921,1,0,0
12280,0.3657512800754921,0,0,0
1178,0.3657512800754921,0,0,0
424,0.3657512800754921,1,0,0
9968,0.3657512800754921,1,0,0
56,0.3657512800754921,0,0,0
6603,0.3657512800754921,1,0,0
8909,0.3657512800754921,0,0,0
5588,0.3657512800754921,1,0,0
9372,0.3657512800754921,1,0,0
4991,0.3657512800754921,0,0,0
6024,0.3657085680584027,0,0,0
5574,0.3656906080705599,0,0,0
6148,0.36568869176110286,1,1,0
3505,0.3656712209024298,1,0,0
12011,0.3656112416611479,1,0,0
4768,0.36544131622196685,1,0,0
5986,0.3653379366805721,0,0,0
1223,0.3653007672702162,1,1,0
7159,0.3652420492956353,1,0,0
12467,0.3651836069955269,1,0,0
10411,0.3651185539552403,0,0,0
1472,0.36504495133029957,1,0,0
3716,0.36502804985440457,1,0,0
498,0.36499407263386185,1,0,0
11505,0.3649383106130476,1,0,0
4898,0.3649090291514626,1,0,0
11089,0.3648267685802561,1,0,0
12138,0.3647883880374296,0,0,0
1957,0.3647087542944514,1,1,0
3966,0.3645177602986965,1,0,0
5432,0.3644978529214882,0,0,0
9464,0.3644978529214882,1,0,0
9702,0.3644978529214882,0,0,0
9595,0.36410778608300537,1,0,0
5566,0.36406604820020316,0,0,0
5083,0.36398483012980454,1,0,0
8548,0.36398483012980454,1,0,0
7338,0.36384074890683715,1,0,0
12293,0.36345028783056993,1,0,0
6228,0.3633854550137546,1,0,0
2414,0.36333442219636275,0,0,0
620,0.36309341631034087,1,0,0
1471,0.36300414901985345,1,0,0
8537,0.36300414901985345,0,0,0
2499,0.3629779592069654,1,0,0
956,0.3628993194074585,1,0,0
7694,0.3628352093869776,1,0,0
2259,0.36282547334141646,1,0,0
2628,0.3628153204664907,0,0,0
11063,0.3627847076576672,1,0,0
8237,0.362734484801881,1,1,0
6884,0.3624441924084889,1,0,0
2278,0.3623817985378045,1,0,0
8886,0.362343424838675,1,0,0
122,0.36231420567491107,1,0,0
737,0.3622468540056943,1,0,0
2423,0.3622160601451491,0,0,0
11659,0.3622160601451491,1,0,0
9487,0.3622160601451491,1,0,0
10244,0.3622160601451491,1,0,0
2324,0.3622160601451491,1,0,0
8449,0.3622160601451491,1,0,0
12672,0.3622160601451491,1,0,0
1514,0.3622160601451491,1,1,0
11176,0.3622160601451491,1,0,0
2944,0.3622160601451491,1,0,0
132,0.3622160601451491,1,0,0
10879,0.3622160601451491,1,0,0
7292,0.3622160601451491,0,0,0
5043,0.3622160601451491,1,0,0
5168,0.36208224875510076,1,0,0
9753,0.36203023164855275,0,0,0
9442,0.36188662008175,1,0,0
217,0.3617978345215685,1,0,0
5416,0.36178252800558436,1,0,0
5149,0.36175897045343286,1,0,0
8556,0.36175897045343286,1,0,0
12768,0.36164238514013286,1,0,0
7500,0.36162771027624796,0,0,0
653,0.36162771027624796,0,0,0
2608,0.36161848000396835,0,0,0
4831,0.36160585075582424,1,0,0
12541,0.36160585075582424,0,0,0
6022,0.3615980102706583,0,1,0
992,0.361499095286469,1,0,0
6470,0.3613840628750646,1,0,0
1235,0.3613178850082515,1,0,0
2859,0.36126315934622305,0,0,0
4972,0.36094598807490075,0,0,0
764,0.36094598807490075,0,0,0
12754,0.36090219818886254,0,0,0
8186,0.36080009942587676,1,0,0
10144,0.36080009942587676,0,0,0
12169,0.36073506029352315,0,0,0
12311,0.36066639308797643,1,0,0
7698,0.36066468587868866,1,0,0
5344,0.3605390427859326,1,0,0
1000,0.3604204202742098,0,0,0
4695,0.3604123831899166,1,0,0
2137,0.36036915333828995,1,0,0
3180,0.36036915333828995,1,0,0
6801,0.36036915333828995,1,0,0
3004,0.36036915333828995,1,0,0
6955,0.36036915333828995,1,0,0
2116,0.36036915333828995,0,0,0
51,0.36036915333828995,0,0,0
8609,0.36036915333828995,1,0,0
10567,0.36036915333828995,0,0,0
3447,0.36036915333828995,1,0,0
1985,0.36036915333828995,1,0,0
850,0.36036915333828995,1,0,0
8192,0.36036915333828995,0,0,0
11315,0.36036915333828995,1,0,0
205,0.36036915333828995,0,0,0
8586,0.36036915333828995,1,0,0
10478,0.36036915333828995,0,0,0
310,0.36036915333828995,1,0,0
8895,0.36036915333828995,0,0,0
1640,0.36036915333828995,1,0,0
11403,0.36027690726316247,1,0,0
6103,0.3602142701495489,1,0,0
25,0.36019572829917845,1,0,0
3208,0.36019572829917845,0,0,0
10663,0.36019572829917845,1,0,0
10987,0.36019572829917845,1,0,0
4914,0.36019572829917845,1,1,0
10236,0.36019572829917845,0,0,0
12107,0.36019572829917845,0,0,0
9893,0.3601855632467264,0,0,0
2970,0.36012665203753863,1,0,0
9593,0.36012665203753863,1,0,0
8937,0.3599643953864901,1,0,0
4055,0.35983432788502306,0,0,0
4378,0.35983432788502306,1,1,0
8989,0.35983432788502306,1,1,0
12361,0.35983432788502306,0,0,0
3795,0.35983432788502306,1,0,0
742,0.35983432788502306,1,0,0
11569,0.35983432788502306,1,0,0
893,0.35983432788502306,1,0,0
3534,0.35983432788502306,1,0,0
5054,0.35983432788502306,1,0,0
6124,0.35983432788502306,0,0,0
11693,0.35983432788502306,1,0,0
4140,0.3598153534624575,1,0,0
780,0.3597822492523364,1,1,0
7890,0.3597765822999891,0,0,0
8869,0.3597684189934813,1,1,0
3926,0.3597391556805844,0,0,0
8996,0.3597212045411925,1,0,0
1947,0.3596785242362966,0,0,0
5306,0.35964875366133425,1,0,0
3192,0.359635276609061,1,0,0
4761,0.3595965139511374,1,0,0
11825,0.3595531169117089,1,0,0
2346,0.35952728419201996,1,0,0
2452,0.35947141079099687,0,0,0
12563,0.3594524091330715,1,0,0
989,0.359187723661373,1,0,0
4020,0.3591244140782595,0,0,0
1800,0.35910165445031494,1,0,0
11422,0.35908583424943924,1,0,0
8289,0.35907502789594326,1,0,0
8781,0.3590461854748523,1,0,0
6309,0.359022539365021,1,0,0
7482,0.35892231260443225,1,0,0
627,0.35882704180037356,0,0,0
4740,0.35872582320685975,1,0,0
5766,0.3585840504908129,1,0,0
1133,0.35855476340946046,1,1,0
2780,0.35853616247670844,0,0,0
4172,0.35845782182451047,1,0,0
12031,0.35838161641618055,0,0,0
10055,0.3583478099751942,0,0,0
297,0.3582021791189079,0,0,0
12353,0.3581342617370258,1,0,0
5953,0.3581342617370258,1,0,0
2519,0.3580457164496435,1,0,0
12386,0.3578866434422703,1,0,0
824,0.3578783780047854,0,0,0
5084,0.3578695667017294,1,0,0
3960,0.3578695667017294,1,0,0
12191,0.35786140920288373,1,1,0
741,0.35783666940780734,1,0,0
6176,0.35782555278654743,1,0,0
819,0.3577979922922421,1,1,0
12741,0.357672274059275,1,0,0
8978,0.35755817549552804,1,1,0
5165,0.35755817549552804,1,1,0
2370,0.35755032236080325,0,0,0
6109,0.3574619881409918,1,0,0
2814,0.35737251314054924,1,0,0
11972,0.35722770818143085,0,0,0
12349,0.3572239680364251,1,0,0
7178,0.35720135686028287,0,0,0
6827,0.35717082296761954,0,0,0
11493,0.35717082296761954,0,0,0
8551,0.35705104014606387,1,0,0
5985,0.3565847087596454,1,0,0
8969,0.35655759051876523,0,0,0
10096,0.3565238393705768,1,0,0
12140,0.3564825130501107,1,1,1
5472,0.35639375930719863,1,0,0
2385,0.35639375930719863,0,0,0
2305,0.3562451337980784,0,1,1
150,0.3562001499767265,1,0,0
6467,0.35607366444604005,0,0,0
1727,0.35602325212112884,1,0,0
111,0.35602325212112884,1,1,0
4944,0.35602325212112884,1,0,0
10046,0.35602325212112884,1,0,0
11449,0.35602325212112884,1,0,0
8391,0.35602325212112884,0,0,0
376,0.35601672747907687,1,0,0
4987,0.3558619859414041,0,0,0
1236,0.3558619859414041,0,0,0
2388,0.35586046137585586,1,0,0
1112,0.35586046137585586,1,0,0
9433,0.35582094113774354,1,1,0
7364,0.35581390750714154,0,0,0
1691,0.35568216895297444,0,0,0
11416,0.35559895448556994,0,0,0
8831,0.3555869918722062,1,0,0
10182,0.355335105910197,0,0,0
12063,0.35524871779830947,0,0,0
8836,0.3552178064068186,1,0,0
10602,0.35516237249002963,0,0,0
12180,0.35512875578001857,0,0,0
3464,0.3550915433916827,1,0,0
9722,0.35506375042135413,0,0,0
5867,0.35506375042135413,1,0,0
8479,0.3550453901773527,0,0,0
11697,0.3550350465637946,0,0,0
7948,0.3549959524296095,1,0,0
6831,0.3549629255220251,1,0,0
4830,0.35489949318577124,1,1,0
7608,0.3548972070850145,0,0,0
7480,0.3548508830945748,1,1,0
3673,0.3548489038721495,0,0,0
1450,0.3548152117554299,1,0,0
12041,0.3548152117554299,1,0,0
11478,0.3547248082475702,1,0,0
4993,0.35472180831763733,1,1,0
3339,0.3547076709988828,1,0,0
9253,0.3546886646410146,1,0,0
5092,0.35450912829493,1,1,0
33,0.35447552963721163,0,1,0
8780,0.354372981948158,1,0,0
12759,0.35435790059852285,1,0,0
6948,0.35435790059852285,1,0,0
2932,0.35428743705009097,0,0,0
12290,0.3542771173876675,1,1,0
5441,0.3542520831428421,1,0,0
83,0.3542520831428421,1,1,0
772,0.3542138360525069,1,0,0
604,0.3541571843083879,1,0,0
2098,0.3541571843083879,1,0,0
11497,0.3541571843083879,1,0,0
9466,0.3541571843083879,1,1,0
3154,0.3541571843083879,1,0,0
9170,0.3540837775718474,1,0,0
4618,0.3539507814622768,1,0,0
10460,0.35385124974847887,1,0,0
7469,0.35385124974847887,1,0,0
3459,0.3538065956082074,1,0,0
5375,0.3535107285397646,0,0,0
282,0.3535107285397646,1,0,0
6134,0.3535107285397646,0,0,0
1769,0.3535107285397646,1,0,0
10728,0.3535107285397646,1,0,0
159,0.3534722616265944,1,0,0
5585,0.3534722616265944,0,0,0
90,0.35343940115648903,1,0,0
5295,0.3534209413200225,1,0,0
9513,0.3534068278324049,1,1,0
9703,0.35336597221492116,1,0,0
10524,0.35336597221492116,1,0,0
5415,0.35330838551695076,0,0,0
1247,0.3532981046094949,1,0,0
11584,0.35327063296957767,0,0,0
10283,0.3532699285900726,1,0,0
12505,0.3532699285900726,1,0,0
1701,0.3532699285900726,1,1,0
8256,0.3532699285900726,0,0,0
3182,0.35321729269286584,1,0,0
5897,0.3530584305621561,0,0,0
8016,0.3530444574697595,0,0,0
7711,0.3530444574697595,1,0,0
9398,0.3528014171094128,1,0,0
91,0.3526843582474769,0,0,0
6175,0.35266913592703925,1,0,0
3373,0.3524966416543533,1,0,0
1939,0.3524582249282451,1,0,0
2194,0.35243433565303234,1,0,0
11902,0.3524131519372443,1,0,0
2735,0.3523820025553773,1,0,0
551,0.35235119930350983,0,0,0
3121,0.3521909244257742,0,0,0
3674,0.35212684758298524,1,1,0
8607,0.35212684758298524,0,0,0
10086,0.35212684758298524,1,0,0
938,0.35212684758298524,1,0,0
10428,0.35212684758298524,1,0,0
11219,0.35212684758298524,0,0,0
11046,0.3521170052813414,0,0,0
7025,0.3521162053139248,1,0,0
9328,0.3520986443721305,1,0,0
12772,0.35208844924408106,1,0,0
8807,0.35208844924408106,1,0,0
5269,0.35208844924408106,1,0,0
9555,0.35208844924408106,1,0,0
7202,0.35208844924408106,1,1,0
2793,0.35208844924408106,0,0,0
11574,0.35208844924408106,0,0,0
9247,0.3520233013593452,1,0,0
5009,0.3520094744408507,1,0,0
3766,0.3520065884436368,1,1,0
12202,0.3519256331837361,1,0,0
3159,0.3518901095375138,1,0,0
9229,0.35187899145094936,1,0,0
562,0.3518290398774659,1,0,0
10595,0.3516930031878483,0,0,0
2465,0.3516909300427105,1,0,0
8515,0.3515942769749906,0,0,0
6712,0.351586219511271,1,1,0
1574,0.3515346956327062,1,0,0
2400,0.3514379193396834,1,0,0
49,0.35140377356083147,1,0,0
3202,0.35127046341969553,0,0,0
11250,0.35110836350800695,1,0,0
2967,0.3510654155669919,0,0,0
8883,0.3510654155669919,0,0,0
7489,0.3510654155669919,1,1,1
12318,0.35104710330081934,0,0,0
11207,0.35089253868216436,1,1,0
10287,0.3508421157680817,1,0,0
5600,0.3507020891132744,1,1,0
9347,0.3506011355682886,0,0,0
6076,0.35053264058629646,1,0,0
1622,0.35053264058629646,1,0,0
4743,0.35053264058629646,1,0,0
11255,0.35048881461350556,1,0,0
1826,0.35048881461350556,0,0,0
9935,0.35048881461350556,0,0,0
9629,0.35043208010527915,1,0,0
9641,0.35040332773139654,1,1,1
858,0.3503261350088215,1,0,0
12230,0.3502124855495886,1,0,0
4725,0.35020488977174746,0,0,0
9644,0.3501786211918429,1,0,0
521,0.3501786211918429,1,0,0
3169,0.3501676476871985,0,1,0
11433,0.3500474654000459,1,1,0
2917,0.34996756704765913,0,0,0
2085,0.34996756704765913,1,0,0
999,0.34995083934615595,1,1,0
2359,0.349881281287151,1,0,0
10777,0.34987633527918593,1,0,0
3298,0.3498454330295824,0,0,0
3533,0.3497499111824477,1,0,0
9607,0.3497159055864663,0,1,0
7642,0.3497159055864663,1,0,0
1996,0.34958666175140574,1,0,0
3654,0.3495573414051754,0,0,0
2760,0.34955456164774873,0,0,0
1703,0.3495375835088628,1,0,0
4116,0.34946403326353986,1,0,0
2221,0.3494345948358598,1,1,0
11940,0.3494345948358598,1,0,0
2783,0.34922081371312547,1,0,0
3133,0.3492177647611029,1,1,0
4780,0.3492177647611029,0,0,0
5431,0.34920329801268357,1,0,0
11510,0.3491022974676289,1,0,0
4577,0.3489234920934193,0,1,0
11468,0.3488755247375672,1,0,0
4932,0.3487846001592489,0,0,0
1007,0.3487751612355643,1,1,0
468,0.3487751612355643,0,0,0
4126,0.3486861682298933,1,0,0
751,0.3486030480998979,1,0,0
6663,0.3485145822668347,1,0,0
4721,0.34847024252733005,1,0,0
124,0.34841405864444175,1,1,0
939,0.34808581675499295,1,0,0
12609,0.34806012119039237,1,0,0
4396,0.34805585637822034,0,0,0
440,0.3476109416347725,1,0,0
11775,0.34758510855550495,1,1,0
7877,0.3475834556003619,1,0,0
2830,0.3475834556003619,0,0,0
1645,0.3474473424668373,0,0,0
7839,0.3473856823734634,1,0,0
6916,0.3473837116496483,1,0,0
8259,0.34726320192483007,0,0,0
508,0.34724087389425334,1,1,0
6023,0.34717450518612025,0,0,0
12542,0.34703299720154074,0,0,0
7231,0.34701510436573724,1,0,0
3860,0.3469979049938905,0,0,0
7852,0.3468835417760956,1,0,0
7261,0.346875705784183,0,0,0
5424,0.3468248280054645,0,0,0
12729,0.34682361028615444,1,0,0
392,0.3468034716390378,0,0,0
161,0.3467901945177777,1,0,0
11334,0.3467724935068225,1,0,0
1543,0.34673377813728273,1,0,0
4522,0.34672824242356953,1,0,0
11730,0.34667625999551216,1,0,0
5504,0.34667625999551216,1,0,0
1043,0.34667625999551216,0,0,0
5895,0.34653240190155765,1,0,0
9897,0.34651875246048774,1,0,0
71,0.3464192711110963,1,0,0
3417,0.3464146137436779,1,0,0
6932,0.3461391031809192,1,0,0
9894,0.3461233650855069,1,0,0
3400,0.3459530697589464,1,0,0
1099,0.3459119154991503,1,1,1
8139,0.3459042574460117,1,0,0
3399,0.3459042574460117,1,0,0
10201,0.345805921262649,1,0,0
6893,0.345805921262649,1,0,0
10470,0.34577547466742714,1,0,0
6070,0.34575858958311184,1,0,0
9118,0.3457449500694066,1,0,0
3254,0.3457294415067789,0,0,0
9175,0.34570007158872407,1,0,0
11366,0.34569565942661495,1,0,0
12182,0.34561342692404645,1,0,0
7499,0.34548069723354163,1,0,0
5447,0.34547075154802914,1,1,0
11340,0.34541958227871894,0,0,0
2798,0.34537702190300695,1,0,0
3221,0.345349366671614,1,1,0
4365,0.34530307283601225,1,0,0
538,0.34525301755929266,0,0,0
4073,0.34525301755929266,0,0,0
11003,0.3449332047423049,0,0,0
9287,0.3448483238487,1,0,0
580,0.34478979478951666,1,0,0
7281,0.34476792942252027,1,0,0
9144,0.34476792942252027,1,0,0
10668,0.3447381331303885,1,1,0
10497,0.3447150952970048,0,0,0
12388,0.3445852182279752,0,0,0
6912,0.3443744055875025,0,0,0
18,0.3443701185296974,1,0,0
6107,0.3443701185296974,0,0,0
2724,0.3442919832704149,1,0,0
2403,0.34426625703933667,1,0,0
7,0.34392410340952817,1,0,0
7903,0.34391373111098344,1,1,0
3403,0.34386828113515416,1,0,0
12574,0.3438545644244982,0,0,0
319,0.3438027201044144,1,0,0
7987,0.3437685815325215,1,0,0
5495,0.34375800595371525,0,0,0
7523,0.3436926050954544,1,0,0
7437,0.3436858682095712,1,0,0
7273,0.343642049285261,1,0,0
7148,0.34361476098060384,1,0,0
2966,0.34361476098060384,0,0,0
12092,0.34357995770091254,1,0,0
12399,0.34357995770091254,1,0,0
2579,0.3435786399841933,0,0,0
2951,0.34355685913240985,1,0,0
3461,0.3435542451206602,0,0,0
6272,0.3434327802651035,0,0,0
6848,0.3434327802651035,1,0,0
1138,0.3434327802651035,1,0,0
2819,0.3434265689760041,1,0,0
6983,0.3434071472117384,1,0,0
8477,0.34340144953448276,1,0,0
8961,0.34340144953448276,1,0,0
6339,0.3433784902085715,1,0,0
5214,0.34335862546003154,1,1,0
7736,0.34335862546003154,0,0,0
10051,0.34324739292218964,1,0,0
1473,0.3432117609981032,0,0,0
145,0.3432020806835335,1,0,0
7274,0.34317281236143216,0,0,0
7609,0.34317281236143216,1,0,0
9674,0.34317281236143216,1,0,0
3859,0.34312405899858794,1,0,0
7012,0.34305815823158786,1,0,0
3818,0.343047283690075,1,1,0
8547,0.34288854492477655,0,0,0
789,0.34288854492477655,1,0,0
5371,0.34278088651982774,1,1,0
8521,0.3427737342678973,1,1,0
1242,0.34276905520149653,1,0,0
12413,0.34275891548956655,1,0,0
10716,0.3427475715123787,1,0,0
4710,0.3426873219415803,1,0,0
1475,0.34266430044694873,1,0,0
809,0.34266430044694873,0,1,0
8685,0.34265948466820534,1,0,0
9848,0.34262407391664546,1,0,0
1890,0.34262407391664546,1,0,0
2654,0.3425982902274112,1,0,0
10259,0.3425720093001269,1,0,0
5750,0.3425515155317496,1,0,0
4646,0.3425388213321708,0,0,0
11648,0.3425194660498303,1,0,0
3006,0.3425194660498303,1,0,0
7509,0.3425194660498303,0,1,0
256,0.3425194660498303,1,0,0
2598,0.34251314903964264,1,0,0
12145,0.34251314903964264,1,0,0
4299,0.34238354029740475,1,0,0
9567,0.34237416333323856,0,0,0
10754,0.3423362665407454,1,0,0
4964,0.3423362665407454,1,0,0
347,0.3423362665407454,0,0,0
8710,0.3423362665407454,0,0,0
7102,0.3423362665407454,0,0,0
8767,0.3423362665407454,1,0,0
6195,0.3422881822878677,1,0,0
10974,0.3422881822878677,1,0,0
10048,0.3421117860100755,0,0,0
11421,0.34202824824629396,1,0,0
12272,0.3419787746910612,1,1,0
2880,0.3419740922474095,1,0,0
10354,0.34169953672713826,1,0,0
10082,0.34169953672713826,1,0,0
6386,0.34169953672713826,0,0,0
5556,0.34169953672713826,1,0,0
9833,0.3415546872421776,1,1,0
624,0.3414017011520914,0,0,0
9228,0.34132516097335097,1,0,0
5754,0.34132516097335097,1,0,0
2523,0.34131014367201334,0,1,0
5454,0.34131014367201334,1,0,0
647,0.34131014367201334,1,0,0
8644,0.34125519221860257,1,0,0
5390,0.3411961089417525,0,0,0
8307,0.34118931972037336,1,1,1
7872,0.34113601902655066,1,1,1
9990,0.3411108105417866,0,0,0
1186,0.34110202006205637,1,0,0
8405,0.34110202006205637,1,0,0
4075,0.3410388236447626,0,0,0
209,0.34089781864298446,1,0,0
9396,0.34088474248480594,0,0,0
7574,0.34088280364203766,0,0,0
3665,0.34081654975328785,1,0,0
7769,0.3406152886449918,0,0,0
8026,0.3405027724506667,1,0,0
9480,0.3404876697855399,1,0,0
6358,0.34047430284352337,1,0,0
6789,0.3404605563096346,1,0,0
2681,0.34029575266156636,0,0,0
6346,0.34029575266156636,0,0,0
482,0.34029575266156636,1,0,0
11834,0.34029575266156636,1,0,0
9890,0.34029575266156636,1,0,0
1527,0.34029575266156636,1,0,0
12276,0.34029575266156636,1,0,0
9649,0.34029575266156636,1,0,0
9785,0.34029575266156636,0,0,0
11805,0.3402686370992585,0,0,0
4904,0.3402686370992585,1,0,0
2733,0.3402500882977753,1,0,0
7874,0.3398944867526616,1,0,0
11477,0.3398510748648571,0,0,0
960,0.3398442010023563,1,0,0
11391,0.3397852145218077,0,0,0
12000,0.33970821687710584,1,0,0
3219,0.3396727849978069,1,0,0
7929,0.3396512164741402,1,0,0
4759,0.3396129063732309,1,0,0
5997,0.33960870295156736,0,0,0
1918,0.3394313525766411,1,0,0
1425,0.33939675573715683,1,0,0
6800,0.3393710093914005,1,0,0
12640,0.3392759739767185,0,0,0
11216,0.33926866659458,1,0,0
2178,0.33919522151874215,1,0,0
4774,0.3391136677055812,1,1,0
4500,0.3391136677055812,0,0,0
7556,0.33908118193389936,0,0,0
2729,0.339065325026471,1,0,0
2007,0.3390599610795758,1,0,0
10545,0.33903623709746994,0,0,0
523,0.3390317294628029,0,0,0
2706,0.33901384419671743,1,0,0
1045,0.3389506799548669,1,0,0
5853,0.3389506799548669,1,0,0
10422,0.3389506799548669,0,0,0
199,0.3389506799548669,1,0,0
1988,0.3389506799548669,0,0,0
3897,0.3389506799548669,1,0,0
8480,0.3389506799548669,0,0,0
1674,0.3388958041902865,0,0,0
8795,0.33885547288669715,0,0,0
8679,0.3388515919886419,1,0,0
3100,0.3388515919886419,1,0,0
4696,0.3386511583191022,1,0,0
10978,0.338584098179498,1,0,0
7520,0.33847980902419833,1,1,0
11214,0.33847980902419833,1,0,0
5193,0.3384289706957063,1,1,0
6188,0.33834758803468834,1,0,0
12442,0.33828478010248786,0,0,0
803,0.33824710313971557,1,0,0
5204,0.33824710313971557,1,0,0
6432,0.33824710313971557,0,0,0
6901,0.3381535596795939,0,0,0
8431,0.3380644015245661,1,0,0
7857,0.33797542041815176,1,0,0
9467,0.3378643371233231,1,0,0
1643,0.3378643371233231,1,0,0
2495,0.3378128275865615,1,0,0
10341,0.33781028325210677,0,0,0
4383,0.33773655780507095,1,0,0
4738,0.3377274935584282,1,0,0
4065,0.337727462357748,0,0,0
794,0.337727462357748,1,0,0
11307,0.3377233562958485,0,0,0
247,0.3377071195055872,1,0,0
5153,0.33754430785725387,0,0,0
8412,0.33754430785725387,0,0,0
5119,0.33746280473524126,0,0,0
5229,0.33734922965096553,1,1,0
1246,0.3372735470751949,0,0,0
11681,0.3371925219014563,0,0,0
3891,0.3371455273388811,1,0,0
2476,0.33714020424476426,1,0,0
2009,0.33714020424476426,0,0,0
920,0.3370778019730198,0,0,0
6373,0.33706003186074024,1,0,0
9943,0.33706003186074024,1,0,0
8245,0.3370421479196403,0,0,0
5225,0.3370421479196403,1,0,0
4089,0.3370421479196403,1,0,0
9542,0.3370421479196403,1,0,0
899,0.3370421479196403,1,0,0
7279,0.3370421479196403,1,0,0
6441,0.3370421479196403,1,0,0
6554,0.3370421479196403,0,0,0
12510,0.3369698375978123,0,0,0
9491,0.3369077224857021,0,0,0
4146,0.33673475934518765,1,0,0
10808,0.33644036432410224,0,1,1
1747,0.33638201665583134,0,0,0
5964,0.33628168618252424,0,0,0
5311,0.33625894637830867,1,0,0
9478,0.33620535908751686,1,0,0
6862,0.3360647628183421,1,0,0
380,0.33605209851258344,1,0,0
10622,0.3360420884036463,1,0,0
1913,0.3359824034719466,0,0,0
1466,0.3359824034719466,1,1,0
11341,0.3359347144420835,1,0,0
7006,0.33591466283305343,1,0,0
10539,0.33571344926553653,0,0,0
11722,0.3356170935549869,1,0,0
7845,0.3356170935549869,1,0,0
11994,0.3356170935549869,0,0,0
10158,0.3356170935549869,0,0,0
2457,0.33557956303075315,1,0,0
3748,0.33557956303075315,1,0,0
2563,0.33557956303075315,1,0,0
940,0.33553111569005883,1,0,0
4995,0.3354810179798002,1,0,0
9784,0.3354810179798002,0,0,0
7814,0.33536709628172945,1,0,0
628,0.33536377663047523,1,0,0
5112,0.33519895950867734,0,0,0
5061,0.3351961908274462,0,0,0
11399,0.33509451637001003,1,1,0
890,0.33508601684017575,1,0,0
1258,0.33505066704748665,1,0,0
10611,0.33503365664933166,0,0,0
5427,0.3350285946779331,1,0,0
4331,0.33491023608338727,1,0,0
2899,0.3348973694300656,1,0,0
9444,0.33481234325200715,0,0,0
11640,0.33479663277603766,0,0,0
9521,0.33479663277603766,1,0,0
8305,0.33479663277603766,1,0,0
1327,0.33475357879034806,1,0,0
9206,0.33451509718186606,1,0,0
2462,0.33450755659423353,0,0,0
8228,0.33450755659423353,1,0,0
172,0.33450755659423353,1,1,0
11869,0.33450755659423353,0,0,0
6926,0.3344765785549219,1,0,0
7491,0.3344330387662752,1,0,0
9754,0.3344208502662773,1,1,0
11605,0.33439432554965,1,0,0
10192,0.3343734929200862,0,0,0
7945,0.33436967934642714,0,0,0
3299,0.33436967934642714,1,1,0
8176,0.3342289102832784,1,0,0
377,0.3342093824047631,1,0,0
8,0.33418063963900263,0,0,0
11954,0.3341737662507924,0,0,0
5958,0.33414455610497107,1,0,0
5056,0.3341297002499835,0,0,0
11880,0.33412363615937074,0,0,0
8801,0.33407259869477146,1,0,0
8175,0.33402898138646203,1,0,0
10059,0.33402898138646203,1,0,0
7109,0.33400808778701063,1,0,0
10844,0.33398942459160974,1,0,0
10967,0.33397563484427717,1,0,0
9152,0.33396790455091235,1,0,0
4111,0.3339647483081477,1,0,0
2192,0.3339647483081477,1,0,0
2695,0.3336561877323691,1,1,0
1066,0.3336448774501985,1,0,0
2561,0.3336096594340249,1,0,0
9552,0.3335150852169996,1,0,0
2244,0.3334436759162501,1,0,0
3055,0.3333112173398658,1,0,0
1925,0.3332936598264197,1,0,0
5597,0.33312334690381595,0,0,0
10682,0.33305486144779434,1,1,0
12792,0.33285486347903115,1,1,0
11456,0.3326637435104927,1,0,0
1354,0.332646060300528,0,0,0
7370,0.3325812945074726,0,0,0
3204,0.33249041099748256,1,1,0
5342,0.3323481777626035,1,0,0
301,0.33227954748169247,1,0,0
10489,0.33227954748169247,0,0,0
448,0.33227954748169247,0,0,0
5948,0.3320956879881929,1,0,0
2055,0.3320774227638414,0,0,0
9124,0.3319269123778124,0,0,0
6813,0.33190848168525083,1,0,0
6191,0.33188368735221335,0,0,0
12330,0.3318053785339346,0,1,0
2810,0.33170240238302257,0,0,0
9672,0.33168402099086425,1,0,0
8115,0.33146573738757035,1,0,0
9503,0.33125462883337353,1,1,0
9743,0.33125462883337353,1,0,0
10352,0.33125462883337353,1,0,0
5905,0.3312449254091082,1,0,0
278,0.3311978035677999,1,0,0
8962,0.33116674388165895,1,0,0
1950,0.3310603494458378,0,0,0
5010,0.3308797970485263,0,0,0
3763,0.33087352317294855,1,0,0
10941,0.3308582317235938,1,0,0
3524,0.3308582317235938,1,0,0
8441,0.3308582317235938,1,0,0
193,0.33070795317780066,0,0,0
6389,0.3306522970640878,0,0,0
12104,0.33050964933945104,1,0,0
5793,0.33048840021735376,1,0,0
611,0.3304014180213127,0,0,0
6990,0.3303042226615179,1,0,0
1884,0.33027681845626633,0,0,0
5237,0.3302522435851928,1,0,0
11140,0.33024436380859873,1,0,0
1964,0.3301758124209672,1,0,0
8774,0.33014013775747597,1,0,0
12511,0.3300119767859078,1,1,0
3081,0.3299646507797887,1,0,0
9333,0.3298153929281362,0,0,0
6622,0.32979662837225215,1,0,0
2411,0.32979662837225215,0,0,0
9065,0.3295177478545764,0,0,0
1789,0.3294652693014974,1,1,0
11700,0.32943269218176746,0,0,0
6762,0.32934727805616393,0,0,0
1248,0.3293214398570848,1,0,0
2754,0.3293214398570848,0,0,0
7372,0.32920195656885914,0,0,0
6403,0.3290930485577555,1,0,0
6696,0.3290930485577555,1,0,0
12743,0.32893344126182783,0,0,0
10252,0.3288896171149777,1,0,0
4115,0.32888718954248103,0,0,0
4401,0.3287721651655029,0,0,0
2195,0.32872377271073516,0,0,0
10242,0.3287233029646706,1,0,0
365,0.328678643831682,1,0,0
10731,0.3285780238122691,1,0,0
4676,0.3285314351957056,1,0,0
4875,0.3284510389809046,0,0,0
10619,0.3284510389809046,1,1,0
12232,0.3284306349753263,1,0,0
47,0.3282728701349605,0,0,0
3508,0.3281842391456001,1,1,0
10871,0.32817251118989255,1,0,0
12149,0.32793050546536007,1,1,0
1165,0.32787684381551213,0,0,0
11705,0.32787684381551213,1,0,0
12287,0.32786388188589705,1,0,0
10996,0.3277175762860211,0,0,0
8803,0.3275266440043406,0,0,0
7818,0.32751056559918285,0,0,0
3259,0.32751056559918285,1,0,0
12161,0.3273707858793466,0,0,0
9921,0.3273244700853811,1,0,0
10937,0.327184733442378,1,0,0
5811,0.3271501455658791,0,0,0
7772,0.3270402138183403,0,0,0
6254,0.3270239434620365,0,1,0
2569,0.32695238903609486,1,0,0
12776,0.32693265273214933,0,0,0
11496,0.32692921324712176,1,0,0
3080,0.32691535067364913,0,0,0
9885,0.32688739710505416,1,0,0
5467,0.32682749597054594,1,0,0
118,0.3267849742001874,0,0,0
9123,0.3267849742001874,1,0,0
5938,0.3267849742001874,0,0,0
3547,0.3267849742001874,1,0,0
1849,0.3267849742001874,1,0,0
861,0.3267849742001874,0,0,0
1958,0.3267849742001874,1,0,0
6734,0.3267849742001874,1,0,0
11075,0.3266407204041528,1,0,0
12457,0.3266308539828255,1,0,0
9482,0.32657423955081216,1,0,0
36,0.32657423955081216,1,1,1
1940,0.32615516777543446,1,0,0
11026,0.32605453155486164,1,0,0
8532,0.32581070495713893,0,0,0
2485,0.3258046562701742,1,0,0
12451,0.32580128833941946,1,0,0
10467,0.3257525229887014,1,0,0
8209,0.3257060115160034,1,0,0
10,0.3257060115160034,1,0,0
6697,0.3257060115160034,1,0,0
7873,0.3257060115160034,0,0,0
10798,0.3257060115160034,1,0,0
857,0.3257060115160034,1,0,0
4096,0.3257060115160034,0,0,0
5047,0.3257060115160034,0,1,0
6192,0.32568166632040063,1,1,0
7351,0.3256610193410003,1,0,0
10117,0.3256255312468584,0,0,0
478,0.32555995994257925,1,0,0
2454,0.32555754562083705,0,0,0
11004,0.32551621700209626,1,0,0
524,0.32548760010234074,1,0,0
11588,0.3254797413301331,1,0,0
4300,0.325387824634198,0,0,0
12548,0.32518978268514215,1,0,0
11798,0.3251805639639006,1,0,0
3642,0.32509199556289925,1,0,0
12213,0.3250627896738263,1,0,0
237,0.3250450805749932,1,1,0
7065,0.3250070918105584,1,0,0
10710,0.324867654302814,0,0,0
12499,0.3248221261737007,1,0,0
12438,0.32473301392811305,1,0,0
7696,0.32464507399841275,0,0,0
9045,0.32463974817800334,1,0,0
7331,0.32458248457506167,1,0,0
6774,0.3245664015401936,0,0,0
4587,0.3245599958740901,1,0,0
2518,0.3244718184855618,1,0,0
5324,0.32436508601225966,1,0,0
947,0.32436508601225966,0,0,0
12689,0.32429113095144735,1,0,0
3084,0.3242775367871098,0,0,0
1544,0.32427634523826854,1,0,0
8624,0.32420558426194385,1,0,0
10705,0.32420558426194385,0,0,0
8642,0.32420558426194385,1,0,0
838,0.32420558426194385,1,0,0
9450,0.3241903424418879,0,0,0
12508,0.3241149399076039,1,0,0
6162,0.3240597079348581,1,0,0
103,0.3239557339100996,0,0,0
11857,0.3239557339100996,1,0,0
328,0.3239557339100996,1,0,0
11115,0.3239557339100996,1,0,0
8142,0.3239557339100996,1,0,0
1987,0.3239557339100996,1,0,0
8778,0.3239557339100996,1,1,0
6681,0.32394373411724975,1,0,0
3005,0.32393583359485534,1,0,0
39,0.3239263133612426,1,0,0
4998,0.3236894299163522,1,0,0
10529,0.3236662888737215,0,0,0
9494,0.3236662888737215,0,0,0
346,0.3235200754647207,0,0,0
2570,0.3234753971455597,1,1,0
10995,0.32344421269680623,0,0,0
11721,0.3232730198364587,1,0,0
334,0.3232706717191504,1,0,0
1486,0.3232268283773894,1,0,0
8225,0.32309798040142723,1,0,0
6420,0.32309798040142723,0,1,0
11123,0.32309798040142723,1,0,0
10613,0.32309798040142723,1,0,0
1366,0.32309798040142723,1,0,0
4119,0.32309798040142723,1,0,0
3657,0.32309798040142723,1,0,0
2311,0.32309798040142723,0,0,0
8893,0.32309798040142723,1,0,0
8017,0.3230577134931465,1,0,0
4449,0.32298452966391206,1,0,0
2223,0.3229499706055598,1,0,0
7352,0.32288895558139336,1,0,0
8664,0.32288895558139336,0,0,0
1181,0.3227870835197508,1,0,0
130,0.3227658927590932,1,0,0
603,0.3226392245504015,1,0,0
6873,0.3226144226569962,1,0,0
3365,0.322599469841529,1,0,0
4002,0.32254130350190513,1,0,0
10986,0.32250530647448306,1,0,0
11136,0.3223466352734874,0,0,0
8902,0.32234571633261955,0,0,0
6946,0.32234396167453544,0,1,0
355,0.3222578520682347,1,0,0
7298,0.3222578520682347,1,0,0
2919,0.3222313333096654,0,0,0
5722,0.32208662371341784,1,0,0
1614,0.32203358095690965,0,0,0
1003,0.3219326339946402,0,1,0
10957,0.32193137657381704,1,0,0
4319,0.32172931285827416,0,0,0
12560,0.32171046424883604,1,0,0
931,0.32171046424883604,1,1,0
2042,0.3215706112367483,0,0,0
12616,0.3215559244911343,1,0,0
3876,0.3213738236911825,1,0,0
5682,0.32136632502239565,0,1,0
10135,0.3212856763982823,0,0,0
11517,0.32122199700568055,1,0,0
5847,0.32122199700568055,0,0,0
6044,0.3211617176206021,1,0,0
1652,0.32094887291771146,0,0,0
6721,0.3208513725526738,1,1,0
6252,0.3208297983899602,0,0,0
6830,0.32080618205660866,1,0,0
12594,0.32080618205660866,0,0,0
11052,0.3207195652307592,1,0,0
7190,0.3207195652307592,1,0,0
7061,0.32070774726051854,1,1,0
2833,0.3206483874128066,1,0,0
163,0.3205987872750968,1,0,0
2008,0.3205622151984616,1,0,0
6555,0.32053664869770015,0,0,0
10217,0.3205055615681928,1,1,0
2321,0.3204507467145193,1,0,0
9101,0.3202313520156053,1,0,0
1875,0.3199575828662029,0,0,0
12409,0.31991834992810414,0,0,0
8528,0.31974528802410657,1,0,0
12133,0.31969081977457164,1,0,0
532,0.3196520556187024,0,0,0
10664,0.319627445408493,1,0,0
8854,0.3195728309282091,1,0,0
6451,0.31956385652158137,1,0,0
2943,0.319310434504024,0,1,0
11033,0.319273635841979,1,0,0
5476,0.319273635841979,1,0,0
6235,0.319273635841979,1,0,0
1299,0.3192632236318131,0,0,0
2084,0.3192632236318131,1,0,0
8994,0.3191317733532147,1,0,0
10530,0.31907704510925383,1,0,0
5227,0.3188584966502175,1,0,0
5605,0.3187647899908934,1,0,0
12190,0.31860412301732405,1,0,0
4321,0.31841732236903875,1,1,1
4278,0.31836780904366796,0,0,0
3384,0.31836780904366796,1,0,0
7749,0.31836780904366796,0,0,0
8743,0.3183537570398728,1,0,0
9592,0.3183076123368805,1,0,0
7216,0.3183076123368805,1,0,0
6939,0.3182655640572684,0,0,0
9912,0.3182641359228602,1,0,0
367,0.31814785149695207,1,0,0
5052,0.3181163382307786,1,1,0
9134,0.3181052501377775,1,0,0
1880,0.3180764255129447,1,0,0
7930,0.31791562798505024,1,0,0
364,0.31782442847254533,1,1,0
11824,0.31777212263814003,1,0,0
6315,0.3177598531593474,1,1,0
11049,0.317646280679606,1,0,0
5126,0.317646280679606,1,0,0
4950,0.3175381530798842,1,0,0
7626,0.31750137245841986,1,0,0
1687,0.3174791143544148,0,0,0
11645,0.3174450707750097,1,0,0
7425,0.317389962828492,0,0,0
12716,0.31737482066466155,1,0,0
507,0.31737482066466155,1,0,0
9054,0.3172755494476328,1,0,0
4867,0.3172755494476328,0,1,0
2883,0.3172197609918683,1,0,0
5725,0.3171786424255547,0,0,0
9997,0.31698815957523413,1,0,0
6650,0.31697596123358496,1,1,0
9079,0.3169499564332328,0,0,0
11351,0.3169152911836554,0,0,0
3812,0.31691413058729545,1,0,0
12331,0.3167435553696003,1,0,0
11677,0.3166523852462894,1,0,0
6019,0.31649477330876497,1,0,0
2898,0.3164726297206854,0,1,0
4476,0.3164473651977096,1,0,0
6269,0.31642734228093794,0,0,0
9826,0.31642734228093794,0,0,0
5988,0.31642734228093794,1,0,0
7612,0.31642734228093794,0,0,0
7013,0.31642734228093794,1,0,0
6770,0.31632334470767504,0,0,0
10355,0.3161866512680904,1,0,0
760,0.31611331693254574,0,0,0
648,0.31597606258682076,0,0,0
2469,0.31596362813384243,0,0,0
8027,0.3159352746966415,1,0,0
4959,0.3158555248922789,0,0,0
9441,0.31540262771553285,1,0,0
7318,0.31536405861029476,1,0,0
1515,0.31528833740989626,1,0,0
6171,0.315254028352234,1,1,0
3472,0.31521686112671743,1,0,0
6466,0.31499376996487827,1,0,0
11382,0.31499376996487827,0,0,0
10693,0.31499376996487827,1,0,0
9001,0.31499376996487827,0,0,0
5645,0.31480099064931333,1,0,0
3939,0.31480099064931333,1,0,0
12612,0.31480099064931333,1,0,0
12178,0.31480099064931333,1,0,0
2953,0.31480099064931333,1,0,0
8123,0.31480099064931333,0,0,0
12465,0.31480099064931333,0,0,0
12183,0.31480099064931333,1,0,0
5826,0.31480099064931333,1,0,0
4545,0.31480099064931333,0,0,0
3401,0.3147719413426242,1,0,0
11356,0.3146519634168584,0,0,0
144,0.31451611860500955,1,0,0
1137,0.31441196946606126,1,0,0
7952,0.3143468586705174,0,0,0
1831,0.3143103445331796,0,0,0
5933,0.3142845350508305,1,0,0
7429,0.3142306078891696,0,0,0
11809,0.31421103309731085,1,0,0
8456,0.31414918377261797,1,0,0
12486,0.314131427618593,0,0,0
9051,0.31412981044731236,1,1,0
4423,0.3141164266107139,1,0,0
1617,0.3140140179956231,0,0,0
6709,0.31371857415412374,0,0,0
7167,0.3136853189068259,1,0,0
7388,0.3135933684681518,0,0,0
1971,0.3135762172012512,1,0,0
4632,0.3135399882354835,1,0,0
6353,0.3135399882354835,0,0,0
5200,0.3135399882354835,0,0,0
7525,0.3133856516493325,1,0,0
10313,0.3133856516493325,1,0,0
6211,0.3133494346498758,1,0,0
6812,0.3133494346498758,1,0,0
4156,0.3131617109100131,1,0,0
268,0.31311345149442854,1,0,0
2712,0.3129035216280431,1,0,0
10424,0.3128657262188478,1,0,0
10415,0.3128657262188478,0,0,0
8266,0.31273588843371136,1,0,0
1566,0.3126620671418231,1,0,0
2850,0.31263102691868594,1,0,0
11268,0.312572118611959,1,0,0
7637,0.3124696316399221,1,0,0
10718,0.3124696316399221,1,0,0
10028,0.3123212643713689,1,0,0
3528,0.3123206570572724,1,0,0
7255,0.31228815484601785,1,0,0
2316,0.3122839102533728,1,0,0
5675,0.312239196408448,1,0,0
7562,0.31223470313697055,1,0,0
2262,0.3121763079762575,1,0,0
5823,0.3121583812964845,1,0,0
2157,0.3120640035911596,1,1,0
7313,0.31204844192129927,1,0,0
588,0.3119637721597557,1,0,0
7111,0.3119637721597557,0,0,0
1238,0.3119637721597557,0,1,0
6026,0.3119637721597557,1,0,0
4090,0.3119637721597557,0,0,0
9373,0.3119637721597557,0,0,0
4533,0.3119637721597557,1,0,0
950,0.3119008213978614,0,0,0
10900,0.3119008213978614,0,0,0
5872,0.3119008213978614,0,0,0
12410,0.3119008213978614,1,0,0
11381,0.3119008213978614,0,0,0
927,0.3119008213978614,0,0,0
4063,0.3119008213978614,1,0,0
8565,0.3119008213978614,1,0,0
7498,0.3119008213978614,1,0,0
5451,0.31188538551039147,0,0,0
10166,0.3117435976371304,1,0,0
11393,0.3116483678497533,1,0,0
5483,0.3116437286972006,0,0,0
2232,0.3115359704845412,0,0,0
7898,0.31146748721903117,1,0,0
1684,0.31136776766424795,0,1,0
10667,0.31121033560101835,0,0,0
1009,0.3111927498921015,1,0,0
2045,0.31116277405035747,1,1,1
7895,0.3111319440592443,1,0,0
8311,0.3110503920286544,0,0,0
12096,0.3109999445045245,0,0,0
4382,0.3109936423827173,1,0,0
4750,0.3109541250111341,1,0,0
4177,0.3109211009204658,1,0,0
7897,0.31090248669293535,0,0,0
8044,0.31081784901793136,0,0,0
9682,0.31072811287124735,0,0,0
6680,0.3106511688819909,1,0,0
10380,0.31060802683612243,1,0,0
8890,0.3105055722490396,0,0,0
6927,0.3105006397987805,1,0,0
3140,0.31032721586228523,1,0,0
12767,0.31032721586228523,1,0,0
3136,0.31032721586228523,1,0,0
381,0.31025786373998715,1,0,0
1500,0.3102166456411332,1,0,0
9573,0.3102166456411332,0,0,0
1020,0.31000584362534533,0,0,0
10444,0.3099698408873953,0,0,0
9198,0.30993941579152207,1,0,0
2250,0.3097134719708463,0,0,0
1127,0.3097134719708463,1,0,0
3496,0.3097134719708463,0,0,0
3392,0.3097134719708463,1,0,0
3739,0.30947764741702055,0,0,0
2330,0.30947764741702055,0,0,0
7422,0.3094478563768077,1,0,0
7844,0.30939204615062027,0,0,0
12713,0.30936893818505484,0,0,0
8039,0.30929422865327677,0,0,0
10669,0.3091547129755958,0,0,0
6164,0.30912268032320633,1,0,0
2151,0.30902337787668316,1,0,0
4874,0.3089083473543526,1,0,0
5234,0.30884687777427455,1,0,0
4913,0.3088070637728787,1,1,0
1141,0.3087934589117524,0,0,0
9950,0.3087934589117524,1,0,0
7175,0.3085689118624001,1,1,0
3585,0.3085689118624001,1,0,0
2497,0.3085689118624001,1,0,0
560,0.3085689118624001,1,0,0
3947,0.3085689118624001,0,0,0
1412,0.30832293371241964,1,0,0
4254,0.30832002857184276,0,0,0
8518,0.3081908095404888,1,0,0
4842,0.30813198491599125,0,0,0
8938,0.30813198491599125,1,0,0
10641,0.30810694587842774,1,0,0
3758,0.30781257205892,1,0,0
12704,0.30781257205892,1,0,0
12686,0.30781257205892,1,1,0
4505,0.30781257205892,1,0,0
1554,0.30781257205892,1,0,0
3759,0.3076742204797535,1,0,0
3749,0.3074762979497941,0,0,0
1263,0.30735851125101876,1,0,0
5263,0.3072967469411304,1,0,0
4290,0.3072914662791529,1,0,0
8246,0.30720273313473206,1,0,0
1163,0.30718954349211175,0,0,0
8261,0.30697847093202396,1,1,0
2387,0.30694675080769523,1,0,0
7578,0.3068833594509429,1,0,0
9975,0.30686705034361256,1,0,0
5552,0.30670538008733667,1,0,0
15,0.30670538008733667,1,0,0
5082,0.30663970721444733,1,0,0
12064,0.3066192759866979,1,0,0
1085,0.3066192759866979,1,0,0
3578,0.30660961109902557,1,0,0
4839,0.30660961109902557,0,0,0
7504,0.30660961109902557,0,0,0
9412,0.30656609805589,1,0,0
7695,0.30650154248410644,1,0,0
10115,0.3064464100378966,1,0,0
1360,0.3064217402862716,0,0,0
10464,0.3064168129889621,0,0,0
3453,0.3064168129889621,1,0,0
2409,0.3060209777243239,1,0,0
1871,0.30598570437964856,1,0,0
2940,0.30594523419980774,1,0,0
546,0.3059094939673653,1,0,0
873,0.3059094939673653,1,0,0
3689,0.3058631318642729,1,0,0
8749,0.3058631318642729,0,0,0
5982,0.30577870904591453,1,1,0
6899,0.30559532436704795,0,0,0
10788,0.30559532436704795,1,0,0
11352,0.3055466811926113,0,0,0
8154,0.3053622736695064,1,0,0
10989,0.3052188851661962,1,1,1
9015,0.30519065590205186,0,0,0
9070,0.305188035200833,0,0,0
12078,0.3051568429378249,1,0,0
2786,0.3051270651114098,0,0,0
8660,0.3051206461526584,1,0,0
8483,0.3051180261084297,1,0,0
6988,0.3051180261084297,1,0,0
10114,0.3051180261084297,1,0,0
9239,0.30509648194215805,0,0,0
517,0.30497085225264636,0,0,0
6172,0.3049031613596534,0,0,0
6419,0.3047331777328322,1,0,0
12389,0.30471653894704986,0,0,0
3261,0.30446487699853086,0,0,0
7052,0.30446487699853086,1,0,0
9536,0.30429183619500116,1,0,0
4531,0.30427200831334295,0,0,0
1092,0.3040898706213066,1,0,0
7951,0.30399531644066197,1,0,0
3490,0.3038557836243353,1,0,0
393,0.3036841035979124,0,0,0
11513,0.3035496063762533,1,0,0
4708,0.30353710297892783,1,0,0
12635,0.30352316104147564,0,0,0
6515,0.30350424451025737,0,0,0
1917,0.3034930721140384,1,1,0
9613,0.3032627380469908,0,1,0
8181,0.3032573404638978,0,0,0
9791,0.3032329063473108,0,1,0
1397,0.303217925925258,0,1,0
5583,0.3031819132273586,0,0,0
4909,0.303175833858249,1,0,0
10270,0.30312161648533853,1,1,0
1439,0.30310786126736705,0,0,0
9374,0.3030885361770183,1,0,0
7314,0.30307230775612626,1,0,0
3253,0.30306337713938286,1,0,0
8312,0.3030624203038094,0,0,0
6528,0.30305518513460267,1,0,0
3498,0.30303336949012083,1,0,0
8396,0.3029066549115961,1,0,0
2484,0.30289385447486633,1,0,0
5336,0.30289385447486633,1,0,0
2634,0.30289385447486633,1,0,0
10966,0.3028564544371873,1,0,0
12520,0.30269847896350627,1,0,0
1049,0.30242390517494194,0,0,0
10218,0.30242390517494194,0,0,0
9113,0.30242390517494194,1,0,0
4136,0.30242390517494194,0,0,0
12614,0.30242390517494194,0,0,0
5387,0.30242390517494194,0,0,0
5562,0.30242390517494194,1,0,0
2954,0.30242390517494194,1,0,0
3552,0.30242390517494194,1,0,0
4418,0.30242390517494194,0,0,0
10689,0.30242390517494194,1,0,0
8825,0.3022035289014582,1,0,0
6951,0.3022035289014582,1,0,0
4748,0.3022035289014582,1,0,0
9278,0.3022035289014582,1,0,0
6981,0.3022035289014582,1,0,0
5748,0.3018786752793535,0,1,0
439,0.301871256038637,1,0,0
2300,0.301871256038637,1,1,0
10919,0.301871256038637,0,0,0
3567,0.301871256038637,1,1,0
12040,0.301871256038637,0,0,0
6660,0.301871256038637,0,0,0
62,0.301871256038637,1,0,0
10020,0.301871256038637,1,0,0
1054,0.301871256038637,1,0,0
5630,0.301871256038637,0,0,0
2885,0.301871256038637,1,0,0
9525,0.301871256038637,1,0,0
5048,0.301871256038637,1,0,0
5678,0.301871256038637,1,0,0
3770,0.3016514121059701,0,0,0
10282,0.3015872695925961,0,0,0
2743,0.30154332123771727,1,0,0
853,0.3013500372954644,1,0,0
10924,0.3012021021944262,0,0,0
2584,0.30106572161407497,0,0,0
8232,0.30106572161407497,1,0,0
8601,0.30081247153749735,1,0,0
10984,0.3006252375846541,1,0,0
9752,0.3006177847141089,0,0,0
9550,0.300584726765305,1,0,0
10447,0.3004863912222933,1,0,0
10487,0.3004863912222933,1,0,0
10474,0.3004632997055006,0,0,0
3641,0.30046307375954034,0,0,0
6894,0.3003765025643293,1,0,0
9914,0.30036726070194836,0,0,0
12186,0.30035142585196256,1,1,0
3314,0.30030498670151556,1,0,0
7630,0.30030498670151556,1,0,0
489,0.30030498670151556,0,0,0
492,0.30025455058876654,0,0,0
5216,0.30015660762737517,0,0,0
9813,0.30003251924138763,0,0,0
4707,0.30003251924138763,1,0,0
11961,0.29999717117191654,1,0,0
8519,0.29999717117191654,1,0,0
10766,0.2998862592012417,1,0,0
1096,0.2997326828396059,0,0,0
12668,0.29920544171865915,1,0,0
5734,0.2991990734102526,1,0,0
703,0.2990370442608619,1,0,0
5374,0.2990370442608619,1,0,0
4253,0.299024289979666,0,1,0
264,0.299017665350282,1,1,0
2589,0.2989828290044888,0,0,0
12546,0.29885252083516883,1,0,0
4659,0.2986526952129477,1,0,0
5213,0.2984884732477847,1,0,0
7855,0.2984884732477847,1,0,0
4592,0.29845873353310337,1,1,1
1219,0.29845873353310337,1,0,0
7940,0.2984556563428356,1,0,0
10639,0.2983820020788753,0,0,0
8171,0.29827935527724936,0,0,0
2609,0.29776547459359737,0,0,0
2672,0.2977325411577457,0,0,0
6536,0.297703676434658,0,0,0
3646,0.297703676434658,1,0,0
10698,0.2975772257183338,0,0,0
12659,0.2974406737978402,0,0,0
5333,0.2974024018596648,1,0,0
6455,0.2973597517927251,1,0,0
1572,0.2971839195191355,1,1,0
2700,0.29716063411268673,0,0,0
2381,0.29701941788783653,0,1,0
10212,0.29691195259189795,1,0,0
3914,0.296865423918956,1,0,0
2890,0.29676807559860363,1,0,0
7235,0.29676807559860363,1,0,0
3735,0.2966017401189056,0,1,0
4069,0.2964982610930109,0,1,0
5820,0.2964862996599599,1,1,0
3414,0.29641907619532387,1,0,0
722,0.2963858226425928,1,0,0
5603,0.2961857364829208,1,0,0
5347,0.2961639838420959,1,0,0
8917,0.2959984540404102,1,0,0
7796,0.2959893953369135,0,0,0
1854,0.2959855439752752,1,0,0
1333,0.29593033782385425,1,0,0
801,0.2958557048840989,1,0,0
3550,0.295842941762353,1,0,0
7656,0.2957771181450572,1,0,0
5726,0.2955382125481982,1,0,0
1107,0.2955102564543996,0,0,0
618,0.29549899056038886,1,0,0
5430,0.29549899056038886,0,0,0
5369,0.29549665186388807,1,1,0
3003,0.29496079415207627,0,0,0
7542,0.2949019442166157,1,0,0
6614,0.29489439931608147,1,0,0
10164,0.2947890706998812,1,0,0
4152,0.2947890706998812,0,0,0
9474,0.2947890706998812,0,0,0
7747,0.2947752584619417,1,0,0
7089,0.2946389377639217,1,0,0
9883,0.2946389377639217,0,0,0
6567,0.2944891826018903,0,0,0
11624,0.29447934745079757,1,0,0
5171,0.29437098873803624,1,0,0
1990,0.29429571791756104,1,0,0
8398,0.29421165736992294,1,0,0
5203,0.29414468897110146,0,0,0
4322,0.29380498892062173,1,0,0
1440,0.2935751689505594,1,0,0
7554,0.2935751689505594,1,0,0
3902,0.2935751689505594,1,0,0
10901,0.2934913326354109,1,0,0
5211,0.2934738885450993,1,0,0
7645,0.29344792802337344,1,0,0
6009,0.2933553122078928,0,0,0
7999,0.29324590894210817,1,0,0
9851,0.29315505500166106,0,0,0
6566,0.29311384001082946,1,0,0
7657,0.29311094094578416,1,0,0
4336,0.2930436749347511,1,0,0
6590,0.2930367372718282,1,0,0
8826,0.2929664594517774,1,0,0
1758,0.2928725010872362,1,1,0
796,0.29285070851089173,0,0,0
828,0.29283855208337256,1,1,0
12069,0.29277808436921066,0,0,0
7969,0.29275384415330896,1,0,0
11320,0.29275384415330896,1,0,0
4869,0.29275384415330896,1,0,0
2945,0.2927330902825241,1,0,0
10821,0.29273263500135366,1,0,0
12314,0.29273263500135366,1,0,0
9106,0.29252860762772687,1,0,0
2963,0.2924105489175392,0,0,0
2012,0.2924105489175392,1,0,0
454,0.29239067769955807,1,0,0
10878,0.29232927785125146,1,0,0
9961,0.2923120699551707,1,1,0
11586,0.29219800482092995,1,0,0
8692,0.292096325422479,0,0,0
1524,0.2920699283235394,0,0,0
665,0.2919890001330813,1,0,0
11189,0.29192099013016976,1,1,0
58,0.29191237935716474,0,0,0
2677,0.2918438477632739,1,0,0
2444,0.2918044158063075,0,0,0
1105,0.2914689755349406,0,0,0
11346,0.2914225139473506,1,1,0
2135,0.29136950734980344,1,0,0
8816,0.29136692555320326,1,0,0
6994,0.29126051457172036,1,0,0
2368,0.2912251255153106,1,0,0
12235,0.2910905821197912,0,0,0
7100,0.291087598063256,0,0,0
3303,0.2909516452909044,1,0,0
2095,0.290929579457055,0,0,0
594,0.29091840712030503,1,0,0
4514,0.2908178013490257,0,0,0
936,0.29057653439484205,1,0,0
11859,0.29051958088249014,1,0,0
390,0.29044308042379835,0,0,0
5567,0.29040547974701925,0,0,0
12012,0.29025033886505924,1,0,0
2304,0.29025033886505924,0,0,0
11702,0.2901374443604387,1,0,0
3885,0.290124540060413,1,0,0
8604,0.29008310304651697,1,0,0
825,0.28993402931933465,1,0,0
5338,0.28993402931933465,1,0,0
6220,0.2898902584815248,0,0,0
1907,0.28987848369989294,1,0,0
12583,0.2898590341144086,1,0,0
829,0.2897964777636565,1,0,0
5596,0.2897690046712074,0,0,0
1409,0.28976861539399895,0,0,0
8023,0.28976861539399895,0,0,0
12009,0.2897392050110932,1,0,0
5397,0.2897392050110932,0,0,0
12476,0.289623347776995,1,0,0
916,0.28959104252842355,1,0,0
11891,0.2894670295001601,1,0,0
6402,0.2893678980449963,1,0,0
4673,0.28927333983380005,1,0,0
1801,0.2891292724806504,1,0,0
9795,0.2891160776815387,1,0,0
6662,0.2889820896913435,0,0,0
1728,0.2887970255235985,0,0,0
2363,0.2887815653597254,1,0,0
8202,0.2886129093400746,1,0,0
3083,0.2885836004963528,0,0,0
8472,0.28847104888578734,1,0,0
2074,0.28844073982336466,1,1,0
4205,0.28828254648721185,1,0,0
1390,0.2880922282698724,0,0,0
4919,0.2880577080215426,1,0,0
356,0.28803593231289354,0,0,0
3410,0.28797999267820923,0,0,0
1108,0.28797999267820923,0,0,0
3696,0.28787726656943674,0,0,0
3222,0.28763684130841044,0,1,0
2938,0.28763684130841044,0,1,0
12434,0.28756771111003615,1,0,0
5771,0.2875607326385492,1,0,0
9574,0.287528815114803,0,0,0
9275,0.28750513641361425,1,0,0
270,0.28743828373912583,0,0,0
8967,0.28743420962592137,0,0,0
2551,0.2873448848352494,0,0,0
7389,0.2872900277787894,0,0,0
9969,0.2872900277787894,0,0,0
5753,0.28725849603138975,1,1,1
3840,0.2872166346160711,1,0,0
6838,0.2872109924357233,1,0,0
11464,0.2872109924357233,1,0,0
399,0.28708468062386944,0,1,0
5124,0.28683226266630596,1,0,0
7651,0.2868287462086646,1,1,0
10066,0.2868161213230441,1,0,0
8550,0.2867078104127722,1,0,0
1597,0.2867078104127722,1,0,0
6337,0.28662520364563515,1,0,0
1601,0.28641579727705485,1,1,0
9288,0.28641579727705485,1,0,0
3871,0.28637958786746603,0,0,0
35,0.28606052051770786,1,0,0
9226,0.28606052051770786,0,0,0
3526,0.28604327849455874,1,0,0
4826,0.2860095948129627,1,1,0
7265,0.28597229122237017,0,0,0
11687,0.28588203467819107,0,0,0
10434,0.2858597004170887,0,0,0
11012,0.2857585396282539,1,0,0
7727,0.2856218374382609,1,0,0
2153,0.28545185242444104,1,1,0
5646,0.28545185242444104,1,0,0
781,0.285449227712178,1,0,0
3943,0.2853882963993066,1,0,0
10107,0.2853437463270024,0,0,0
96,0.2850869230717048,0,0,0
10587,0.28506384880160823,1,0,0
8671,0.28502563929093017,1,0,0
8726,0.2849461924475254,1,0,0
6593,0.2849461924475254,0,0,0
11646,0.2849461924475254,1,0,0
5861,0.2849461924475254,1,0,0
3142,0.2849461924475254,0,0,0
10126,0.2849461924475254,1,0,0
5104,0.2849461924475254,1,0,0
6300,0.2849461924475254,1,0,0
5448,0.2849461924475254,1,0,0
11410,0.2849461924475254,1,0,0
8066,0.2849461924475254,1,0,0
540,0.2849461924475254,1,0,0
1951,0.2849461924475254,0,0,0
10756,0.28493156482516624,0,0,0
7628,0.28483137176300133,1,0,0
5413,0.2847499393993863,1,0,0
5045,0.28471737278392634,1,0,0
6458,0.28470635647340153,1,0,0
9724,0.2845772685675709,1,0,0
8379,0.28453204212652294,1,0,0
12256,0.28451885667837057,1,1,0
1185,0.2844934756037359,1,0,0
3838,0.2844934756037359,0,0,0
4441,0.28417496799781683,1,0,0
7886,0.2841549191475907,1,1,0
12769,0.28393656122087463,1,0,0
9711,0.28390976475213925,1,0,0
11199,0.28389494579139246,1,0,0
4889,0.283834229872441,1,0,0
9763,0.28373609238723296,1,0,0
5493,0.2837147205045182,0,0,0
11364,0.28364442533266,1,0,0
5828,0.2835062449730436,1,1,1
1038,0.2834273129720813,0,0,0
4286,0.28338957497662376,1,0,0
1877,0.283387662988762,0,0,0
12482,0.2833255914566883,1,0,0
11925,0.2832465733899195,0,0,0
4764,0.2832465733899195,0,0,0
11570,0.28319098598817116,1,0,0
9886,0.28319098598817116,0,0,0
11476,0.283159372637536,1,0,0
10275,0.2830834549387758,1,0,0
6167,0.2830263655587059,0,1,0
1435,0.2830263655587059,1,0,0
9789,0.2830263655587059,0,0,0
1791,0.2830263655587059,1,1,0
1206,0.28299221102628497,1,0,0
293,0.28299221102628497,0,0,0
5751,0.28299221102628497,0,0,0
9073,0.28292159075541906,0,0,0
1901,0.2826369737644086,0,0,0
11567,0.2826369737644086,1,0,0
9662,0.28252859783921963,1,1,0
443,0.2825201758643844,1,0,0
2179,0.28232986670052834,0,0,0
11193,0.2822320785098441,1,1,0
7923,0.282101320227973,1,0,0
7117,0.2820471727434251,0,0,0
7426,0.2820471727434251,1,0,0
452,0.2820040024116717,1,0,0
4151,0.28189513319894954,0,0,0
10918,0.2818539055873976,1,0,0
5931,0.28176863955946013,0,1,0
4296,0.28161105940498116,0,0,0
12514,0.28161105940498116,1,0,0
4824,0.28157398483071683,1,0,0
2312,0.281532264515224,1,0,0
7686,0.28135544251437494,1,1,0
3252,0.2812146098345926,1,0,0
1026,0.281189893247253,0,0,0
179,0.28118298411282244,1,0,0
3036,0.2810090165123434,0,0,0
7771,0.28070050297972005,0,0,0
9812,0.280675835840241,0,0,0
7431,0.28049419313036295,0,0,0
10243,0.28049419313036295,0,1,1
770,0.28029190974905693,1,0,0
4181,0.28028174377213705,1,0,0
9409,0.280257956212887,0,0,0
3069,0.280257956212887,1,0,0
5481,0.28024521605587926,1,0,0
6556,0.2799897777528116,1,0,0
6533,0.27986965157050664,0,0,0
5065,0.2798244243704443,1,0,0
531,0.2797326654567954,0,0,0
5372,0.2797326654567954,0,0,0
8214,0.27967913136428363,1,0,0
8588,0.27967913136428363,0,0,0
10012,0.2796452232156099,0,1,0
1047,0.2796452232156099,0,0,0
6914,0.2796452232156099,1,0,0
11981,0.2796452232156099,1,1,0
7456,0.27956797715594184,0,0,0
11092,0.2795297405664386,1,0,0
2011,0.27945316149707894,1,0,0
9427,0.27917828553529733,1,0,0
1098,0.2790845220723123,1,0,0
169,0.27891088108104445,1,1,0
10809,0.2784860638455358,1,0,0
3455,0.27846544043975,1,1,1
4572,0.2782596459124407,1,0,0
10471,0.2781861146933851,1,0,0
4611,0.2781861146933851,1,0,0
8461,0.27817237474308715,0,0,0
11617,0.27810877575134285,0,0,0
1189,0.2777047100788414,0,1,0
5835,0.27759264284538,1,0,0
11514,0.27752400000217214,0,0,0
9360,0.2773864831277104,1,0,0
1243,0.2773864831277104,1,0,0
6747,0.2773864831277104,0,0,0
11746,0.2773864831277104,1,1,1
3816,0.2773864831277104,1,0,0
3148,0.2773864831277104,0,0,0
1518,0.2772380782854061,0,0,0
7585,0.2772192418840874,1,0,0
7082,0.2770536237620049,1,1,0
1534,0.27704286782751747,0,1,0
2592,0.27694342216789264,1,0,0
559,0.27681263374817316,1,0,0
7851,0.27669324213946134,1,1,0
8489,0.2763713003505557,0,0,0
4878,0.2763713003505557,1,0,0
8770,0.2763713003505557,0,0,0
10547,0.2763713003505557,0,0,0
949,0.2763145291534206,1,1,0
10512,0.27628262448537216,0,0,0
8868,0.2759488886069434,0,0,0
7750,0.2759187620069198,1,0,0
3538,0.2758211633810742,0,0,0
10886,0.2758211633810742,1,0,0
766,0.27577538980353344,0,0,0
4447,0.27569459269818675,0,0,0
9796,0.275678312555072,0,0,0
11453,0.2756559627190638,1,0,0
8985,0.2755097686369531,1,1,0
6302,0.27547617266183855,1,1,0
9853,0.27534769067903053,1,0,0
10188,0.27526963357917006,0,0,0
7992,0.27521793747666334,1,0,0
6152,0.27495909765851745,1,0,0
12512,0.2748399876861568,1,0,0
6985,0.2746852575159771,1,0,0
7741,0.27443807594022357,0,0,0
7106,0.2740877367899476,1,0,0
12157,0.27405424862509814,1,0,0
7587,0.27379099036432625,1,1,0
541,0.27359912642323864,1,0,0
3199,0.2735455275888398,1,0,0
2160,0.2734861904490776,1,0,0
8620,0.2734861904490776,1,1,0
3090,0.273398086196156,1,0,0
3857,0.2733840304276823,0,0,0
9927,0.27318402652057533,0,0,0
3430,0.2731816381248471,1,0,0
5220,0.2731719493210297,0,0,0
1590,0.2729361272517376,0,0,0
735,0.2727369281237648,1,0,0
3234,0.2726899596554926,0,0,0
9092,0.27262259189424737,0,0,0
6215,0.2725556077949376,1,0,0
4308,0.2725222365490377,0,0,0
9013,0.2721950564775317,0,0,0
3171,0.27219501651548883,1,0,0
11185,0.2720717424675362,1,0,0
10616,0.2720389356870469,0,1,1
5888,0.27189527891417764,1,0,0
8590,0.27189527891417764,1,0,0
7081,0.27189527891417764,1,1,0
12455,0.27188065729930677,1,0,0
1488,0.271875344812229,1,0,0
8064,0.2717928150516794,0,0,0
12585,0.27177461306780637,1,0,0
12540,0.27177461306780637,1,0,0
2750,0.2716726667284647,1,0,0
2155,0.2714897571604703,1,0,0
9942,0.2714897571604703,1,0,0
3982,0.2714897571604703,1,0,0
3405,0.2714897571604703,0,0,0
5934,0.2714897571604703,1,0,0
6841,0.2714897571604703,0,0,0
7005,0.2712665702738783,1,0,0
8041,0.2711777350378265,1,0,0
851,0.2711125204185536,1,1,0
6290,0.27097286191888087,1,0,0
2056,0.2709322948547036,1,0,0
7291,0.2709282158964902,0,0,0
4882,0.2708919692416727,0,0,0
9623,0.2704004359843027,0,0,0
10150,0.2703822185196798,0,0,0
11349,0.27030913770075515,1,0,0
9502,0.27022828917438907,0,0,0
6859,0.27019488597015096,0,0,0
5609,0.27004374899496514,0,0,0
7850,0.2699607832115699,0,0,0
4498,0.2698676415034631,0,0,0
8475,0.2697020687786559,0,0,0
9907,0.2696730837149905,1,0,0
633,0.2695321111054832,1,0,0
834,0.26945244086677017,0,0,0
4043,0.2694316274067338,0,0,0
8765,0.269244201112726,1,0,0
8049,0.26909057723340296,1,0,0
7134,0.26909057723340296,0,1,0
11629,0.26909057723340296,0,0,0
4153,0.26909057723340296,0,0,0
11942,0.26909057723340296,1,1,0
8388,0.26909057723340296,0,0,0
7091,0.2688658714508527,0,0,0
10017,0.2686913371743095,1,0,0
3010,0.2686913371743095,1,1,0
3648,0.2686735628295403,1,0,0
7522,0.2680104290355789,0,0,0
11317,0.267999014077863,1,0,0
816,0.267999014077863,1,0,0
5607,0.2678593046506455,1,0,0
11322,0.2678593046506455,1,0,0
576,0.2677306356627642,1,1,0
7907,0.2677306356627642,0,0,0
3039,0.2677306356627642,1,0,0
10482,0.26760386826410426,0,0,0
81,0.26760386826410426,0,0,0
3395,0.26757439109286985,1,0,0
466,0.2675365649924456,0,0,0
4946,0.2675220195332527,1,0,0
4519,0.26751355686731265,1,0,0
10495,0.2674152958266391,1,0,0
5735,0.26732073791779126,1,0,0
11019,0.2671929153544924,1,0,0
3465,0.2671377726282017,0,0,0
12712,0.2669981056534032,0,0,0
6739,0.266877920972393,0,0,0
3827,0.2668433132287937,1,0,0
3181,0.26672041237289845,1,1,0
8250,0.2662898447401341,1,0,0
1051,0.2662898447401341,0,0,0
5116,0.26619869012217173,1,0,0
11078,0.26619869012217173,1,0,0
4817,0.26615634426465107,1,0,0
1954,0.2661527413298738,0,0,0
10280,0.2660053924413073,0,0,0
6342,0.2660053924413073,1,0,0
10175,0.2660053924413073,0,0,0
5840,0.26598248560035104,1,0,0
10316,0.2655193674430013,1,0,0
12269,0.2654205014233184,0,0,0
4194,0.2654205014233184,1,0,0
6266,0.2653392092520598,1,0,0
9342,0.2652687634456257,1,0,0
2717,0.2652513253622772,0,0,0
2087,0.2652117804006368,1,0,0
6127,0.26511474204658336,1,0,0
12674,0.26493031897339697,1,0,0
6314,0.2647433429839204,1,0,0
4731,0.2647190226850994,1,0,0
4596,0.2646461630754797,0,0,0
3260,0.2646461630754797,1,0,0
8842,0.2646461630754797,0,0,0
9196,0.2646461630754797,0,0,0
2410,0.2645622364352856,0,0,0
11952,0.26454018262805584,1,0,0
4880,0.26424726467444865,0,0,0
12544,0.26423348613763303,1,0,0
12565,0.2640653439543031,0,0,0
9686,0.2640653439543031,1,1,0
6532,0.2638779459088593,0,0,0
5614,0.2636915171823486,0,0,0
8096,0.26353828915838506,1,0,0
4453,0.26353828915838506,1,0,0
5362,0.26344539677534917,1,0,0
8610,0.26342236315952955,1,0,0
10513,0.26338676761116375,0,0,0
3095,0.26335628456972937,1,0,0
10831,0.26334299412261336,1,0,0
1122,0.2633336920764293,1,0,0
11034,0.2632919874604688,0,0,0
4448,0.2632919874604688,1,0,0
11389,0.2632919874604688,0,0,0
6447,0.2632863102673584,1,0,0
5837,0.263229018726474,1,0,0
7093,0.2632277851942499,1,0,0
969,0.2632277851942499,0,0,0
3555,0.2632277851942499,1,0,0
2768,0.2629647053501862,0,0,0
7825,0.26292156356094054,1,1,0
9751,0.2628742660228642,1,0,0
8385,0.26287147421399787,0,0,0
6196,0.26270930807382353,1,0,0
2434,0.26261075577702164,1,0,0
10401,0.26255831298214316,1,0,0
617,0.2622752581984587,0,0,0
12666,0.26222746561976984,0,0,0
11577,0.2622039938390059,1,0,0
3679,0.26214904056745925,0,0,0
435,0.26212786597792015,1,0,0
9298,0.26209447892503873,0,0,0
836,0.2619520919012012,0,0,0
11427,0.2619291591233831,1,0,0
12628,0.26180613097162675,1,0,0
1352,0.26180613097162675,1,0,0
1073,0.26180080383129967,1,0,0
12351,0.26179984317210087,1,0,0
8549,0.26163842684239563,1,0,0
12660,0.2614485793020084,0,0,0
6380,0.2613959509175454,0,0,0
7847,0.2613712603556456,0,0,0
1222,0.26126432211600076,1,0,0
10310,0.2612005278356532,1,0,0
1195,0.2611249500729926,0,0,0
10226,0.2610397008304701,0,0,0
2839,0.26096380843017913,1,0,0
5426,0.2608691773211344,1,0,0
9836,0.26085390356358995,1,0,0
1571,0.2608063165612752,0,0,0
5281,0.2607190869953156,0,0,0
7208,0.2607190869953156,0,0,0
7328,0.2607102495774515,0,0,0
1984,0.2603124943858128,1,0,0
1668,0.2602586852192548,1,0,0
329,0.2602091895721247,1,0,0
5015,0.2602091895721247,0,0,0
11718,0.2602091895721247,1,0,0
8673,0.26009640322137634,1,0,0
12763,0.26009640322137634,1,0,0
2813,0.26007129490551406,1,0,0
1176,0.2600655134536925,0,0,0
126,0.2600655134536925,0,0,0
11149,0.26003312482054214,1,0,0
11471,0.2599084612587677,1,0,0
12587,0.2597198324382974,1,0,0
9634,0.25961147893864694,1,0,0
10854,0.2594472796186333,0,0,0
4668,0.25918889659369326,0,0,0
4858,0.25889976495852285,0,0,0
7107,0.25889742889334494,1,0,0
6426,0.2588238778423909,1,0,0
762,0.25862360386122035,1,0,0
6756,0.2584414134904438,0,0,0
9860,0.2583865744786446,0,0,0
12752,0.25835343183307763,1,0,0
8566,0.2583319794383246,0,0,0
3454,0.2583110496403891,1,1,0
2100,0.2582646946572235,1,0,0
7658,0.2581110451724034,1,0,0
11503,0.2580261515998307,1,0,0
11672,0.2580261515998307,1,0,0
277,0.2580261515998307,1,0,0
6623,0.2580261515998307,0,0,0
5496,0.2580261515998307,1,0,0
509,0.2580261515998307,0,0,0
10704,0.2580261515998307,1,0,0
10170,0.2580261515998307,1,0,0
8122,0.25784365359474576,1,0,0
12080,0.25784059749589605,1,1,0
8216,0.2576077974482812,0,0,0
11633,0.25740434609830426,1,0,0
224,0.2573767840381891,1,0,0
4664,0.2570099035967962,1,0,0
7254,0.25699352300904194,0,0,0
3587,0.25674224828478315,1,0,0
3230,0.25674224828478315,0,0,0
6758,0.256710129941894,1,0,0
840,0.2565414181894924,0,0,0
2341,0.2564685248362773,1,0,0
8160,0.2564685248362773,0,0,0
1525,0.2564685248362773,0,0,0
221,0.2564685248362773,1,0,0
9656,0.2561906327639497,1,1,0
3672,0.2561627283568363,0,0,0
121,0.2559669645122387,1,0,0
1474,0.2559338775983931,1,0,0
3129,0.25589562469219196,1,0,0
10359,0.2558387892797392,0,0,0
1754,0.25557890966146346,1,0,0
4591,0.2554112931730181,0,0,0
3041,0.25518857498966663,0,0,0
10609,0.25518857498966663,1,0,0
7961,0.25518857498966663,1,0,0
9335,0.2550690201278448,1,0,0
10997,0.2550299056978571,0,0,0
9511,0.2548164769304198,1,1,0
11699,0.25480717451687696,1,0,0
10320,0.25475367574426794,1,0,0
3715,0.2546287955760613,1,0,0
5403,0.2544851511058363,1,0,0
11141,0.25444968082641467,1,0,0
10652,0.25442860359104463,1,0,0
6179,0.25434135846952705,0,0,0
7268,0.25434135846952705,0,0,0
9014,0.25434135846952705,1,0,0
10783,0.25427747888145547,1,0,0
10913,0.25420807389463446,0,0,0
8260,0.25409268091513687,1,0,0
9250,0.253911086796009,1,0,0
11378,0.253911086796009,0,0,0
7954,0.25384384340734123,1,0,0
5591,0.25383690812994086,0,0,0
5361,0.2537241016289892,1,0,0
9350,0.25365493734715344,0,0,0
7000,0.25347975393815514,1,1,0
5509,0.25347975393815514,1,0,0
11297,0.25310731653828517,1,0,0
4986,0.25307461327577424,1,0,0
11482,0.25303240997328647,0,0,0
11038,0.25303240997328647,0,0,0
5103,0.25303240997328647,1,0,0
4532,0.2530207470799342,1,1,1
7638,0.2530207470799342,1,0,0
1743,0.2530175024964769,0,0,0
11336,0.25283384685579513,1,0,0
5624,0.25283384685579513,1,0,0
6860,0.25271949937853866,1,0,0
10537,0.2525113699251974,1,0,0
10897,0.25238859680655135,1,0,0
8414,0.2522858423764752,0,1,0
5692,0.2522858423764752,1,0,0
962,0.2522858423764752,0,0,0
5677,0.2522858423764752,0,0,0
6069,0.25224663643890816,1,0,0
8810,0.25224663643890816,0,0,0
5951,0.25218021944940067,1,0,0
12537,0.25213800148301974,1,0,0
10149,0.2520319632224715,1,0,0
4201,0.252007810648472,1,0,0
4092,0.25193992963649686,1,0,0
6216,0.2519156029212994,0,0,0
4581,0.25190820844663114,1,0,0
6308,0.25151489412008116,1,1,0
8200,0.25149195012397846,0,0,0
10045,0.25149195012397846,1,0,0
3284,0.2513633468520287,0,0,0
6230,0.25113753788610654,0,0,0
4027,0.25110579124896715,1,0,0
8495,0.25110037845959043,1,1,0
1667,0.25099821566901787,1,0,0
10302,0.25099821566901787,0,0,0
2868,0.25099557989075344,1,0,0
3584,0.2506819086478379,1,0,0
3027,0.250599916008419,1,1,0
11669,0.2505462375046851,0,0,0
4161,0.250545310736861,0,0,0
3330,0.25014546846991875,1,0,0
344,0.25006814791307996,1,0,0
6610,0.2499531318403253,0,0,0
7503,0.2499531318403253,1,1,0
10963,0.24987382331939806,1,0,0
2133,0.24987382331939806,1,0,0
3226,0.24954994110509648,1,0,0
7868,0.249518420460885,0,0,0
2887,0.249518420460885,0,0,0
1376,0.24946154519480526,1,0,0
12658,0.2494549327791562,1,0,0
9141,0.2493718410593199,1,0,0
11806,0.2492174857880533,1,0,0
2379,0.24918271204171077,1,0,0
11272,0.2491640756578327,1,0,0
6993,0.2490570495789297,1,1,0
6888,0.24896126196493248,1,1,0
11150,0.24864994293727052,1,0,0
12736,0.2484178327375568,1,0,0
8906,0.24829297504955825,1,0,0
12273,0.24825521179016552,1,0,0
4053,0.24822810553142202,0,0,0
12019,0.24819764024047547,1,0,0
12731,0.24819764024047547,1,0,0
4392,0.2480896295354691,1,0,0
10540,0.2478781797045829,1,0,0
5728,0.24785486670325446,1,0,0
11802,0.24736811475155826,1,0,0
9422,0.2473416362598223,1,0,0
11911,0.24724553449134684,0,0,0
10157,0.24724553449134684,1,0,0
3072,0.2469967097806606,1,0,0
11446,0.2468087136104955,0,0,0
2929,0.24667015163681913,0,0,0
3883,0.24655154615665797,0,0,0
4266,0.24631265232990635,1,1,0
12525,0.24618925343291398,1,0,0
12679,0.2461302132920451,1,1,0
11217,0.24609898294333749,1,0,0
4507,0.24609898294333749,0,0,0
2590,0.24598429085471943,0,0,0
9504,0.2459803219613618,1,0,0
4999,0.24596794090512875,0,0,0
4261,0.24589704209031218,1,0,0
11195,0.24583973487975752,1,0,0
7655,0.24564952912383764,0,0,0
5778,0.24550354095164648,1,0,0
1894,0.24490583936737725,1,0,0
5809,0.24490583936737725,1,0,0
211,0.24488570277182511,1,1,0
10938,0.24484238931142652,1,0,0
1679,0.2447325862827648,1,0,0
7485,0.24469828277511346,1,0,0
5698,0.24452020303346625,1,0,0
4700,0.24447944491112095,0,0,0
868,0.24433803576243612,1,0,0
2018,0.24433803576243612,1,0,0
52,0.24433803576243612,1,0,0
2602,0.24433803576243612,1,0,0
977,0.24433803576243612,1,0,0
12630,0.24433803576243612,0,0,0
7569,0.24433803576243612,0,0,0
9459,0.24433803576243612,1,0,0
9539,0.24433803576243612,1,0,0
12038,0.24433803576243612,0,0,0
12197,0.24428821672585607,1,0,0
7539,0.24424694945960757,0,0,0
10928,0.24424694945960757,1,0,0
2664,0.2441320731507139,1,0,0
9032,0.2440975695449956,1,0,0
5163,0.2440612758412313,0,0,0
792,0.24400846829018108,1,0,0
11158,0.24397346258542937,1,0,0
3772,0.24397346258542937,1,0,0
10376,0.24397346258542937,1,0,0
3598,0.24397346258542937,0,0,0
7759,0.24397346258542937,1,0,0
11116,0.24397346258542937,0,0,0
12751,0.2438080722805401,1,0,0
6918,0.2437350251783904,1,0,0
10741,0.24355351299413144,1,0,0
4975,0.24354876251906896,0,0,0
441,0.243411051017326,1,0,0
1190,0.24339915672436063,1,0,0
7176,0.24293386005929088,1,0,0
3266,0.2428336683683085,1,0,0
5806,0.2426627241445456,1,0,0
5345,0.24255177840532421,1,0,0
4442,0.24214440055480285,1,0,0
5878,0.24188370410575022,0,0,0
8070,0.24186399614084053,0,0,0
5890,0.241463869326947,0,0,0
10628,0.24145054489664178,0,0,0
3819,0.24123338910010322,1,0,0
3186,0.24123338910010322,0,0,0
2441,0.2410658911535292,0,0,0
7678,0.2407887608714483,1,0,0
12779,0.24075799182643146,1,0,0
8592,0.24075799182643146,0,0,0
8424,0.24040320778400662,1,0,0
4655,0.24034698338593818,1,0,0
5625,0.2401407307697412,1,0,0
11405,0.2399439976636542,1,1,0
6405,0.2399049537728299,1,0,0
6886,0.23979914138462233,1,0,0
8701,0.2397787565132613,0,0,0
11447,0.23961102347588326,0,0,0
12292,0.23960182935083982,1,1,0
9680,0.23958468542065237,1,1,0
712,0.23934074562087018,1,0,0
8235,0.23920753498136887,1,0,0
8019,0.23916495485776174,1,0,0
6896,0.2390300364904185,0,0,0
3792,0.23871928126279618,0,1,0
11820,0.23871928126279618,0,0,0
7402,0.23871481246280418,0,0,0
8758,0.23871481246280418,0,0,0
5030,0.23849200030133882,1,0,0
7369,0.23834690664583041,1,0,0
8965,0.23826981373366488,0,0,0
10093,0.23826981373366488,1,1,0
1252,0.23801149760150808,1,0,0
8376,0.23798239997859166,0,0,0
527,0.23792817295531218,1,0,0
1377,0.23789950485569125,1,0,0
4485,0.2378845228753431,1,1,0
12305,0.23760350656772117,1,0,0
2238,0.2374206284488967,1,0,0
9003,0.23741726216594283,1,0,0
5822,0.23728392778268498,1,0,0
3743,0.23727586756424604,1,0,0
903,0.23727586756424604,0,0,0
3001,0.23727586756424604,1,0,0
7812,0.23722879598892033,1,0,0
2872,0.23718579155064112,0,1,0
2070,0.23718579155064112,1,0,0
6783,0.2370537047477584,1,0,0
4977,0.23699653487210137,1,0,0
2289,0.23696609916429395,1,0,0
4354,0.23693934032870217,1,0,0
3566,0.23693934032870217,1,0,0
7398,0.2368762866636885,1,0,0
8618,0.23666696822026617,1,0,0
5359,0.23646061277640318,1,0,0
7956,0.23629118078861996,0,0,0
79,0.23614694247884604,0,0,0
7304,0.23606854047934134,1,0,0
7836,0.23576648150351834,1,0,0
8279,0.23567941910930268,0,1,0
2281,0.23563771894400662,1,0,0
9959,0.23563771894400662,0,0,0
6966,0.23563039169383088,0,0,0
465,0.23563039169383088,1,0,0
12694,0.23552106229523176,1,0,0
4502,0.23548831083559454,0,0,0
6446,0.2354363886609994,1,0,0
11165,0.23523598637201013,1,0,0
4209,0.23521651384757655,1,0,0
8469,0.2349240603712116,1,0,0
6970,0.23483391285703556,0,1,0
1115,0.2347920351910095,1,0,0
2961,0.2347920351910095,1,0,0
3264,0.23476763887953112,0,0,0
5765,0.23433697380902468,0,0,0
9388,0.2341825380053207,1,0,0
10561,0.23414042688178954,1,1,0
3021,0.23412075497481236,0,0,0
3631,0.23400431901642885,1,0,0
311,0.2338416542136472,1,0,0
7577,0.23382892896489815,1,0,0
432,0.23378060770663886,1,0,0
12555,0.23349078764794376,0,0,0
2998,0.23296484484060134,0,0,0
7125,0.23251092854489758,0,0,0
7288,0.23243454985560155,0,0,0
12237,0.23242111760051348,0,0,0
7487,0.2323296865218998,1,0,0
11918,0.23232759466939107,1,0,0
1526,0.23232757249382774,0,0,0
8068,0.23232757249382774,1,0,0
12687,0.23232538286269086,0,0,0
1693,0.2323133151853114,1,0,0
12377,0.23224583906392565,1,0,0
8334,0.23216229444895256,0,0,0
9518,0.23216229444895256,1,0,0
10514,0.23216229444895256,1,0,0
2142,0.23216229444895256,1,0,0
5035,0.23216229444895256,1,0,0
661,0.23216229444895256,0,0,0
10795,0.23216229444895256,0,0,0
12022,0.23216229444895256,0,0,0
662,0.2316685143146517,0,0,0
12677,0.2316685143146517,1,0,0
6422,0.2316685143146517,1,0,0
449,0.2316685143146517,1,0,0
5180,0.2316685143146517,1,0,0
12634,0.23165835236284046,1,0,0
2657,0.23148899093203026,1,0,0
6471,0.23139617450842512,1,0,0
4258,0.23139617450842512,1,0,0
7691,0.23117313376726215,1,0,0
7697,0.23098475015576728,1,0,0
203,0.23098475015576728,1,0,0
11283,0.23092159024973594,1,0,0
3872,0.23092159024973594,0,0,0
305,0.23092159024973594,0,0,0
10024,0.23092159024973594,0,0,0
3343,0.23092159024973594,0,0,0
1284,0.23092159024973594,0,0,0
10807,0.23092159024973594,1,0,0
5936,0.23092159024973594,0,0,0
1361,0.23092159024973594,1,0,0
6725,0.23071334377639155,1,0,0
8885,0.23057825502617615,1,0,0
6989,0.23049481746146838,1,0,0
5559,0.2298904983119327,0,0,0
6499,0.2298904983119327,1,0,0
11358,0.22966432863189937,0,0,0
6262,0.22962423358651515,1,0,0
6607,0.22954005342643768,1,1,0
9148,0.22945365973143086,1,0,0
343,0.22935171267483623,1,0,0
10517,0.22907090917895764,0,0,0
4510,0.22896011530091182,0,0,0
5016,0.22894861662228552,0,0,0
9852,0.22885675098697364,1,0,0
10087,0.22860258843902273,1,0,0
7350,0.22858405615523156,0,1,0
5206,0.2284936998555188,1,0,0
10371,0.22843811446845155,1,0,0
480,0.22843811446845155,1,0,0
6745,0.22840502249008626,0,0,0
9028,0.2283821796078935,1,0,0
3707,0.22832245373633364,1,0,0
2265,0.22832245373633364,1,0,0
3116,0.22831379117782163,1,0,0
9420,0.2277551451146359,0,0,0
11892,0.2276854052490815,1,0,0
901,0.2276817014703587,1,0,0
6733,0.2276817014703587,0,0,0
4413,0.2276817014703587,1,0,0
4416,0.2276817014703587,1,0,0
8799,0.22760033874663635,1,0,0
12522,0.22745216481721053,1,0,0
6406,0.22732322348306255,1,0,0
82,0.22731665058430656,1,0,0
6877,0.22718376252376882,1,0,0
4026,0.2271441592295566,1,0,0
8136,0.22707954809170436,1,0,0
9740,0.22685261073942856,1,0,0
9140,0.22673483826718027,1,0,0
10569,0.2266952492160658,1,0,0
9666,0.22651960028021156,1,0,0
12018,0.2264618932693775,1,0,0
110,0.22621775371026548,0,0,0
11058,0.2261111539737799,1,0,0
1446,0.22600380256361027,1,0,0
7468,0.22600380256361027,1,0,0
5996,0.2258078887398756,0,0,0
9248,0.2257862504395163,1,0,0
9575,0.22562726452404586,1,0,0
7549,0.225624563668513,1,1,0
9211,0.22561443594914612,0,0,0
8381,0.22561406965726324,1,0,0
7129,0.2255811314974716,0,0,0
10145,0.22544818185217141,0,0,0
10317,0.22544644477994688,1,0,0
3224,0.22528987930470293,0,0,0
9654,0.22500321719437333,1,0,0
7586,0.22488138412858194,1,0,0
6880,0.22488138412858194,0,0,0
2435,0.22484168974786253,1,1,0
208,0.22483866316955436,1,0,0
117,0.22465857662599792,1,0,0
5352,0.22410966423142983,1,0,0
10446,0.22406186938892417,1,0,0
6767,0.22392327546081037,1,0,0
1031,0.2238940260016069,1,1,0
2205,0.2238940260016069,1,1,0
7774,0.2238274866181375,1,0,0
1573,0.22380101854130235,1,0,0
234,0.22370788275257525,1,0,0
3251,0.22370788275257525,0,0,0
4285,0.2235811575615281,0,0,0
6016,0.22351073866301763,1,0,0
1737,0.22339040163298005,1,0,0
11117,0.2225343682619781,1,0,0
1069,0.2221646382706275,0,0,0
12595,0.2218102258613103,1,0,0
6931,0.22174200633703064,1,0,0
12275,0.22162573764588755,1,0,0
3912,0.22157747967373653,0,0,0
9357,0.22142702038356812,0,0,0
10360,0.22141083029899514,1,0,0
4983,0.2212471315296104,1,0,0
5190,0.2212390397953004,1,0,0
2538,0.2212390397953004,1,0,0
5183,0.2212390397953004,1,0,0
1508,0.22123689474333627,1,0,0
7649,0.22119570650142942,1,0,0
2399,0.22095245986877876,1,0,0
11992,0.22068740861556616,1,0,0
964,0.220599272748872,0,0,0
2284,0.2205583339027186,1,0,0
487,0.22049273966151206,1,0,0
5608,0.22039908853420015,0,0,0
3237,0.22029771767719086,1,0,0
10254,0.2200938100342585,0,1,0
2460,0.22003398623956785,1,0,0
3435,0.22003398623956785,1,0,0
11202,0.22003398623956785,1,0,0
9235,0.22003398623956785,1,0,0
7223,0.21983552508421317,1,0,0
3856,0.2196658598833419,0,0,0
11879,0.2196658598833419,0,0,0
9603,0.2196658598833419,1,0,0
1932,0.2196658598833419,1,0,0
12240,0.21957706681153158,0,0,0
1274,0.21954060668719114,1,0,0
677,0.21949865893144768,0,0,0
9559,0.2191256477166742,1,0,0
1094,0.2190984710111906,0,1,0
3961,0.21907204369768263,1,1,0
9264,0.21876080693048677,1,0,0
1217,0.21850779988276603,1,1,0
553,0.21845326842943547,1,0,0
2847,0.2183665895537609,1,0,0
6796,0.21834701574147497,0,0,0
2888,0.21793421332038865,1,0,0
5127,0.21781046352216624,1,0,0
7387,0.2176651854636009,0,0,0
6168,0.2176651854636009,0,0,0
3054,0.21741453499088817,0,0,0
3628,0.2171738545962093,0,0,0
11862,0.2171738545962093,1,0,0
4873,0.21716236636610042,1,0,0
2911,0.21684617410804455,1,1,0
1254,0.21684577359361806,0,0,0
152,0.21684577359361806,1,0,0
9587,0.21683941025928416,0,0,0
5209,0.21678831005928395,0,0,0
1618,0.21678831005928395,1,0,0
6307,0.21678831005928395,0,0,0
10381,0.21674125681924328,0,0,0
10052,0.2166096600476378,1,0,0
4865,0.2163470009384869,1,0,0
6720,0.2163470009384869,0,0,0
8291,0.2162848583652954,0,0,0
10922,0.21621282838271977,1,0,0
914,0.21621282838271977,1,0,0
1823,0.21614241389320016,1,0,0
3771,0.21614241389320016,0,0,0
12765,0.21614241389320016,0,0,0
5662,0.21586629057708848,1,0,0
2111,0.21586629057708848,1,0,0
5788,0.21572235465725742,0,0,0
10248,0.2156094181194767,1,0,0
660,0.2155596836849038,1,0,0
6763,0.2155596836849038,1,0,0
5539,0.21549751608745166,0,0,0
4503,0.21543041737201413,0,0,0
2082,0.2154183273040006,1,0,0
1062,0.21536250720233324,0,0,0
805,0.21519806627941263,0,0,0
9258,0.21516500997283533,1,0,0
10985,0.21497638601281585,1,0,0
12346,0.21496620778628475,1,0,0
12155,0.21488452993308713,0,0,0
11096,0.21475266758543293,0,0,0
9209,0.21433270666222792,0,0,0
177,0.21403783900902518,1,1,0
4276,0.21403783900902518,0,0,0
1846,0.21403783900902518,1,0,0
12279,0.21403783900902518,0,0,0
9263,0.21403783900902518,1,0,0
6850,0.21403783900902518,1,0,0
9902,0.21403783900902518,1,0,0
3668,0.21403783900902518,1,0,0
5034,0.21403783900902518,1,0,0
10204,0.21403783900902518,1,0,0
4088,0.21403783900902518,1,0,0
7823,0.21403783900902518,0,0,0
12469,0.21403783900902518,1,0,0
2721,0.21398156885486194,0,0,0
1468,0.21397394966985223,1,0,0
607,0.21378590090875496,0,0,0
997,0.21377701450329678,1,0,0
3320,0.21377701450329678,0,0,0
1298,0.21362906191635495,1,0,0
9692,0.2135090068275917,0,0,0
3046,0.21327542171585068,0,1,0
11619,0.21293689663580814,0,0,0
3306,0.21278980668556552,0,0,0
1634,0.2127273757286883,1,0,0
6382,0.21245430419333242,1,0,0
10292,0.21245430419333242,1,0,0
1257,0.21235958275135386,1,0,0
5968,0.21196507502489237,0,0,0
4437,0.211764545781494,0,0,0
20,0.21165151982273264,0,0,0
5097,0.21163303350756552,1,0,0
72,0.21144939463048765,1,0,0
12120,0.21144939463048765,1,0,0
9199,0.21144398135177872,0,0,0
11467,0.2114187423604909,0,0,0
841,0.21137452560583717,0,0,0
3359,0.2113618137833294,1,1,1
6950,0.2111493850778411,1,0,0
4924,0.2111333647531867,1,0,0
6656,0.2111333647531867,1,0,0
6498,0.21088524855910296,1,0,0
11998,0.21085285107853477,1,0,0
9916,0.21083292497398146,1,0,0
3416,0.21063945403624346,1,0,0
3263,0.21054230122429934,1,0,0
299,0.21054230122429934,0,0,0
2052,0.21054230122429934,1,0,0
3515,0.21054230122429934,1,0,0
12266,0.21054230122429934,1,0,0
469,0.21054230122429934,1,0,0
10574,0.21054230122429934,1,0,0
7595,0.21054230122429934,1,0,0
11177,0.21054230122429934,1,0,0
7001,0.21054230122429934,0,0,0
7901,0.21027719945155476,1,0,0
3574,0.21024673005270147,0,0,0
12650,0.21024673005270147,1,0,0
5568,0.21024673005270147,1,0,0
1303,0.21024673005270147,0,0,0
12130,0.21024673005270147,1,0,0
9039,0.21024673005270147,1,0,0
10205,0.21024673005270147,1,0,0
5032,0.21024673005270147,0,0,0
8410,0.21024673005270147,1,0,0
9805,0.21024673005270147,1,0,0
6431,0.21024673005270147,1,0,0
679,0.20997967276502513,1,0,0
2799,0.2097301183644845,0,0,0
11627,0.20925451726208133,1,0,0
7817,0.2091972642106534,1,1,0
2629,0.20884641511600793,0,0,0
1265,0.20884641511600793,0,0,0
9419,0.20884641511600793,1,0,0
6940,0.20884641511600793,1,0,0
6462,0.20884641511600793,1,0,0
11308,0.20884641511600793,1,0,0
2110,0.20884641511600793,1,0,0
7548,0.20884641511600793,1,1,0
6731,0.20884641511600793,1,0,0
9698,0.20884641511600793,1,0,0
1778,0.20884641511600793,0,0,0
11461,0.20884641511600793,1,0,0
8095,0.20884641511600793,1,1,0
926,0.20884641511600793,1,0,0
905,0.20884641511600793,1,0,0
3,0.20884641511600793,1,0,0
2687,0.20884641511600793,1,0,0
11014,0.20884641511600793,1,0,0
10631,0.20884641511600793,0,0,0
295,0.20884641511600793,1,0,0
7779,0.20878339018586503,1,0,0
3223,0.20843736034906685,1,1,0
11436,0.2081124859468002,1,0,0
11355,0.2080875040958779,1,1,0
12785,0.2080875040958779,1,0,0
10638,0.20802009008226982,0,0,0
11676,0.20790301616717485,0,0,0
12363,0.20784324691388723,1,0,0
4642,0.20765371890142517,0,1,0
458,0.20763125687320713,0,0,0
9726,0.2076044634865578,0,0,0
1513,0.20745746263445894,1,0,0
8308,0.20720046427576191,1,0,0
9306,0.20665482941058294,1,0,0
2217,0.2059910099817437,0,0,0
3475,0.20591315172761537,1,0,0
10887,0.20591315172761537,1,0,0
7476,0.2054135022136308,1,0,0
6823,0.2054135022136308,1,1,0
7322,0.2054135022136308,1,0,0
3787,0.2054135022136308,0,0,0
1453,0.2054135022136308,0,0,0
7894,0.2054135022136308,0,0,0
437,0.2054135022136308,1,0,0
12642,0.2054135022136308,0,0,0
4243,0.2054135022136308,1,0,0
1521,0.20531730923988484,1,0,0
4170,0.2052108518266215,1,0,0
8914,0.2052108518266215,0,0,0
10846,0.2051497036773545,1,0,0
5805,0.20503173805977057,1,0,0
12797,0.2049010129990803,1,1,0
4467,0.20484456730163422,1,0,0
12417,0.20484456730163422,1,1,0
11257,0.20484456730163422,1,0,0
4828,0.20468649482335796,1,0,0
6558,0.20468649482335796,1,0,0
3848,0.20467584190629753,1,0,0
10634,0.20441527590258624,0,0,0
7939,0.20434000610394973,1,0,0
3643,0.20431300953871157,1,0,0
2159,0.2042866274003685,1,0,0
8718,0.20421115654632618,1,0,0
3621,0.20417829549656893,0,0,0
4863,0.2038077528652606,0,0,0
10043,0.20375842550611367,1,0,0
8168,0.2036354400513197,0,0,0
8619,0.2036354400513197,1,0,0
4486,0.2036093989609434,1,0,0
11171,0.203312944596544,1,0,0
3361,0.203312944596544,1,0,0
6817,0.20330869660047973,0,0,0
1136,0.20330254513603943,0,0,0
10762,0.20311181770671663,1,0,0
5326,0.20297128163959738,1,0,0
5851,0.2027959035266122,1,0,0
649,0.20253967251503363,0,0,0
7128,0.20194465387708838,0,0,0
10948,0.2018271549261426,0,0,0
8384,0.20180141023906883,1,0,0
11017,0.2017565067517157,0,0,0
2185,0.201703891594177,1,0,0
10037,0.201703891594177,1,0,0
7359,0.20168943544798,0,0,0
5842,0.20159337602463712,1,0,0
1909,0.20154156458520783,0,0,0
3287,0.20143498298990434,1,0,0
5570,0.20131667168357523,1,0,0
4360,0.20122201940363416,1,0,0
942,0.20090387197925613,0,0,0
652,0.2007425885808344,1,0,0
8771,0.2007425885808344,0,0,0
10076,0.2007425885808344,1,0,0
5367,0.20067132249479452,1,0,0
7551,0.2001325696090304,1,0,0
876,0.20010712928581392,0,0,0
10793,0.1997784805482076,0,0,0
11531,0.19970675802073132,1,1,0
9987,0.19929207329365997,1,1,0
428,0.19927285636700903,0,0,0
10452,0.19918484985304538,1,0,0
10154,0.19908390388161765,0,0,0
3109,0.19899128453465675,1,0,0
7092,0.19881212523676264,1,1,0
3502,0.19881212523676264,1,0,0
9012,0.19874634515553796,1,0,0
5300,0.198549499332383,0,0,0
4810,0.1984681881944152,1,0,0
11946,0.19812100732264343,1,0,0
4709,0.1979697011578022,1,0,0
9597,0.19793722400402258,1,0,0
7222,0.19664319780872994,1,0,0
5122,0.19656434622178806,0,0,0
7811,0.1964128469593678,1,1,0
10690,0.1964128469593678,1,0,0
3667,0.19640834389565928,0,0,0
5626,0.19640789310893392,0,0,0
4127,0.19625268394144477,1,0,0
11331,0.19610739632907337,1,0,0
7105,0.19609413806296722,1,0,0
9965,0.19605326559019784,1,1,0
6876,0.19605326559019784,1,0,0
2050,0.19601233690441847,1,0,0
6304,0.19601233690441847,1,0,0
4149,0.19558517543415027,1,0,0
10364,0.19553653713603872,0,0,0
4426,0.19552773902625264,1,0,0
1157,0.19551185681693142,1,0,0
4196,0.1953023133713975,1,0,0
9262,0.19527868821033412,0,0,0
4827,0.19520804773223838,1,0,0
1182,0.1951395870402448,0,0,0
9376,0.19471247620956766,1,0,0
1895,0.1946256396288112,0,1,0
1963,0.1944256453578678,1,0,0
8621,0.1942549902924805,1,0,0
1864,0.1942549902924805,1,0,0
10085,0.19423312753521962,0,0,0
8894,0.19415242320939297,1,0,0
10410,0.19389492690309057,1,0,0
12601,0.19389492690309057,0,0,0
8319,0.19389492690309057,1,0,0
3316,0.19373977047882524,1,0,0
5773,0.19373676735257572,1,0,0
11606,0.19359407269296192,1,0,0
5471,0.19325598225901552,1,0,0
10331,0.19320428974512993,1,0,0
3244,0.19317007786836293,0,0,0
7885,0.19289478435756166,1,0,0
573,0.19279699091533306,0,0,0
1314,0.19269170298001273,1,1,0
4979,0.19260392852136382,1,0,0
3798,0.1923728341470241,1,0,0
5459,0.19232412533523072,1,0,0
570,0.1921556226410827,1,0,0
4294,0.19213614336197396,1,0,0
6629,0.19184890226899856,0,0,0
2413,0.1915986740361207,1,0,0
2555,0.19134484565527268,1,0,0
1417,0.19118822528878504,0,0,0
2117,0.19114445721340273,0,0,0
5473,0.19044806939641165,1,1,0
7032,0.19039429660280735,0,0,0
6413,0.1903617869260421,1,0,0
4541,0.19012051183027348,1,0,0
4888,0.19012051183027348,0,0,0
4252,0.19011185575064918,0,0,0
963,0.19009752015020062,1,1,0
4397,0.18999476248212135,1,0,0
8306,0.18999476248212135,1,0,0
7706,0.18993891097014132,0,0,0
11888,0.18960856584371422,1,0,0
4506,0.18951315081074463,1,0,0
7400,0.1892856127880767,1,0,0
10072,0.18913358596614968,0,0,0
6652,0.18902766581344665,1,0,0
7722,0.18902766581344665,1,0,0
9192,0.18902467767916928,1,0,0
9915,0.18897526729330041,1,0,0
10746,0.18870210199135595,1,0,0
7452,0.18870210199135595,0,0,0
5484,0.18869363871140182,1,0,0
8499,0.1885712560115537,0,0,0
9920,0.18856214694061843,1,0,0
7996,0.18830526137858544,0,0,0
7033,0.18823775735978057,0,0,0
12170,0.18807492820655608,1,0,0
2000,0.18799416041813968,1,0,0
10679,0.18790454492316244,1,0,0
6048,0.18783420968858933,0,0,0
3155,0.18772742805241696,1,0,0
1593,0.18745857371695057,1,0,0
11524,0.18721651667755776,1,0,0
28,0.18677236867287866,1,0,0
8818,0.18661398432825915,1,0,0
2371,0.186506082190161,1,0,0
6941,0.185953815985494,0,0,0
6227,0.1858100230131306,1,0,0
7753,0.1857789435905359,1,0,0
9701,0.1857789435905359,0,0,0
4364,0.18545007883756567,1,0,0
9312,0.18545007883756567,0,0,0
11835,0.18545007883756567,1,1,0
10632,0.18545007883756567,1,0,0
11778,0.18545007883756567,1,0,0
2921,0.18545007883756567,1,0,0
1233,0.18545007883756567,1,0,0
5932,0.18545007883756567,0,0,0
275,0.18509723417922375,0,0,0
12774,0.18509723417922375,1,0,0
1550,0.18497749762154417,1,0,0
2247,0.18487517590189878,0,0,0
6836,0.18487517590189878,1,0,0
844,0.18462448087986927,1,0,0
636,0.18462448087986927,0,0,0
6249,0.1843333951592943,1,0,0
9919,0.18427034948283408,1,0,0
10866,0.18407008486075724,0,0,0
4165,0.18378463743318366,0,0,0
3091,0.18370568398733517,1,0,0
6379,0.18352396394162093,1,0,0
9761,0.1835228333074943,1,0,0
11767,0.18305300401720187,0,0,0
6212,0.18291016376072003,1,0,0
2920,0.1828010505333891,0,0,0
9922,0.18250473727140104,1,0,0
5628,0.1824575890355441,1,0,0
10278,0.1824575890355441,1,0,0
2823,0.1824575890355441,0,0,0
7829,0.1824575890355441,1,0,0
4272,0.1824575890355441,1,0,0
3240,0.18235929320442407,1,0,0
6258,0.18225711708096257,0,0,0
3666,0.18194065316624894,0,0,0
8866,0.18192480397858674,0,0,0
3497,0.18181006806241293,0,1,0
2173,0.18174534398921668,1,0,0
186,0.18174534398921668,1,0,0
5132,0.18167109231463052,1,0,0
4105,0.18143849740237797,0,0,0
6463,0.18125939520429313,1,0,0
3024,0.18105999788309063,1,0,0
10336,0.1810367918933357,1,0,0
6608,0.18103006062873694,0,0,0
725,0.18074947225500113,1,0,0
8918,0.18042230862337427,1,0,0
3398,0.1800839931608084,0,0,0
7778,0.1800491021575006,0,0,0
4455,0.17973035180778724,1,0,0
5629,0.1795717225372466,1,0,0
4631,0.1794940435397515,0,0,0
8427,0.17943552502221893,0,0,0
8997,0.17939442004450867,1,0,0
3900,0.17928794462501474,1,0,0
12226,0.17922636214867607,1,0,0
3076,0.1790312789390983,1,0,0
9858,0.17883966533116255,1,0,0
3776,0.178790512381524,1,1,0
12488,0.17868360010316398,1,0,0
5863,0.17860439274683457,0,0,0
9408,0.17860439274683457,1,0,0
8665,0.1784698569581422,1,0,0
11309,0.17844572692399022,1,0,0
8905,0.17819642074491013,1,1,0
9861,0.17781810809867288,0,0,0
12530,0.1777239204814681,1,0,0
8452,0.17758870822943348,1,0,0
9768,0.17730592160503766,0,0,0
42,0.17730592160503766,1,0,0
3724,0.17715463372820656,0,0,0
10933,0.17698642678893298,1,0,0
4358,0.1768021531907246,1,0,0
7910,0.17666226578560448,0,0,0
1702,0.1764159300983141,1,0,0
8670,0.1762653552481591,1,0,0
12111,0.17592931466904752,1,1,0
11252,0.17580801225800058,0,0,0
8526,0.1757131061234113,1,0,0
1076,0.175673366711437,1,0,0
403,0.17562388657001762,1,0,0
10525,0.17557933540808818,1,0,0
3201,0.17557933540808818,1,0,0
12103,0.17557933540808818,0,0,0
9203,0.1755743788331016,1,0,0
5655,0.1755743788331016,1,0,0
9859,0.17551426545453092,1,1,0
9439,0.17540495251639193,1,0,0
3996,0.17540495251639193,1,0,0
12593,0.17540495251639193,1,0,0
6885,0.17540495251639193,0,0,0
7793,0.17540495251639193,1,0,0
1770,0.17540495251639193,1,1,1
8676,0.17540495251639193,0,0,0
11934,0.17540495251639193,1,0,0
4410,0.17523112771765662,1,0,0
9900,0.17490087488132852,0,0,0
5007,0.17447956517858096,1,0,0
11113,0.17443475646618964,1,0,0
9974,0.17443475646618964,1,0,0
686,0.17433210939356572,1,0,0
2927,0.17433003031935262,0,0,0
1192,0.17381442483265327,0,0,0
5947,0.17318880160302907,1,0,0
8043,0.17303402579880492,1,0,0
8653,0.17273507189896653,1,0,0
4805,0.17273507189896653,1,0,0
5833,0.17235529461367188,0,0,0
12387,0.17235529461367188,1,0,0
583,0.1721351059335821,0,0,0
640,0.17198157253858679,1,0,0
12257,0.171859160355369,1,0,0
10128,0.17166361618588719,1,0,0
4608,0.1715814218738646,1,0,0
8764,0.17157443652230775,1,1,0
9156,0.17157443652230775,0,0,0
2156,0.17157443652230775,0,0,0
5631,0.17147036830330425,0,0,0
11894,0.17094439286208724,1,0,0
9759,0.17093938650667562,1,0,0
12643,0.17081459857807962,1,0,0
3440,0.17081459857807962,1,0,0
8252,0.17070237612442282,1,0,0
9576,0.17048318458744127,0,0,0
8432,0.17048318458744127,1,0,0
5632,0.17048318458744127,1,0,0
1900,0.17032426816622387,1,0,0
11406,0.17001727868427818,1,0,0
6306,0.17000497014315596,1,0,0
11935,0.17000497014315596,1,0,0
9261,0.1696719284773058,0,0,0
3925,0.16948743321367524,0,0,0
1562,0.16941615786906714,1,0,0
7007,0.16936053040530027,0,0,0
4024,0.16935181509129843,1,0,0
10751,0.16933195816594296,1,0,0
11763,0.16924145478515543,1,0,0
1648,0.1690472027355448,1,0,0
7070,0.16877889421367917,1,0,0
11690,0.1687680619983309,0,0,0
6571,0.16864497352876398,1,1,0
12532,0.16852019292859946,1,0,0
8478,0.16777435667353133,1,0,0
10476,0.16768207465193327,1,0,0
5712,0.16756152728104412,1,0,0
3281,0.1674211560335936,1,0,0
12110,0.16733286679832252,0,0,0
5995,0.1672105065698974,0,1,0
2369,0.16616570515481488,1,0,0
10490,0.16581201532902523,1,0,0
10952,0.16562280678950705,1,0,0
5395,0.16562280678950705,0,0,0
11428,0.16562280678950705,1,0,0
1404,0.16562280678950705,1,0,0
160,0.16562280678950705,0,0,0
3932,0.16562280678950705,1,1,0
9799,0.16562280678950705,1,0,0
5601,0.16562280678950705,0,0,0
12233,0.16562280678950705,0,0,0
4158,0.16546007799281895,0,1,0
9911,0.1649468812941962,0,0,0
1698,0.1648787936711941,0,0,0
3422,0.1646777965061314,1,0,0
7593,0.1642763618434441,0,0,0
3777,0.1642763618434441,1,0,0
3164,0.1635437994047668,0,0,0
1304,0.16323142438135785,0,0,0
11945,0.163148463634402,0,0,0
1291,0.1625880579027932,1,0,0
4973,0.1623819383463654,1,0,0
10598,0.1622678152081086,1,0,0
10437,0.16211120111132948,1,0,0
9561,0.16211120111132948,0,0,0
9690,0.16199160021598843,0,0,0
11616,0.16199160021598843,1,0,0
11375,0.16199160021598843,1,0,0
11293,0.16199160021598843,1,0,0
2560,0.1619052135046764,1,0,0
8981,0.1619052135046764,1,0,0
2627,0.1619052135046764,1,0,0
3334,0.16186589323277453,1,0,0
9647,0.161724702538244,1,0,0
1349,0.16149728841010935,1,0,0
5192,0.16120211470562948,1,0,0
12721,0.16057449330616091,1,0,0
2562,0.16053862693801263,1,0,0
12649,0.16042464611126508,1,0,0
9627,0.16026298877569609,1,0,0
3421,0.16022858003930482,1,0,0
1507,0.16022858003930482,1,0,0
4032,0.16022858003930482,1,0,0
4403,0.16022858003930482,1,0,0
5156,0.16022858003930482,1,1,0
12369,0.16022858003930482,1,0,0
242,0.16022858003930482,1,0,0
11479,0.16022858003930482,0,0,0
8680,0.16022858003930482,1,0,0
9038,0.16022858003930482,1,0,0
8637,0.16022858003930482,0,0,0
3441,0.16022858003930482,1,0,0
6869,0.16022858003930482,1,0,0
5286,0.16022858003930482,0,0,0
8501,0.16019232430799057,1,0,0
1420,0.16019232430799057,1,0,0
5891,0.16019232430799057,1,0,0
11507,0.16002562087613867,1,0,0
6768,0.15976273797310717,1,0,0
4155,0.1596408292934964,1,0,0
9336,0.15949876873364166,1,0,0
7563,0.15937663364338356,1,0,0
10104,0.15879448875994517,0,0,0
10526,0.15879448875994517,0,0,0
5453,0.15873079479539912,0,0,0
9218,0.15865109252135026,0,0,0
9948,0.1581886066242078,1,0,0
11050,0.1580669852971415,1,0,0
2866,0.1576513134860163,1,0,0
9705,0.157561621244051,0,0,0
7483,0.157561621244051,1,0,0
10867,0.15755563942302714,0,0,0
8487,0.15729248463938345,1,0,0
8244,0.15715223706383344,0,0,0
10266,0.15658348283563928,1,0,0
7245,0.15645048998882233,1,0,0
4183,0.15645048998882233,1,0,0
10724,0.15645048998882233,1,0,0
2307,0.15645048998882233,1,0,0
7259,0.15645048998882233,1,0,0
11037,0.15645048998882233,1,0,0
6548,0.15645048998882233,0,0,0
6748,0.15645048998882233,1,0,0
699,0.15645048998882233,0,0,0
711,0.15645048998882233,0,0,0
12032,0.15632967106019283,0,0,0
9322,0.15620346075383387,0,1,0
10659,0.15608452320086041,1,0,0
2928,0.15593702347044006,1,1,0
7357,0.15581091082642318,1,1,0
4411,0.15577378837392072,0,0,0
7737,0.15575854602405162,0,0,0
4560,0.1539117356672148,1,0,0
3906,0.15360094669430815,0,0,0
1493,0.15329762528528235,0,0,0
1540,0.15329762528528235,1,0,0
6284,0.1531516978418735,0,0,0
7085,0.1531516978418735,1,0,0
8750,0.15225178167646108,1,0,0
10816,0.1521190994092479,1,0,0
6294,0.151860943580804,1,0,0
7095,0.15134614877056063,1,1,0
826,0.15110960513397712,0,0,0
9146,0.15094819938573184,1,0,0
5919,0.15094819938573184,0,0,0
1657,0.15094819938573184,0,0,0
416,0.15094819938573184,1,0,0
3713,0.15094819938573184,0,0,0
9309,0.15094819938573184,1,0,0
3924,0.15094819938573184,0,0,0
6524,0.15094819938573184,1,1,0
10541,0.15094819938573184,1,0,0
800,0.15094819938573184,1,0,0
7879,0.15094819938573184,0,0,0
7911,0.15094819938573184,1,0,0
3335,0.15094819938573184,1,0,0
2097,0.1509287602619024,0,0,0
574,0.15069955835975338,0,0,0
4422,0.15064980789733748,0,0,0
9767,0.15059585775419762,1,0,0
9429,0.1504970188454024,0,0,0
12241,0.15044833366927338,1,0,0
5044,0.1489509058965831,1,0,0
4563,0.14877158325975534,0,0,0
4576,0.14803945013038083,1,1,0
167,0.14777665105994575,1,0,0
12794,0.1473627917323744,1,0,0
6496,0.1473627917323744,0,0,0
6845,0.14721300480656177,1,0,0
1386,0.14709793863975842,0,0,0
1989,0.14708693742317674,0,0,0
2964,0.14708693742317674,1,0,0
1881,0.14673550811059316,1,0,0
10329,0.1467002685839978,0,0,0
7943,0.1466378819564183,1,0,0
5990,0.14611901173769928,1,0,0
4249,0.14584261087802633,0,0,0
10307,0.14557818497866218,1,0,0
6461,0.14509840819738376,1,0,0
11210,0.14501733380493712,0,0,0
9358,0.1449494455433546,1,0,0
6675,0.1449348645398328,1,0,0
11170,0.14472835822640667,1,0,0
6728,0.14453230783131008,1,0,0
391,0.14453230783131008,1,0,0
5918,0.1440634532086738,1,0,0
11432,0.14382229188845594,1,0,0
3439,0.14351624675686303,0,0,0
9432,0.143152331932949,1,0,0
7980,0.14249594488982667,1,0,0
2134,0.14249594488982667,1,0,0
1975,0.14236533853412348,1,0,0
12067,0.14231659877841424,1,0,0
7555,0.14218589774268292,1,0,0
9651,0.14218589774268292,0,0,0
450,0.1408364792088779,0,0,0
10365,0.14027628590966873,1,0,0
7932,0.14027628590966873,1,0,0
11208,0.14027628590966873,1,0,0
6060,0.14027628590966873,1,0,0
7264,0.14008735191573546,0,0,0
8145,0.14002480030486888,1,0,0
4724,0.13998463739158412,1,0,0
9076,0.13998463739158412,1,0,0
4407,0.13968490819355356,0,1,0
5716,0.13909654462060628,1,0,0
2023,0.13897476236098,0,0,0
3500,0.13897476236098,1,0,0
10755,0.13871526519446914,0,0,0
7472,0.13863620474418925,0,1,0
6572,0.13863620474418925,1,0,0
3556,0.13819511883786953,1,0,0
4833,0.13819511883786953,1,0,0
9735,0.13778888661755223,1,0,0
1399,0.13731381102222862,1,0,0
1363,0.13725393148941054,1,0,0
6986,0.13700141532767018,1,1,0
6377,0.1368432100957226,0,0,0
6773,0.1363459607864247,1,0,0
3991,0.1359508819634858,1,0,0
9621,0.13563795772464726,1,0,0
10016,0.1356162191735118,0,0,0
5456,0.1356013261518806,0,0,0
9874,0.1356013261518806,1,0,0
6074,0.13543700511406767,1,0,0
12423,0.13512403877472082,0,0,0
8351,0.13506863432563548,1,0,0
10214,0.13506863432563548,1,0,0
4698,0.13504656717111144,1,0,0
12621,0.13499357986571392,1,0,0
3892,0.1347552490902188,0,0,0
4459,0.1347552490902188,1,0,0
4702,0.13365520589028324,1,0,0
572,0.13365520589028324,0,0,0
6707,0.13365520589028324,1,0,0
8494,0.1335393899839307,1,0,0
2041,0.13320346069931627,0,0,0
6541,0.13262665980774666,1,0,0
9940,0.13262665980774666,0,0,0
511,0.13262665980774666,0,0,0
7306,0.13262665980774666,1,0,0
6065,0.13262665980774666,1,0,0
5368,0.13262665980774666,0,0,0
5532,0.13262665980774666,1,0,0
5491,0.13241504452372577,1,0,0
485,0.1324003476485817,0,0,0
7212,0.13153493547832154,1,0,0
2689,0.1311042914422445,1,0,0
11233,0.1310301859903628,0,0,0
2586,0.1300084208068905,1,0,0
17,0.12985466318059366,0,0,0
12199,0.12972287921535322,1,0,0
4795,0.1294983855487983,1,0,0
1835,0.1294983855487983,1,1,0
4504,0.12948243032836834,0,0,0
9305,0.12933221918932494,1,0,0
11180,0.12917692392465788,0,0,0
4175,0.12805586730134372,0,0,0
1646,0.1277019783092341,0,0,0
5182,0.12752560740568689,1,0,0
9364,0.12735065951752542,1,0,0
3066,0.1272391788929242,1,0,0
578,0.1269493621866221,1,0,0
8775,0.12686459966734492,0,0,0
5247,0.12623148094492306,0,0,0
10215,0.12559370145173263,1,1,0
5350,0.12556559968002384,1,0,0
3870,0.12553678243054692,1,0,0
9806,0.1253488397164611,0,0,0
10823,0.12516650066551177,1,0,0
4483,0.12516650066551177,0,0,0
8927,0.12496898660196436,1,0,0
9089,0.12449450672412277,0,0,0
1110,0.12425117868487738,1,0,0
5405,0.12382418428500098,0,0,0
502,0.12382333826733273,1,0,0
10420,0.12260605455368868,1,0,0
3831,0.12197716071829467,1,0,0
2428,0.12173574685125078,0,0,0
7447,0.12127532261832846,1,0,0
10607,0.12048293394134242,1,0,0
4723,0.1195990947319545,0,0,0
12252,0.11937706189148271,1,0,0
5654,0.1191459645406706,1,0,0
4679,0.11776330379285631,1,1,0
11858,0.11767103591170339,1,0,0
10712,0.11760975830565394,1,0,0
8174,0.11697137279872089,1,0,0
7003,0.11658750178922789,0,0,0
2587,0.11547884774826268,0,0,0
1317,0.11545308415680859,1,0,0
10852,0.11542512949097998,1,0,0
11296,0.11542512949097998,1,0,0
12127,0.1153929648822037,1,0,0
2063,0.11538926909801982,1,0,0
4737,0.11533033057275476,0,0,0
10885,0.1151353661250789,1,0,0
8859,0.11477878647767986,0,0,0
6503,0.1140121863301192,1,1,0
1218,0.11333230800944998,1,0,0
11029,0.11214879149253425,0,0,0
1324,0.11190382150050787,1,0,0
2740,0.11188569997180862,1,0,0
11701,0.11173849209045444,0,0,0
6364,0.11088111353602102,1,0,0
793,0.1107829423697223,1,0,0
5299,0.11037769903206045,1,0,0
4345,0.11026970445921253,1,0,0
8255,0.10968111338614824,1,0,0
2606,0.10929381024999649,0,0,0
2656,0.10929381024999649,1,0,0
7419,0.10852782993249664,1,0,0
8560,0.10789306228295553,1,0,0
3205,0.10760624091261747,1,0,0
4893,0.10685259993084366,1,0,0
5903,0.10649925049485169,0,0,0
12187,0.10636640420826575,1,0,0
7746,0.10585409290060153,1,0,0
629,0.10582381998534797,1,0,0
1221,0.10548605544512644,1,0,0
1481,0.10527424386448868,0,0,0
10562,0.10477575500533796,0,0,0
8397,0.10454275538855762,1,0,0
7495,0.10395293577964894,0,0,0
8065,0.10387326324599076,1,0,0
11807,0.10379585971320719,1,0,0
11593,0.10379585971320719,1,0,0
10178,0.103130713358838,1,0,0
134,0.10301389336067152,0,0,0
6824,0.10301389336067152,1,0,0
8061,0.10293774478990557,0,0,0
11560,0.10293135676621065,1,0,0
12487,0.10288437547823538,1,0,0
2120,0.10273891049483025,1,0,0
11855,0.10259716227671854,1,0,0
457,0.10204086695541596,1,0,0
241,0.10204086695541596,0,0,0
7758,0.10204086695541596,1,0,0
3501,0.10174783227871159,1,0,0
3106,0.1010677854620219,1,0,0
2270,0.10083461231553269,1,0,0
6933,0.09960372136221668,0,0,0
8630,0.09955015016851407,0,0,0
12129,0.09955015016851407,1,0,0
12298,0.09942537189897298,1,0,0
4854,0.09929747327612086,1,0,0
8052,0.09927104612352639,0,0,0
5659,0.09852050134677146,0,0,0
10426,0.09838397495090782,1,0,0
7138,0.09702515084046098,0,0,0
7917,0.0969234085447638,0,0,0
1215,0.09669583991581636,0,0,0
170,0.09578892413024363,1,0,0
6903,0.09578892413024363,1,0,0
1961,0.09578892413024363,1,0,0
7412,0.09578892413024363,1,0,0
5332,0.09578892413024363,1,0,0
9215,0.09578892413024363,1,0,0
522,0.09578892413024363,1,0,0
3157,0.09578892413024363,1,0,0
3752,0.09578892413024363,1,0,0
6128,0.0940734029600493,0,0,0
11540,0.09380494525242648,1,0,0
1716,0.09351924498501307,0,0,0
11300,0.09142372376004118,1,0,0
4303,0.09130327201555755,1,0,0
10655,0.0912872864224805,1,1,0
12569,0.09123160505050756,0,0,0
8157,0.09089297992319971,0,0,0
5581,0.09054661875340343,0,0,0
12212,0.09045318171174621,1,0,0
9512,0.08995888632644715,1,0,0
4943,0.08886443561354435,0,0,0
761,0.08825140561198637,0,0,0
1449,0.08625688620890859,1,0,0
11011,0.08568100840397339,0,0,0
11392,0.08242629012612745,0,0,0
10812,0.08242629012612745,0,0,0
6059,0.08242629012612745,1,0,0
6772,0.08242629012612745,0,0,0
5205,0.0801959822732916,0,0,0
8719,0.08011426797301732,0,0,0
8552,0.08011426797301732,1,0,0
9024,0.07976157829825913,0,0,0
2437,0.07860184112819624,1,0,0
1853,0.07828881350177873,1,1,0
8269,0.07770872868655099,0,0,0
9554,0.07561460049200579,1,0,0
2720,0.07440568103977713,0,0,0
3301,0.07351333911224532,0,0,0
2794,0.07114694859055569,0,0,0
10600,0.07110026333142064,1,0,0
10521,0.07085554010573586,0,0,0
10577,0.07054247826868881,0,0,0
9377,0.06818118417793854,1,0,0
10253,0.06641363444071999,0,0,0
2763,0.06631781659883935,1,0,0
12307,0.06631781659883935,0,0,0
7473,0.0663093012861053,0,0,0
4794,0.0630351181227452,1,0,0
8486,0.06293654861314202,1,0,0
6078,0.06147324181506575,0,0,0
5704,0.04612363171980361,0,0,0
